9.0416540001234	13.02319174594	12.2028494915698	13.6685727411291	16.0805462364326
3.63343397412581	7.1651946371619	8.08603416422801	11.8966304498693	14.1490930288167
6.2281216243523	7.90707590800685	12.2669608455089	15.8334996260344	17.8713952735621
12.3491849797521	15.1114232045423	15.0481952192614	17.1137504489826	18.146963429919
4.86754344434155	9.43405517214529	12.2019185012834	15.4067433842236	18.9150594660343
9.0940388148918	9.98293452782121	11.5903363001711	14.6294968675255	17.6022180749709
4.41364344323227	7.38530236165718	11.5358768908057	13.6557152590558	17.2285491473633
10.3451351860643	11.3408305901846	11.526380013948	13.1199886685584	15.3105336951995
7.53730659356762	9.30032664495508	11.1597749800246	11.8833189095453	12.0404243132793
9.0416540001234	13.0231917459401	14.2089315695105	17.1892849265008	17.3991964857827
6.2460887021835	11.8378693531206	11.4712937340559	12.1436283844741	12.8518792761031
6.68660703226448	13.4002762702556	16.3417607987279	16.4277590330355	17.2469281133353
4.86754344434155	8.04305238995892	10.6206269033468	14.4705993783791	15.6549016010376
4.86754344434155	7.88363759982474	10.1681820718546	11.7870822110197	13.7786582476218
3.82858188842869	7.1651946371619	11.7131725985773	15.094067758424	12.5608931083449
4.08925456513344	8.31547585332095	10.6194328299412	11.4850492795676	12.0793282980201
4.30446959248758	8.79660128473483	11.7918716943428	14.6286469927981	17.0783912028812
6.22812165943208	9.64072419079741	12.4163424166838	14.0763735929862	12.6222445934149
7.31716075820117	12.4020267707704	14.307804635196	15.2971993108387	14.1244145096398
4.07481147582473	8.15814113433839	12.2238609782879	16.4160465319682	19.5947211178632
3.77813517453075	8.38424513868085	10.0190492877883	11.7612790708143	13.530075142456
4.52264930842534	9.79517121361914	9.13161041542867	8.90538874768419	10.9036083058477
4.08925456513367	8.05976686880922	11.1634246839108	12.6585820479817	15.7057253114918
3.26659418791002	5.01775408705043	8.26662687060605	12.3536725469443	14.4907779426745
4.08925456513361	8.04305238995909	11.4509300000312	12.4665018803419	14.1676502696205
6.06762429287505	11.5298947091878	16.273598096822	19.4234489176806	17.3442924500096
4.81354201356322	10.4559336377987	12.2134740686289	13.1284422677777	13.7272538523658
4.81354201778913	7.65033134882617	10.94462400879	13.8595895045407	15.9099922519172
4.49940548009602	7.46680827121475	11.3090732563476	14.0844703581596	16.0681148983747
5.25979861097272	9.70464178985316	14.9421708971028	16.896820460311	17.9369748237146
3.9854630512786	8.61456374581206	11.3248392760648	14.5727206624136	15.6011159370089
8.02863875032403	11.6198281048053	14.4226053305009	16.5097756919823	17.2781349476701
7.53730659356762	10.1650456357174	10.4416163284335	11.0372329280987	10.3626783826875
3.56199160097771	5.6234615939693	9.87666905606642	13.6920829564829	15.2771092722181
4.08925456512964	8.47568530422251	10.9564485160387	13.0952591203886	15.9987620076562
5.55666777382987	7.94340747666445	11.6733291932758	13.2521802887388	14.6232185122033
4.10127484408116	9.96259451742793	13.9000164844493	15.8744708048014	17.9564643752706
4.07481147582453	6.83801378670387	9.54463418897569	11.075205011315	12.4190515655151
4.81354179739384	8.32153045434973	12.5973846029239	15.4743465306723	18.5598406148114
4.86754344434155	11.067488380253	15.7250307751468	17.7622345169343	18.8451189862024
9.97010951409658	11.7949519912253	10.5634735794595	10.5394643479596	10.5051634356116
5.65923533924433	8.5008534682139	10.2790766602077	11.722436974415	12.3249738985212
4.35979645821675	8.24460395417572	11.6681210075882	13.333663316648	14.9252866021482
2.92984590383833	4.89639472125162	6.68733458863352	10.0417447817113	10.9683460771705
8.02863843173134	12.27893123159	15.8139282671228	17.7503022399827	18.6828019766568
4.52264930842534	5.91527841535986	9.26415598797064	13.2932354134228	19.0388228229141
4.97407992303044	11.1777572234468	14.9141004535007	17.8780392823597	20.7995509701271
4.97407992303221	9.77836684734865	11.495998159606	12.305643322407	13.5849883412558
4.97407992302976	10.9068487640566	16.6238460151534	18.3942023033781	19.8879693570228
4.52264930842534	9.08759499891102	13.9958353339589	17.3847509251153	19.3939045771989
4.41364344323171	11.3355016738872	10.9080827825494	11.4363150356454	10.9784685253137
4.81354197564974	7.88363759982474	11.2260573304293	11.6692709115101	13.5741905317977
4.35979645820964	7.41444061674326	10.0423346660721	11.5247076723787	12.6056438946136
8.35865935678453	10.8301463376765	13.6303117759733	13.7631159730493	16.0573364300382
4.81354186772683	8.89024361517636	10.5634735794595	15.3773888228906	17.7928734641149
3.8285818884284	7.41444061674326	11.7918716943377	14.6286469927973	17.0783912028811
7.95866514797677	10.5041313842599	13.2174076415457	14.0815994222824	14.3072964203429
5.65923533924433	10.8107676864786	14.0750309630853	16.0277821024898	18.0994958454503
6.2460887021835	8.59017135387313	13.3816225397429	16.3272268746572	18.8069624117065
4.86754344434155	7.08100111750235	10.2535930599715	13.3909908411005	14.2630327287665
5.06531436941231	8.64026336730456	12.2011375172481	13.4286106078131	16.7322798174885
4.35979645820953	8.24460395417572	11.6681210075839	12.9468283887181	12.6044626645811
4.41364344323159	11.444861175224	14.1510155786223	18.0913849350007	20.6773666401687
4.81354203206689	8.5185817042555	11.9966446125288	13.4457610667648	14.3993839094549
4.52264930842534	9.66717085177305	14.9571956856589	17.922010234603	17.4747411586065
4.8135418973626	8.06649490657259	10.5736945743822	12.3636603097623	15.167613818063
3.86052588928061	9.70464178985321	11.6188544786902	11.4339602535922	11.7110227866375
8.35865935678407	15.1149204001587	12.2357963738332	10.5432924106049	9.63705401618512
3.86052588928064	7.66555531465343	10.5172526833319	14.6286421419779	19.0078994531808
8.71703179612831	15.5388963993582	17.3021977789866	17.6036213487158	17.7393660766114
5.25979861097272	11.9675045945361	15.2725706813276	16.309347485828	17.1821084424759
4.86754344434155	7.08100111750235	9.51323954022735	11.2562785239667	12.546328914894
11.4767165057379	17.4810374698212	18.6739833096235	17.159924694686	17.1085009896022
4.08925456513339	6.81316278311243	9.1049753054748	13.2687887761385	15.02534105938
4.35979645820953	9.56296257801193	10.4283274854212	11.2608163919128	11.9553403001305
4.3597964582097	9.70464178985316	9.32846403871247	9.92034679303464	10.5347359801895
4.10531276488504	6.81316278311243	11.1923993453362	11.8723814319964	13.8041336584855
6.06762429287505	10.2475449257294	12.0232937008959	13.9020871670375	15.1051495202302
4.86754344434155	9.2326924207519	14.1589518492499	18.1518114870055	17.4156387491203
4.86754344434155	7.07831539811411	9.22221733403495	12.1880655311237	14.0788770503711
4.86754344434155	11.067488380253	13.8262767732663	14.797400586253	14.8452484985181
8.71703179612831	10.8172573692332	13.1674337401404	16.041605045892	16.9550068493583
4.30446959248758	8.05976686880922	12.4713543718766	13.7182030780007	15.5068240476103
7.31716075820117	12.4020267707704	15.2370613387324	18.044426186221	19.1256947095505
4.07481147583309	7.5925596171158	11.4061925129488	19.9138560565664	21.7852269703552
12.4608711022279	15.6313809611457	11.6987630190682	14.0028248210243	16.1806755793543
6.2460887021835	10.1753583684211	14.6479123803095	17.608103425221	18.6452434955896
6.84425287419191	13.44833492756	15.3660587365598	17.3669336799767	19.9146461999154
4.07481147582544	7.38125086962856	10.5561054937244	12.5134971457371	14.0625518442741
7.45310330066729	9.89564400341357	12.83590116447	14.8969482805403	16.5748933128327
6.15546375674143	8.15814113433839	10.832461658589	14.5528945846723	14.0440008991676
3.20404346061622	6.2461164288739	9.51873239356297	12.5314258466205	13.6134908451475
6.22812166255176	12.2438424119389	15.5978764719517	17.6009957133566	18.5507602984233
3.75471255909446	9.70464178985321	11.6188544786901	11.4339602535933	12.0725185550728
3.86052588928064	6.61529304969747	10.8324616587065	14.1547584824484	17.1843571358741
7.50462133983217	10.8172573692332	13.158587255009	14.3115896249144	17.8923688726686
4.35979645820959	6.98193597966787	8.60773461870269	12.2473094180386	14.4892048101625
6.22812164222648	9.59983136470373	12.3583508347672	16.6321557999479	15.3914591613708
4.86754344434155	10.4559336377987	12.2592574469061	14.1016640380831	12.8445408395577
4.81354187403093	7.53181665167421	11.1935225458838	12.1175597851348	14.2795151432404
4.35979645820959	7.65033134882651	10.091346374781	11.389904317921	14.1379841222434
3.8285818884284	7.16519463716196	8.60773461870286	12.569391600698	14.2159579914166
3.53017056093091	7.39226130329871	11.7736663816448	12.4484609211974	12.2120731281992
9.09403881489186	12.8311278113671	15.099976461981	16.0273398948005	16.0376003689722
4.10531276488504	10.639103365472	14.7511738126236	15.0474544600154	16.5730826071604
8.02863875644624	10.4552843657688	11.2177007719322	12.7213552877836	13.6220094059349
4.08925456512679	6.81316278311249	8.69205396785708	10.6322289888376	11.4337421649739
9.46454584496826	15.9903642207409	21.2403745198502	25.4124817500626	28.1013547789394
3.48888466281733	5.69360961205768	7.90365142615332	9.53455497575629	12.7711200000793
4.81354163619551	7.97594831244908	11.1935225458842	15.0855462678998	15.7304886375122
3.20404346061625	5.67177795084496	8.68430794966622	9.86330078806958	10.5490967232106
7.50462068141201	8.43244798951673	9.82365854803447	11.8973581784533	14.9985245454448
6.7163114425598	10.4765161788895	13.1377705834609	17.9867284913485	22.4983959378488
4.35979645820959	7.53301533800322	9.11528145807051	10.0040319463352	10.3805779125549
4.86754344434155	9.43405517214529	12.0656974824506	15.7110677264657	18.6821048526864
4.86754344434155	8.32153045434973	10.7730962674814	13.3325743769769	15.5947132905748
4.52264930842534	8.14896468757377	8.94049744635828	9.67219590083783	9.82826544160389
10.7441500874025	17.76749197337	22.5336974972087	23.6901140611567	21.6110898336522
4.10127484408116	8.27025607370632	10.7392610976618	13.4001136987251	15.2867921603357
4.3597964582097	8.24460395417566	14.507027708499	17.0656594178714	17.3676891442045
4.41364344323256	11.444861175224	15.7131464930827	20.5079264788955	22.2015727817189
4.97407992303221	9.05544975562418	13.2594625518192	12.762453516971	14.8033170607598
7.45310330066729	14.2194569763557	16.176901397588	17.1914292411411	15.8846507806646
3.7547125590944	6.58589991065367	8.6061977196336	10.2296955987338	11.032350029792
6.08618037875345	11.1777572234468	14.7210957573844	16.428111310759	18.27151180724
4.35979645820959	10.639103365472	12.4240268233729	13.5797616468206	14.6124447582246
3.20404346061622	5.66151105383875	7.75012071738877	9.34610740915389	10.2161637637183
4.35979645820964	8.04305238995903	11.4509300000312	13.1540784577906	14.4239217401392
4.81354156457576	8.5185817042555	9.19439479908101	10.3892551798264	11.2456174711384
7.95866514797677	12.5245266242069	15.4297083399331	16.7146483405836	18.6934682825221
6.2460887021835	8.78064220132217	10.430221400355	12.1829655179017	12.9369205810621
3.77813517454121	8.23237997431607	11.6020490928619	13.2983910743127	13.987044841428
7.99958399222623	9.11139134739039	13.1617587126668	15.3948397969568	15.4222777205189
6.7163114425598	11.412690951871	12.2918449828428	12.1958356827846	12.7940562616724
4.3597964582097	7.41444061674326	10.0423346660721	10.6618432186506	11.0678116167592
4.30446959248758	7.58703618851268	10.9347343911044	12.7620613361299	12.809371828881
6.68660703226448	10.7854070691224	11.7268907553015	12.07848100681	10.4018106695573
4.81354208218005	8.51858170425544	13.3816225397429	18.0418819962838	20.3971034613346
5.25979861097272	8.66595619949283	11.8367223173254	14.4349956735692	14.9066371703474
7.50462187584657	12.7053122548734	13.8049937862898	16.276722056494	17.6176785520963
13.0063865482971	19.2219265269442	20.7159727781828	19.4039495159818	18.0467554931263
6.22812165618097	7.79117998935271	9.51873239356303	13.7151027940967	14.9763830995099
6.06762429287505	8.41849081017511	10.9245827431193	14.2475823650293	15.9527482298406
3.86052588928058	7.24404984777505	12.3959647010191	20.6706999303	26.4127274417838
9.97010951409652	12.4678773710622	13.7253012444082	16.4662956615925	18.1057949104664
8.02863862485839	9.68056659571334	9.94948962818597	10.8688941352668	12.1252738377879
4.97407992303221	9.05504077499438	11.8226115885152	14.3113567455356	16.2389027364085
4.81354165860301	11.1777572234468	14.4533172981801	16.874032700614	17.368788372212
4.10127484408116	6.70173033439107	8.60773461870286	10.2145047734861	11.5889361385588
4.3597964582097	8.05976686880916	11.4495317436285	12.0567728301421	14.9495002670215
4.81354165695683	8.06649490657259	10.9092766153781	13.7469179179884	14.56084051388
3.86052588928058	6.61529304969821	9.99086709310978	14.0738935262348	16.3878241371017
8.35865935678441	10.8301463376761	10.7916792689475	13.1101312181338	14.8516042823499
4.81354185076765	8.5185817042555	13.5882945598535	16.3272268746515	18.8069624117063
10.3451351860643	13.9681997909466	15.5383784811799	15.8647457438377	17.9033452966261
3.9854630512786	6.54972688663713	10.1407239248804	12.3242197962155	14.2549213378835
4.86754344434155	12.5245266242069	15.9835911700369	18.6623812728403	21.6326611795615
8.35865935678453	10.8301463376761	12.4625227226309	15.0295407566886	15.6278226301245
5.55666777382987	8.78404653936514	11.916338819654	16.0634339354567	19.4840705766261
3.63343397412567	7.4913849503522	13.2888263142664	16.2075299484609	18.4390620840136
4.49940548009602	10.7320985266152	12.7371056659052	12.3878982896	12.2262968040442
4.86754344434155	11.1777572234468	17.6684906632617	24.1627108358068	27.7342187746466
4.97407992303039	10.3598500340779	11.7462261554144	11.5030909368691	11.7559357916221
6.2460887021835	9.22203790355081	12.3121442257289	14.1213166340611	15.4943194204113
10.3451351860643	13.2713382811443	13.6292635036338	16.6588788576249	18.2093269641849
4.52264930842534	9.37460839471237	10.7919056921983	11.7933736543791	12.4161155208248
6.22812163437624	12.2438424119389	15.5978764719756	16.2635546680276	15.9577993290694
4.81354200522969	6.37206932565908	8.52561892494765	10.3903735609678	11.6194599052569
7.999583992211	14.6433392909201	18.3373389529082	19.3607523937191	16.8396675753877
4.52264930842534	8.18330853485003	11.3410439316487	13.0089650572774	13.5654918902977
5.06531436941231	9.04686593283856	11.0748573792574	13.6961972662319	14.6197291384672
8.35865935678424	12.3019967463336	14.8563485704334	18.5402024354825	22.9839497744071
4.86754344434155	8.01264566749205	10.4366458865172	11.1017974287946	11.617029671134
10.3451351860643	12.2059196537728	13.0395625046337	13.5478216557615	14.4549862723387
13.0063865469918	13.0310884539794	12.6348936853822	12.0567728301443	13.569434241025
3.36441116053732	6.33247811697851	7.47649321688624	9.23677172086298	9.23260950143333
6.06762429287505	8.41849081017511	11.5648683435596	14.1547584824483	16.177616191171
9.0940388148918	13.8065959344509	12.2530160743306	12.2475318498983	9.95006766793159
6.06762429287505	8.41849081017511	11.6131246633955	15.0610692840941	20.4023512009167
3.82858188842889	5.97474576691133	9.70597721213812	11.8596371900337	12.1937582030023
4.8135416064718	8.0641025293246	10.049290589277	15.2864055389142	16.5614553772098
4.08925456512634	9.56226938605198	12.3310177302047	14.7480016450031	16.647756808993
4.0892545651339	10.639103365472	12.4240268233729	12.1594865653801	12.2683166430472
3.86052588928064	8.12945094446445	12.3834658976455	14.4664932957559	15.2863626463298
4.81354181769882	7.53462209633511	11.1935225458844	12.9640928057412	15.0784679328982
5.60492119441193	6.31189069481201	7.10694906773591	8.91034653124302	9.54243009360948
5.60492119441193	10.058869076296	12.6143792019873	13.5164270915182	13.154614275444
4.35979645820964	8.24460395417572	14.507027708499	16.7114794919269	18.6702780394239
4.10531276488507	9.56226938605198	13.232875009924	14.8437297172927	14.0568691985476
5.65923533924433	10.3258313507678	12.7676043798317	16.1566148328701	19.6001225331155
4.0892545651339	6.81316278311249	8.23330469541929	12.7728829095361	15.0682905495206
4.08925456513276	10.639103365472	14.7511738126236	17.3411396774053	19.9950446858822
3.77813517455155	8.23237997431607	10.8522643737688	13.0045185178689	13.9334244014761
4.08925456513259	8.0641025293246	10.9081184057616	12.9483588163741	14.6241639213087
4.08925456513396	8.47568530422251	14.3455729607785	20.3124494071003	22.6644694791469
4.41364344323176	10.7881930612288	13.3467491767615	15.6304170449893	18.5721065880905
4.86754344434155	8.63603170086583	10.7134439710252	12.5026284225292	13.9771130215472
5.60492119441193	10.8449596267023	15.2615879128558	17.1973592900709	19.3331554932627
4.97407992303039	8.93197012983205	12.3583508347672	14.2454387146036	16.232427201852
3.48888466281733	5.95715427265037	8.1463983240177	12.1787568457336	14.5988203806497
7.50462363162927	10.8172573692332	13.1585872550091	14.9935793696922	14.9596308766335
3.86052588928064	9.04686593283844	10.9674591296865	14.946677952769	14.7234730317822
4.81354154178359	5.99581148865656	9.1454363334534	11.8605194689371	15.4274992936972
6.68660703226448	9.79367297811439	12.0944772304282	15.0851330164791	18.3418315862809
3.82858188842843	7.88363759982479	10.1681820718546	11.2747086082236	12.5942562906441
4.97407992303107	10.9068487640566	12.372921071041	11.7654938324434	12.7172545867143
4.81354199744004	8.32153045434973	10.8383329424626	12.6470557463489	13.3835818335443
4.08925456513424	7.19565155285972	11.006324726082	13.2051564157612	14.74476613828
4.52264930842534	9.66717085177305	13.3928280979394	14.4702305949505	15.4086521163497
3.82858188842846	5.57185816698006	7.61216338625388	9.1190648711451	9.91413917604638
6.68660703226448	8.28289281486667	10.9347343911044	15.0474544600156	18.7017454052429
11.1493421094453	16.3672850629187	17.4671640406071	20.6104747398224	22.8183373420934
3.86052588928061	7.65033134882617	11.3226129015703	13.422637484399	14.1971269968764
9.87502892658648	16.3973352525946	20.0239589487564	22.5048904540527	24.4063158222463
3.26659418791007	7.62539662745007	9.7097534056287	13.7295144066865	17.8087166191115
5.06531436941231	8.79660128473495	11.2516643225713	13.4286106078131	15.6927963980722
4.86754344434155	8.12489704703859	10.7480633680534	12.9183292735102	13.8653785717
3.77813517454041	7.62539662745007	10.8233052525464	12.8834692009342	13.539914778635
7.99958399220753	12.0915498744416	14.720552192807	15.8381121499058	17.779337690582
7.50462025446996	8.41849081017511	12.1359335767994	17.3706533634955	19.2908525486817
3.82858188842843	7.65033134882623	11.6709351118731	14.946677952769	17.1226032026317
4.08925456513037	10.7320985266152	16.003529652568	20.9487387509553	22.3431657062555
6.06762429287505	11.444861175224	16.265241253406	19.5942778200496	19.1354692145437
6.22812148436316	11.9018124505836	16.6627346762022	17.6960418414154	16.5599910756854
5.06531436941231	7.17584010114558	9.45051891438942	11.5109111426401	12.5945766398049
9.0940388148918	15.2406269791018	15.4321829504823	17.035006928396	18.0988972010971
4.41364344323301	8.93372368825584	11.3762654076006	14.0800517549891	15.3977804834159
7.99958399222999	11.6419869847423	16.1585849210725	16.9913219545787	16.2819448174799
7.99958399220958	8.7680974204049	10.3426751592593	11.6424895103883	12.2118265929097
3.82858188842843	9.79367297811439	13.7970192464599	17.8677464329401	19.4218846122077
9.97010951409658	12.4678773710622	12.2669608455096	15.8334996260344	17.8713952735622
5.06531436941231	10.9396786351463	13.5581175598521	16.4000694877714	18.424841415346
6.22812163602418	9.64072419079741	11.565274644332	11.997165269147	13.2903486367807
4.41364344323244	9.68198651856557	15.8495624307825	17.1422769379241	18.0107757423513
4.35979645820964	7.51800656049056	10.6347796360714	14.4217487965191	19.5567418800757
9.97010951409658	12.4678773710622	13.9721578739951	15.8959134306988	16.8932526453002
3.63343397412572	7.9759483124497	10.5085839442961	12.2156599014873	14.6134740733065
4.08925456513361	6.81316278311243	9.13272995781728	12.5302831874328	13.4827290711382
3.75471255909434	8.67510878503174	12.257914074951	17.3138991442141	21.7019394560764
4.81354202866521	8.78064220132211	12.3979152653479	15.2765039804043	15.5193799620056
3.86052588928064	8.0641025293246	9.68949961319657	10.685475771286	11.6331198890861
4.35979645820959	7.90707590800685	11.2812566248244	14.0738935262347	15.6084686836048
4.81354187828492	8.22319929457109	12.2507306210866	14.0319611514747	13.9430967312602
4.52264930842534	11.2486241041839	17.7617492228815	23.3561032368049	24.5400797739279
3.75471255909451	9.70464178985321	12.4878808126442	14.0263119280407	16.0274818797609
10.6325156491038	14.1099596863178	14.3493166619951	16.0181989511916	14.2829279825504
4.10531276488507	8.22319929457109	10.6044648727349	12.3049629137398	14.0906722106357
3.7547125590944	6.98929159334324	9.61138726366107	11.4630289094807	12.9144428807607
5.65923533924433	11.1046852028726	15.6842573120477	19.0339932143074	22.5210155144141
4.52264930842534	6.6372868440302	10.9347343911044	12.83659831757	16.0384438943437
4.35979645820959	8.31547585332095	9.47317880731225	12.6833338378336	15.471227170313
4.08925456513396	11.3078323755746	14.7511738126234	14.5656905503969	15.5251786403512
9.97010951409658	11.7949519912253	14.9796213743182	19.1495293876842	21.3648128712609
3.86052588928061	5.92697715306815	10.0492905892771	14.5145661149006	16.162213162278
3.8285818884284	7.65033134882617	10.2460746918836	15.2770343022178	16.6350935197765
4.52264930842534	7.97594831244965	9.62506387492982	11.1085804837116	12.7845389705433
4.52264930842534	8.61456374581206	10.7654991037664	12.5428952943533	13.4055888717293
3.82858188842837	6.30396988376333	8.11679578992255	9.92977302407246	11.2320465810072
4.35979645821681	9.79367297811444	12.4722059000916	14.6805909089989	16.2485427064813
6.7163114425598	13.0727538681836	15.8659588051587	17.8388135092055	15.8277780512195
4.81354147901834	9.66717085177305	12.420657779323	14.2796153244249	15.2498988663481
6.68660703226448	10.0401257453717	12.7195950215466	14.6479456204256	16.4811858209777
7.31716075820117	8.9951875070339	10.7022776350233	12.5314258466204	14.9669148238434
4.08925456512958	9.01838704183052	13.299308870457	15.4425145270789	16.4390974287651
4.81354136885778	8.10730527298045	12.9992912707621	15.793982926571	18.7891615927421
9.04165400012329	16.6666611565896	16.5943040761667	16.3096698663929	16.3644735702934
3.77813517452398	6.49477660322566	10.2169675722536	14.8360441457215	15.1147394539834
5.60492119441193	10.639103365472	12.4240268233729	15.2719444368983	18.8389519777467
6.2460887021835	11.8378693531206	14.610684969255	15.5857669659453	16.5378701052921
4.08925456513384	10.639103365472	13.0184739213862	15.2763320871637	16.877711358448
4.49940548009602	7.25732376128275	10.2169675722536	14.6771964352013	20.653343565833
7.99958399219889	11.9142779400727	18.8875419436665	21.0450843760387	23.2976177402519
6.68660703226448	9.0875949989109	11.6141142454495	14.1509994867753	17.3907634222549
4.81354161461445	6.71377678593257	8.34543270847524	12.3949963841163	13.5790529766742
6.68660703226448	13.140333259433	16.7914123077413	18.9176295497239	20.0217549205405
7.31716075820117	12.4020267707704	14.307804635196	14.392663102043	13.9346266930513
7.95866514797677	11.5430145851326	12.6934516669413	13.6501949485578	13.7819726926867
3.63343397412567	6.83742543834438	10.6588518083585	15.0351134735819	15.6079313288948
3.77813517455309	7.41444061674326	10.8233052525464	13.110131218131	16.9887443369192
4.81354179739384	11.1777572234468	13.9027647905836	15.6681694831805	17.4357160049352
6.15546375674143	12.3530720865847	16.9664369194211	20.004267610796	23.2238381271136
4.52264930842534	10.4559336377987	14.9384014161311	18.1750590061735	19.8320841653527
4.49940548009602	7.15816748707789	10.3130301022536	12.010246552298	13.7524818082005
4.35979645820947	8.24460395417572	13.0054619301068	14.7808267159599	16.4985965233697
6.06762429287505	12.6129192764174	14.5214652833125	16.5018422363941	17.5391141888418
4.81354209140915	6.38252297837022	10.2477444349795	14.6334724957309	19.9099923146542
7.45310330066729	14.1055324369197	16.2795620101405	18.378264411385	20.5797509940908
4.0748114758488	7.38125086962856	10.1876995758257	11.8676097162165	13.6384803442301
4.10531276488507	6.58389725050677	9.76344601586379	11.7652739143635	13.19499835085
3.36441116053794	7.66555531465343	10.5172526833319	13.4085704212605	14.8132162049722
9.97010951409663	14.4843612004804	15.6266381479705	16.761668505829	17.9405762443187
6.2460887021835	7.74480438232484	9.52698767503216	9.97668409888632	12.4965419583572
4.35979645820964	11.6528015198835	12.9253171789467	14.8725779024157	16.4420663033349
9.97010951409646	13.3688198480655	14.0467860917786	15.9713841845278	16.9691288483664
4.86754344434155	6.32594975815533	9.90263103144014	10.6844488585782	11.7400623228832
4.08925456513703	10.639103365472	15.6469446734638	17.9267851473665	18.4132699428408
7.50462375940765	10.8172573692332	13.7672183512322	15.2380814919583	17.2715357911343
10.3451351860643	14.8557993881792	16.6723632226747	17.7503022399827	19.1845864795442
4.81354156269754	8.5185817042555	11.2959772369828	10.8648408088054	11.7287179245996
4.07481147587251	7.20603495054621	11.0208593398769	13.7995129832423	16.7516254396736
9.0416540001234	14.6844118313958	17.5148834500483	22.2556239585203	24.7059035544046
8.71703179612837	14.5484312421161	17.5318072432809	19.5923818101813	19.6195367957795
4.07481147582411	7.74480438232484	8.53067326129167	9.12963446162127	10.0055225733761
3.77813517451716	7.41444061674326	8.62535079631579	10.944412362361	12.8546282274052
4.35979645820964	9.85812648768842	11.6733291932756	13.2521802887388	14.7920301773877
4.81354196225283	6.7081500896611	8.74122290622734	10.5564219710255	11.5342151671902
7.31716075820117	15.1114232045425	18.1588936252547	21.5864333417682	24.9170321375586
12.1541648601115	13.5141494405985	14.3875519277675	15.1064539710792	16.7738139753747
3.75471255909429	7.65033134882617	10.9347343911044	12.6498676429039	14.3807564698682
4.86754344434155	7.19242519370653	9.87667747796127	12.7187582521384	16.0345272187499
8.35865935678459	12.164743407856	14.841074489786	15.9816190830243	17.013770703208
6.84425287419191	11.7234265976665	13.5585462845746	14.5122002018336	14.5939127611318
5.06531436941231	8.64026336730456	10.2510717163573	12.0660039448988	13.9092984654859
4.30446959248758	11.3355016738872	16.1559768554511	21.8576390865117	25.0882749271678
2.38958224623633	6.48321584517674	10.6913879885635	13.3078027702593	12.6716930583096
4.35979645821664	11.3355016738872	14.1646515831561	17.3904876651542	19.0436231424067
4.81354206105169	8.67510878503174	11.6131246633953	16.063028344911	22.799027125117
4.86754344434155	7.10804429653007	12.4446268687466	17.1780244515884	21.1305307880486
4.52264930842534	10.4559336377987	11.2643660470118	9.48342464170815	10.0238867190528
4.41364344323171	8.18330853485003	10.9080827825495	15.1416947994231	15.260105021967
5.06531436941231	10.493007040185	14.4217624323089	17.3386122107129	19.4095831661723
4.97407992303152	11.2560549063375	13.9721578739951	15.7834665774829	17.4747411586065
4.35979645820953	9.01838704183052	13.2864896089993	15.3181277066552	17.3367747986965
3.63343397412564	6.11298718822991	9.40058479353604	12.1333670823355	15.6727118675996
4.81354209607878	7.38530236165695	7.95908051436442	8.84723471829454	11.9574437135185
3.60473679561659	9.1397409237635	11.3682057815258	13.9996176126727	17.2382778233986
6.68660703226448	8.28289281486667	12.95675186549	13.8609559119394	12.218873058789
7.99958399222379	13.4842658456158	17.3998123089288	19.4177953551364	21.5161292341021
5.60492119441193	8.06164504002157	13.1382359140401	15.0534702638354	15.082020709688
3.8285818884284	10.3258313507715	14.6298605367324	22.4599308103226	24.2757287593154
3.77813517454803	8.23237997431613	11.6020490928619	14.7966983305944	15.807442191922
3.82858188842891	7.19242519370653	10.173871527218	11.874345408013	13.5849883412558
7.99958399220975	15.2034833932763	18.2209636369849	17.0158529685668	16.5947552253484
4.81354205381888	10.3598500340779	11.7462261554145	12.8950426993898	14.4273964127831
5.65923533924433	7.9096700336687	9.53485118225552	10.3851148103611	11.1449037807951
4.08925456513356	7.82655014376866	9.51873239356297	13.7151027940967	14.9763830995105
3.53017056093091	5.08453789640771	7.37957900023815	8.54318075363869	9.77536013896849
9.97010951409663	18.0269307042929	24.5263978062566	26.9877740231208	28.2322853004805
6.22812149298289	10.5879636707236	13.9653931236605	15.1659914731054	16.1798499783253
4.97407992303226	8.55063116864284	11.5524969127358	14.1546190793938	15.3331189571282
6.08618037875345	12.8985877589465	15.9819978782656	18.2666456751508	20.8956796011031
7.99958399221219	10.5216311631779	12.7854758086098	13.6855575783816	10.8085774478724
3.77813517449846	7.41444061674326	10.8233052525464	12.6229908730701	12.8724003936101
3.40684201412304	7.05478254096755	8.57188765288936	10.1349501898141	11.446705813958
5.06531436941231	11.1777572234467	12.8992628419344	12.6561536986312	11.4089186121345
4.07481147585989	6.70173033439102	8.84588761484218	10.1060647876412	11.6124684292713
9.04165400012334	14.2563865670714	15.2587771003375	17.0340992987134	15.7069988195883
5.25979861097272	11.9675045945361	15.0273164044142	16.8616353624121	18.4401872168153
5.06531436941231	10.9396786351463	16.2757529294347	18.2523275924179	19.2754446685124
4.35979645820959	9.56226938605198	9.01412458429371	8.67759581559619	10.8437678567423
4.3597964582097	9.70464178985327	15.5532983914264	17.4918482701892	18.495824121695
6.2281215558375	11.0448577577499	16.3485376215426	20.6904074690941	21.9975935072742
4.08925456513401	7.19242519370653	10.173871527218	11.874345408013	13.5849883412559
4.813541906946	10.639103365472	13.3448367971638	13.8882403969611	15.2155680496672
3.90676822122975	10.3258313507719	12.5874097622766	15.5979021144393	16.9768079898865
9.0416540001234	11.9333233717024	12.8463044302682	11.9849987773072	11.7462083599581
4.0892545651339	7.19565155285989	10.8141210440924	11.0836548853605	11.9369461522125
3.72522102536396	6.1953108664041	8.29805606738114	13.1540784577907	13.0784498936513
5.25979861097272	9.7046417898531	13.1674337401404	15.5303069299414	16.8038858499991
9.97010951409658	11.7949519912253	10.5634735794595	11.5552420359689	12.506771393332
6.2460887021835	7.77500421977049	12.4713543718766	15.0791955815563	18.5078327272166
8.71703179612831	13.8997427923593	19.6463629129221	25.5015813031467	30.390023387265
4.35979645820959	6.98193597966758	9.52698767503222	11.9226899667325	14.412108071098
9.09403881489175	15.2406269791018	16.4571793390121	18.1316396503515	17.7231393866568
13.0063865347122	17.057174035297	22.8950914139597	25.7803718668872	26.9873578078865
4.97407992303152	8.55063116864284	11.5524969127358	13.8074220766854	15.6951639950369
4.81354174869313	6.81316278311249	8.06650842578728	8.85770696120761	8.06890971893608
4.81354209097145	11.1777572234468	14.914100453528	17.6767729003828	19.6697383024777
8.02863868687001	13.7498718482995	14.8130691559933	17.1310898695734	19.2997845578816
3.86052588928058	6.19531086640376	8.26407050876497	10.0887316411094	9.69525717418378
3.63343397412561	5.7823109550618	9.13864351888657	11.209268920268	13.3629607588151
4.08925456513361	8.05976686880922	13.0607076379738	15.4568037011442	18.0458593535793
4.10531276488504	8.1248970470387	10.7811164741447	14.6572638094742	16.8524426689074
7.31716075820117	12.4020267707704	14.307804635196	14.392663102043	13.4181350931055
4.81354167261554	6.04913737240929	7.98505166851726	9.74967013185136	11.4573220288139
7.50462384990124	14.2104726905482	20.1291542007364	23.0972425563801	24.7713510070643
4.81354207681528	10.4559336377987	13.1103714121969	15.2758914571443	14.8792896023017
6.22812162833492	9.45360656477158	12.7883894630523	15.075052941127	17.7868627427446
7.99958399221924	13.4135627558249	18.0742706743301	22.7983308065174	25.4789959402534
6.22812166262781	7.03500474367843	8.64791635384734	10.2359473578913	11.5386426773347
4.35979645821669	6.76736231337122	9.88448411494198	12.7563904499616	14.9688384993303
7.53730659356762	11.5722325059186	14.9535336431578	18.8352687425185	21.4073878772314
4.02211967264964	7.99051180597945	10.0940049249106	10.5856160870173	9.46995488579239
4.81354197128053	8.12489704703859	10.8233052525464	16.1154131954195	17.6508852371305
9.0940388148918	15.2406269791017	18.1941254375359	20.3131562413648	18.0593025011507
5.06531436941231	10.1619443220765	14.4814735532	15.4244770333483	14.3797882141793
6.2281213708473	10.7320985266152	16.0035296525679	19.7359359806642	21.2878247944867
4.10531276488507	10.9391137099882	14.3516164496653	16.8477462637649	18.836403244406
7.27571544255886	11.444861175224	13.2751496156604	14.1366749125146	14.7150728932352
6.68660703226448	8.09630829061405	10.4738304703456	12.7550201505704	14.5709910745774
4.08925456513361	6.81316278311249	9.10497530547366	9.97060001706734	12.0432292233157
4.81354170559865	8.99518750703396	12.1937773730123	15.6359232379793	19.9998989976255
3.77813517453421	7.41444061674326	10.0423346660721	11.6324533496085	13.1140537208749
4.52264930842534	7.97594831244965	10.5085839442962	12.3587802205082	13.9328209563919
4.02211967264964	7.55607662432169	10.4693925415505	11.6918799839405	11.9734430138297
4.10531276488504	6.15373533678076	7.95908051436447	8.62244238099782	8.24457378976041
4.86754344434155	8.63603170086583	11.2026361951979	13.9644223147001	14.9363949871513
4.3597964582097	6.98193597966758	10.9808194548067	13.0842562136604	14.5820381717119
4.41364344323154	7.38530236165678	12.3959647010191	13.7364833770052	12.9615279420613
4.35979645820959	8.24460395417572	14.2269176335417	15.1767543154327	16.1233857616234
4.07481147582789	7.1651946371619	10.5561054937236	14.4705993783792	15.6549015721183
3.82858188842843	7.01699722396864	10.1091518755588	15.1313240430296	17.2250585941027
4.52264930842534	9.37460839471237	11.9315361814682	14.3612030679023	15.4805967381209
4.10127484408116	6.58024677115196	9.70597721213812	11.793569010337	16.9343324279704
3.63343397412578	6.37452433009662	9.90263103144014	11.6324533496085	13.2805300544299
5.06531436941231	8.22319929457115	11.1732660762451	15.486721528748	18.8660088149164
7.99958399220816	10.521631163178	12.3140783749535	13.8882471001963	14.8834059645784
4.81354205474906	11.1777572234467	13.0795054488325	14.9430745134467	15.28810447663
4.86754344434155	7.92729165593624	9.95204006753931	11.6967160899209	12.2647957686748
6.06762429287505	10.8981428961681	15.550019876215	17.5855051390001	17.6618611080818
3.36441116053726	5.67236174310364	9.51709050408965	11.014819871581	14.6892630922284
5.60492119441193	8.28228206149021	11.0896725932272	12.8718719839082	14.7176464741457
4.35979645820953	9.56296257801193	11.306865576028	12.2159035955539	13.3566058498385
3.26659418791007	7.27650377107659	10.3549197269597	13.4559655127269	15.652743178175
11.476716755341	12.9199810291897	13.6303117759703	14.5656905503969	16.7678621620744
4.35979645820959	10.6391033654715	14.7511738126236	17.5691613187485	21.0655430867606
4.30446959248758	6.49434152314802	9.83801161855939	11.5414874785385	12.9417704333663
4.10531276488507	5.84216559493751	8.52561892494225	11.7114171785678	14.7811489852883
4.0892545651339	10.7881930640286	15.4273220759849	17.666351173299	17.0066150698026
3.9854630512786	7.46680827121475	9.68424549593163	11.4165706691461	12.3254187778321
4.52264930842534	8.06410252932454	10.6803959086857	12.0370048666294	15.1204318428341
3.8285818884284	7.97594831244913	10.5085839442877	13.6925950057487	17.2162971333977
3.8285818884284	7.41444061674321	10.2460746918836	14.5340505550759	15.9383242903419
8.71703179612825	15.5388963993582	20.7736892934277	25.0720154919933	26.6764630268021
4.35979645820947	7.60236214398873	11.2812566248244	8.6626241061121	9.77221764194547
5.06531436941231	6.98929159334318	9.51873239356297	12.5314258466204	13.4231977566522
4.81354208689953	8.82186790721505	13.9187558330771	15.9063535919643	17.4977315810477
6.2460887021835	8.12945094446451	10.593760272458	12.0061623534391	12.5370782502007
4.81354178028118	8.51858170425544	11.2959772369834	12.0016839368104	11.3520017865908
5.65923533924433	11.5915005571298	14.3493166619951	16.3118327018953	16.1565009913174
4.49940548009602	6.36598880522888	9.79563307333274	12.9211927272247	15.6832676280272
4.49940548009602	8.88619247071944	12.9248016933703	15.8537877874621	17.9447664644609
6.06762429287505	10.8981428961681	15.550019876215	20.7244813411067	24.1068117221769
7.99958399221555	11.4201919928134	13.8864478116271	14.6104799544522	13.6103986472586
4.81354188860331	7.51800656049056	10.0102912007141	11.9913194289381	14.7437824929597
8.0286382417803	9.68056659582163	10.3639865780018	12.2827862323756	10.9115287900067
6.22812165923779	6.69031626441796	9.13272995756552	12.076464017259	11.8613586697448
4.52264930842534	7.60236214398753	11.2812566248244	11.8334705559238	14.1964786301002
4.52264930842534	9.52175637032485	11.3453025339766	13.1512855041589	14.1902783260416
3.77813517450795	7.97594831244965	9.12073610208188	8.62166996175364	10.7027502436425
3.20404346061619	7.1651946371619	9.95766914207275	12.4915887651257	15.2292057592747
4.35979645820964	11.6528015198835	14.7770215282476	12.5679312175135	11.9359220722156
7.50462342331872	11.2519315628825	14.87424254622	16.3019836703307	17.8184545354974
4.08925456514243	7.66555531465349	9.87667747796121	14.3198640852093	15.5192340183012
8.3586593567843	15.1789367442763	21.3727568286252	24.0823050329156	25.96444119261
9.04165400012329	13.02319174594	11.0748573792574	10.0436598949332	9.86565805348675
8.35865935678436	12.164743407856	12.309480427454	13.2406212834267	14.8457446459596
6.7163114425598	8.82186790721505	10.4407120878724	11.2896168462368	11.1405972795176
4.35979645820947	8.24460395417566	12.1699297066112	14.8107286360344	16.4822646455822
4.86754344434155	7.4551121151772	12.3196676819164	15.5740727066644	17.177725171207
4.86754344434155	11.067488380253	13.8262767732663	16.4172331361185	20.4250332100195
4.41364344323154	8.23237997431607	9.31260198742507	10.8321799363003	12.1622568087922
4.08925456512964	7.19565155285949	11.5648683435592	15.2947356844194	17.312872558713
4.86754344434155	7.65033134882617	9.23432430435412	9.75899323360852	10.6109581073683
4.97407992303221	9.05504077499438	13.3374619412293	14.2746521683409	15.1379699158438
4.07481147583204	7.65033134882623	10.0913463747816	11.8131010432895	13.3914808900047
8.35865935678441	9.20457461173623	11.6617642437812	12.5581785875481	13.3718341340179
4.97407992303044	7.6208293917644	10.6925808790058	11.0300694105019	12.3549686630083
5.06531436941231	8.64026336730456	11.4795753261854	12.7190964191102	13.671538761586
6.06762429287505	10.0401257453717	12.7195950215465	14.8186771903013	15.1060009396854
4.10531276488504	10.3258313507985	12.587409762277	15.5979021144398	16.9768079899541
4.08925456513384	8.04305238995909	11.2643660470117	12.1510634483762	12.2417854799411
3.86052588928058	6.61529304969747	10.8324616586598	14.0800517549891	15.3977804834159
3.4428293447624	6.83830322846222	8.34742176101958	11.5753588720312	12.9688819333751
4.10531276488504	9.70464178985321	11.6188544786903	15.4767285308887	17.2781349476699
4.08925456513367	8.1441658154572	12.7547873227932	15.9802215185547	18.3197546474995
4.86754344434155	7.79117998935271	9.20715524408746	10.2099189795906	11.3783500226907
6.15546375674143	9.56226938605198	15.2205180541125	18.2043369664051	18.7224351602488
4.52264930842534	10.2300518800286	12.983782335557	14.8897004265949	16.0091430416032
5.60492119441193	8.28228206149021	11.2271035938175	16.4966534588225	18.679855787275
4.35979645820959	8.82695445579657	11.3079620698285	12.2098014160421	12.9453095525776
4.86754344434155	12.5245266242069	15.4297083399332	16.4564251552861	15.2389662267717
3.20404346061619	5.67236174310386	9.1049753054736	12.8920386813066	14.3602621168393
3.7547125590944	7.42046587238633	9.81467491006697	11.550939565539	12.4615818682905
4.08925456513356	9.01838704183052	14.1903527279928	16.3985649465238	15.9851287573828
4.81354208279811	6.37206932565908	8.59187301514578	10.4174647178047	11.5677684933872
7.95866514797677	10.7718861054772	13.5265486070945	15.4827219323457	19.7013120301607
4.81354208868902	8.47568530422251	11.6733291932749	13.2521802887388	15.2478456387445
4.35979645820964	10.263557242848	15.3547638944263	18.3363650939012	19.4875397131742
7.95866514797677	11.6528015198836	13.8723763144295	15.4829527150011	15.7956719417408
5.60492119441193	7.1651946371619	8.48771933304789	9.62718395387662	10.8013549169546
4.08925456513379	6.92637414166012	9.25684230092651	10.9427057918205	13.4989332218381
3.9854630512786	7.46680827121475	11.390023376993	14.1910763952262	16.2030911037339
10.3451351860643	15.221069552148	14.041273807204	20.0130503708506	21.2072663859501
3.90676822122975	8.11394894357284	12.0313711266725	14.4814330251247	18.7314243473194
3.77813517453609	7.58810556769089	10.8054696578191	12.2473094180386	14.4000930531121
6.68660703226448	13.4002762702556	18.360919973462	20.5192940835763	22.7613167478825
4.08925456513384	8.22319929457109	12.2507306210866	14.6447500020516	16.5506586719519
6.15546375674143	10.7314106479868	15.1443501960782	17.0789900793187	18.9193147270219
4.49940548009602	8.10730527298045	12.0633659377451	17.3116456788124	19.0819944722166
6.22812166247979	7.97749882150913	10.43392655225	11.5552420359692	14.1331205271485
7.99958399220662	8.76809742040496	11.0931846495033	15.7030787126984	17.137200575358
9.46454584496826	11.4965650619876	12.8972674882529	12.4383780539777	14.7848760425001
4.02211967264964	9.70464178985321	12.4878808126443	14.0263119280406	14.9871754049603
3.53017056093091	7.4913849503522	10.8758326795796	13.1883935912027	14.1246826021913
9.0940388148918	11.7243272766952	9.69601455346486	12.5314258466203	13.6134908451476
4.49940548009602	7.49147572229253	9.23976211319456	11.6947355994507	11.1918627203937
9.97010951409658	16.0579191119449	16.9194209727519	18.2031240771087	17.940576244204
4.07481147582641	10.3258313507679	12.5874097622741	15.5979021144391	16.9768079899546
7.50462201668785	12.7053122548734	15.7004579711284	17.5530188525485	15.108133343084
7.99958399220839	12.0915498744417	16.6380765593261	19.6968916117466	20.7695283942759
4.81354170512378	8.99518750703396	13.0269056375784	15.9597698073227	18.5930712861785
10.7441500874024	18.4479771627809	19.7871189152292	21.8700376065312	20.7049805127224
4.35979645820964	9.7936729781145	13.0558626674859	17.934426475816	19.2592486999466
4.81354206721852	8.18330853485003	12.7863983787799	14.1616259007335	14.6207853181704
4.52264930842534	10.9391137080172	13.6643217718516	16.6351955376464	16.6603717905631
5.60492119441193	8.0641025293246	9.97570019055235	11.8879883670721	13.9145142645127
8.35865935678447	14.4216392011684	17.3291459053824	19.4474782758428	19.5705077368554
8.71703179612831	12.2491363005996	14.5677920050593	15.9778832799685	17.9517940195141
8.02863865079769	14.6844118313958	20.5730552009708	22.1968091861769	23.984245903888
4.35979645820959	10.2635572428485	15.416196071661	20.3105011195807	21.1772291094408
4.41364344323171	8.24460395417577	13.0054619301069	15.0579820557788	16.0120064994441
4.49940548009602	8.82353597255957	10.4378599697065	12.9211927272247	13.5695624460079
3.36441116053766	9.40664321986549	13.758286237207	15.7616018898235	17.2850764066707
4.10531276488504	11.3355016738872	14.1646515831559	17.3904876651544	21.1146562140005
4.07481147581976	7.5180065604909	10.6347796360713	13.9457759900932	13.5011786725972
6.84425287419191	12.5803087883041	17.3582950622974	22.6504655862339	23.7896145054729
4.81354188900582	9.66717085177305	14.0467860917786	15.0033389432547	14.7044360542889
4.52264930842534	8.89024361517642	11.5648683435583	13.4285419343541	12.590032298976
4.10531276488504	7.05478254097193	11.551962896343	16.1363858930155	18.7254047572007
4.52264930842534	8.12576922405123	10.7370279834412	13.4047562997658	15.1830695004713
6.06762429287505	10.2475449257295	13.9981012422205	17.0100656125863	18.6432069265487
4.08925456513401	10.639103365472	13.3448367971638	15.659892342349	19.699786033059
6.68660703226448	12.5245266242069	16.5984863558426	18.7354167907306	20.4693753475364
6.06762429287505	8.41849081017511	10.6262344892233	12.3085750988479	11.5326423854729
4.52264930842534	9.70464178985321	13.1674337401404	16.04160504591	16.9550068639373
6.2460887021835	7.27154023256924	8.58581010065109	8.79745637605862	10.795666217526
6.84425287419191	13.44833492756	16.3423208452533	18.3844131460604	20.5090191250591
4.97407992303266	7.52064567167213	8.46892713217824	11.2393909526302	14.1366376623054
4.35979645820976	8.82695445579651	11.3990804032235	12.2933355594073	12.9819069260822
3.8285818884284	8.05976686880922	11.6004996963423	17.5030491833154	19.2083993142343
3.77813517451983	9.70464178985321	12.4878808126443	14.6346412187506	15.5004920011123
8.71703179612831	12.124459170525	14.7476195786911	15.4867215288992	18.8660088149164
4.52264930842534	8.10730527298045	10.6145952487341	12.5134971457369	14.0625518442752
4.81354139634476	6.81227081093988	9.70597721213812	11.8596371900337	12.8134476214218
7.95866514797677	12.268005415239	15.1106215254921	17.1475460785317	19.0443051441414
7.95866514797677	9.64155089685687	10.992531330436	13.2872154589804	14.8531469418713
4.49940548009602	8.64602429912543	12.7919160746542	14.267946729705	14.7076936564836
3.40684201412304	7.05478254096352	8.92208045737635	12.4520985694109	13.5507467804783
4.35979645820964	7.65033134882623	10.8233052525464	12.6229908730702	12.4760831791709
11.4767167444455	13.6724142356522	16.992236721393	20.1322915063955	22.9916154755684
4.10531276488507	10.9391137099911	14.3516164496653	18.2405734396676	20.329999687197
3.53017056093091	7.4913849503522	12.0415598865409	14.8186272844638	16.6685359076995
4.35979645820942	9.40664321986554	11.8731818872885	13.201303325557	15.399708298062
5.06531436941231	8.82353597255951	12.9474821550046	14.7669236453273	15.9665034182258
4.35979645820964	9.10683702844983	12.4067501499877	13.5072976928546	14.9310169801056
4.08925456513361	7.90707590800702	10.5561054937246	14.4705993783796	18.4554686960942
4.81354186873517	8.51858170425544	13.3816225397429	16.3272268745281	18.8069624117063
4.02211967264964	8.47679529766344	10.4738304703456	12.1723475981678	13.0568456255388
4.49940548009602	10.492691792352	15.110621525492	17.9224472752995	20.3374050688833
4.86754344434155	7.08100111750235	10.9347343911044	10.9699253443653	11.8332282859166
4.8135420895286	8.78064220132211	11.1935225458847	12.1196211438577	14.0825252129036
9.87502892658648	11.6956585273749	12.8867417044778	18.2191532236758	20.6861181294819
9.46454584496826	15.3149057969304	16.7756669202032	17.7826739771419	18.4570761643917
3.7547125590944	7.65033134882623	11.6055971790316	14.3289383198653	16.2566345090042
4.3597964582097	6.98193597966758	9.52698767503222	9.97668409888632	12.6513646209664
9.04165400012334	11.4502581564155	11.7119359468172	14.8352438833441	14.1145964519011
3.36441116053732	8.05976686880922	10.9674591296865	11.7785661960584	11.2815113624035
4.81354184992267	8.5185817042555	11.9966446125288	13.8777280281789	14.4760540694969
14.3486965752959	18.7088472701322	20.1652290942203	23.5418379066771	25.90773567993
4.10531276488507	8.82353597255951	12.4713543718765	15.0791955815563	17.9403324830518
4.52264930842534	8.12576922405123	12.4945667132805	14.739177946042	17.2250436345716
3.7547125590944	7.90707590800707	14.2269176335417	14.3243576161159	15.9163670308137
4.07481147583269	6.01240679020111	9.13649069655264	10.6402351390174	11.4581941923881
4.86754344434155	9.13746039358534	12.2295091180233	11.8299291596828	11.4567215203795
4.81354207288587	10.7881930612288	13.3467491767615	14.8722704242901	12.6757057223116
5.06531436941231	8.47246382759045	10.8997191756143	14.1859547773442	17.175054184501
7.99958399220441	12.0915498744417	16.6380765593261	19.2972269459584	20.5176392892123
3.63343397412564	6.94852747531246	9.92972939046547	12.478611521915	12.5155324896164
4.81354184654441	11.1777572234468	13.9027647905836	15.6681694831806	18.7220207823028
4.07481147582598	9.70464178985321	14.4533172981802	13.7683265901708	11.8356535164368
7.53730659356762	10.2286341442582	14.2269176335417	16.8477462637651	14.4632406132347
4.10127484408116	7.65033134882623	10.5561054937245	13.8275297727339	13.179158210036
4.02211967264964	9.56226938605198	13.7870962660436	18.5152180970573	21.6197669056708
5.06531436941231	7.41444061674326	10.0423346660721	11.5247076723786	12.8654918910355
2.92984590383827	7.16519463716196	8.37513590869059	10.8366923416469	11.10666378221
3.40684201412307	6.19531086640342	8.29805606738176	13.1540784577906	14.4239217401392
4.41364344323159	7.97594831244908	10.5085839442877	11.3710420690169	12.594256290644
7.50462386583956	10.8172573692332	13.7672183512321	15.6798366616662	15.8964051519175
4.81354195146065	7.19242519370653	10.1738715272164	14.8372837979187	18.8203890278952
6.2460887021835	10.2475449257295	12.938391885741	15.3172384503667	17.3565124401613
3.8285818884284	6.81298778585898	9.45652570870254	11.9474701530325	14.6572400371875
8.35865935678481	14.4216392011683	18.1724370806465	21.9980566679457	24.3936363173943
6.06762429287505	11.7497091991301	14.5679544772569	17.5219224595026	19.6565571113842
7.50462373078568	9.84971454563708	10.8748556087332	13.8251725479247	15.7397542052831
3.26659418791002	7.48692231538621	9.37694146509517	11.0593607455935	11.9710033775458
4.08925456513032	7.19242519370653	9.25707773366116	10.1060849649018	10.544555474158
11.1493421094453	18.9947781437522	20.7267858779171	20.2675524391993	21.83767500617
3.60473679561659	5.85901806611042	9.39592763993971	13.2173866482203	14.9092776448138
4.81354208768903	7.53181665156251	11.1935225458891	12.9862852616899	14.8967275770555
4.81354209649658	8.78144898248706	11.2652612735139	14.0759354327157	17.6183090859638
10.7441500874025	18.894099257334	18.3760318039327	17.5286634379023	14.6409406861147
13.0063865129914	13.9726182937324	15.849389549503	14.5122002018084	16.9818074897909
5.06531436941231	7.53181665156262	11.5648683435597	11.9190307557709	13.5609785679242
5.06531436941231	10.1619443220765	11.8555233528513	13.4118716891403	13.978784276493
5.55666777382987	8.36563178668348	11.1220484303007	13.159190817582	14.2382690119696
4.81354204083334	7.66112119233469	10.6560585079957	14.1859547773442	16.0535329393242
4.08925456512975	6.81316278311249	11.0063247260821	13.4942833358151	13.2701700016502
3.77813517453797	6.10734739262023	8.70859948065282	12.5810924048369	13.9582132977734
8.71703179612831	9.77836684734865	10.5085839442876	12.1118995995905	13.7118713198767
4.81354208479416	8.5185817042539	11.2362374216649	14.2583342874606	17.1961746852039
4.81354162364579	6.6372868440302	8.1774976674422	11.6048877662772	14.4636028855517
3.86052588928058	5.62374326071438	9.1049753054748	13.0189896295412	15.5392557437233
4.08925456513356	10.639103365472	13.3448367971638	15.075361678848	16.2244588024085
4.10531276488501	10.9391137099916	13.7052925711939	15.367242531735	14.4644733674556
6.228121661003	10.639103365472	15.6469446734636	18.5813267137423	21.0014727243349
4.49940548009602	7.63602531102697	12.5403920451488	15.5460763836363	17.051753578919
3.86052588928061	5.94052516488824	8.11945519418515	9.38003819891196	10.0182087354842
4.08925456513379	8.09941539209382	13.137770583461	17.3261150261643	21.2360818828545
4.52264930842534	9.70464178985321	12.4878808126443	11.2990802793872	12.7452685713847
4.81354180467241	11.1777572234468	16.0218449240415	21.1295900365122	24.5158777796688
7.45310330066729	14.2194569763557	17.1729425959855	19.254763150428	20.3476477885966
8.02863860268519	12.27893123159	13.8114139950932	14.3467847396471	16.5768180489459
12.4608711022281	14.2194569763557	16.119048817948	17.1374313859687	15.9254534349928
4.35979645820942	8.09630829061405	10.4738304703456	12.7550201505704	13.5201408357124
4.81354209906846	11.1777572234467	12.8992628419348	15.4024006867348	16.9295920708032
4.49940548009602	10.7718861054773	13.4272575366872	14.4090866688834	14.7016722901054
6.22812156728554	9.64072419079747	12.4163424166838	13.8259805638444	13.4638739396304
8.71703179612831	13.1022064637978	18.3712067694813	14.3289383198653	12.150473791255
4.86754344434155	8.04305238995914	12.3310177302047	14.2494782425611	16.9361573883547
4.81354203085243	8.22253122671469	10.467890520248	11.0238385373915	12.2770231571518
3.26659418791007	6.8736708710241	9.21435380017732	10.047682792307	8.87538354626821
3.40684201412304	8.0641025293246	10.9081184057626	12.9483588163742	14.6241639213085
3.56199160097771	7.51800656049062	10.0102912007141	10.5256107502044	13.0587693426187
6.06762429287505	7.66112119233469	9.08317736089043	11.0816357250741	12.3910150518159
4.08925456512952	8.04305238995897	12.3310177302047	13.2927951057856	15.2226180873628
4.35979645820976	10.639103365472	13.3448367971639	15.0023070710043	15.9364949567577
3.40684201412307	6.33599218647186	7.71292080224288	8.00237128633358	9.68520685800189
4.35979645820964	7.99498605614281	9.77122064980892	11.0953203459503	11.0040455676959
4.08925456513344	9.04686593283856	10.7434314863187	12.3587802950478	13.9938856592042
6.22812143793459	11.318845036389	14.1137509564708	13.8725705155898	13.2235813746937
6.7163114425598	8.22967918059459	9.83219030558763	12.7320539431325	16.1409506848608
5.65923533924433	11.444861175224	14.1510155786223	18.0913849349999	19.6789802048705
4.08925456513379	11.2486241050913	13.0558626674859	12.7351249005546	15.3219907254181
3.77813517451921	9.85812648768848	12.5960374774431	14.575114079225	17.4871912769401
4.86754344434155	8.12576922405123	8.99682696643089	11.0900136295846	12.9124843668287
6.84425287419191	9.45763502092683	11.353904655295	12.9546011686007	14.0619994800727
5.60492119441193	10.058869076296	12.6209248007002	20.6792852697167	23.1381164875963
8.71703179612831	12.2491363005997	10.0298093872789	13.3926788276411	15.6936445798276
8.02863876162752	12.27893123159	12.7369238175768	14.5528945846723	14.0440008991582
4.81354194284722	10.2300518800286	14.7271994634318	17.7447361074713	20.6716820798458
4.10127484408116	9.70464178985316	12.4878808126438	15.1996295079201	17.1438617144483
8.35865935678476	12.164743407856	14.8410744897862	16.0675247850934	17.8713952735622
4.3597964582097	6.98193597966758	9.51873239356303	13.7151027940967	14.9763830995099
7.99958399220174	12.0915498744417	11.8611128407402	10.274461199381	11.1265424624895
6.08618037875345	9.26756362460083	12.9073533303911	14.5246119402676	14.4663259790512
4.81354110250277	11.3078323755746	14.1903527279927	16.1165208526522	17.1149661552832
6.22812164500834	11.318845036389	17.0430819126802	20.2566990375669	23.4325312682382
6.15546375674143	9.79517121361914	11.4746214296028	13.7151027940967	17.4004665018649
3.75471255909446	7.65033134882628	8.6061977196336	10.2296955987327	11.3894019331169
6.7163114425598	9.00701286214195	9.93905303757299	12.5379026359841	14.6059180232614
4.02211967264964	8.89625381289	14.7026553612366	18.1115131026398	20.582223872927
4.49940548009602	12.2217738330182	12.5985088821585	11.3220798062534	12.4522527090995
2.87374888049879	5.26301916540223	7.79307917690971	11.5633392031338	14.2378740907051
4.81354196628558	7.25790318563571	10.6190818493447	12.9330346989433	15.5188740708193
4.35979645821664	7.07831539811411	9.4578033415907	11.1775828439598	12.120121425706
7.50462205186028	9.8497145456372	10.5285207348728	11.445933661672	11.5677684933872
4.41364344323182	11.444861175224	12.445794086385	13.8751027624887	14.8826024466406
4.08925456513367	8.31547585332095	11.4509300000303	13.937251380907	15.7033467809279
6.2460887021835	9.22203790355081	11.7731823960644	14.5365777952338	16.502239875678
6.84425287419191	9.22390296091817	11.72623319257	13.5925770763448	14.5622904400208
4.81354137915434	8.5185817042555	12.2669608455096	15.8334996260384	16.7741383689395
5.60492119441193	7.78574070142867	9.32327073212878	10.868894135267	12.1252738377855
4.10531276488507	8.12489704703859	12.3834658976456	14.4664932957556	15.2863626419258
9.4645458449682	16.5683375827986	22.9563883434606	28.4017884885366	29.6318010392453
10.7441500874025	13.9190192041659	13.2888263142664	15.2131554121357	15.390826270946
4.97407992303221	11.2560549063375	15.8404595840697	18.8654567429142	21.974143091711
4.97407992303044	7.97594831244965	9.62506387492994	10.5942295835594	9.33287465453503
7.31716075820117	9.78391166914002	11.5392744506725	14.069037560206	15.3998691359367
4.9740799230305	10.2447386235374	12.0292577768245	10.4784353891802	11.3065003106151
4.35979645820953	8.75941759498875	11.2271035938167	15.0847256337619	17.806769739891
7.31716075820117	9.42168457142373	11.3207704295774	13.4284599836038	14.7740917378499
6.68660703226448	9.10355843325971	10.8387926987649	10.9552492524545	12.2731583309986
3.77813517455166	9.70464178985321	10.9110219962975	12.4653196008341	14.3298945939729
6.08618037875345	8.53096924175128	11.8226115885151	14.5774222260364	20.0091137429321
6.22812155031187	7.84591111607983	10.001102741901	13.4098516366972	14.2357645923742
4.52264930842534	8.89024361517642	11.4191298470793	11.3879105666636	10.5306610568709
6.15546375674143	10.7314106479868	13.3454515538013	15.0006057511732	17.5156269152081
9.46454584496826	14.2577690209621	17.1727624507474	16.9368806179211	16.0580486575217
4.08925456513401	8.04305238995897	11.4509300000312	12.0357888462091	14.3765599163569
10.3451351860643	15.347640464771	18.4151664712052	19.4887699242744	20.0532294684309
4.81354187217437	8.0430523899592	13.6303117759704	16.0807174656886	16.9414072544713
7.50462315555433	9.84971454563708	10.8324616585601	12.5933096404797	14.4149139549695
4.08925456513379	8.04305238995914	12.7938565562819	15.6298427098258	16.6292737878719
3.63343397412578	5.60065087615425	7.04128413041036	9.99514791815631	11.4201177080648
4.81354194756733	11.1777572234467	12.899262841934	14.6256057782527	15.6146909225962
4.10531276488507	10.9391137099905	12.4635108708559	13.423438835672	12.3645886762711
4.10531276488507	8.54550568168094	11.6020490928601	14.3723306553096	16.1296852895981
4.08925456513373	6.81316278311249	9.10497530547372	11.4909284326034	9.98474984742774
9.46454584496831	22.4039826695066	25.1611469358915	24.6944227702735	24.2782034860654
7.50461943359778	9.8497145456372	12.2922107399611	14.616040982074	15.6608307075099
4.49940548009602	7.45511211517731	12.3196676819163	14.3945021595634	16.4470445286302
3.86052588928064	7.2440498477751	12.1699297066112	15.6313776329697	17.3449358060581
8.02863844971938	14.6844118313958	17.5148834500482	19.6511345045533	15.2226668961374
4.08925456513367	9.70464178985327	13.1674337401404	16.5152277990227	18.8019163412314
5.06531436941231	9.39530485993333	11.6370051350302	14.7719155862711	16.1357085150682
4.49940548009602	11.444861175224	17.3598619073022	20.4024057351179	18.8198884633907
10.3451351860643	11.3408305901846	11.9746203868904	12.9106140728468	12.2857355129621
3.20404346061625	7.66555531465343	11.2271035938211	14.7789533117205	20.6407788471384
4.81354209771968	8.51858170425544	10.5561054937243	11.4837971782663	12.6192286976546
4.07481147585892	7.97594831244913	10.2535930599715	13.2683976288678	14.2058523088226
10.7441500874029	13.3434313070181	14.0786792745865	13.6989120187228	12.5375562084336
4.30446959248758	6.81316278311249	7.26725004980278	8.11278978795247	9.77221764194587
6.84425287419191	8.73344349199203	10.3814454499521	11.3995767586988	11.208933558377
3.75471255909446	7.71482128931621	10.8998322352055	12.8921287566775	14.8241029972922
6.2460887021835	9.22203790355081	11.7731823960644	12.6793282203448	11.621041298196
3.86052588928058	10.263557242849	12.0761265194011	14.3387362801677	14.3940841135657
4.02211967264964	8.67510878503174	11.2299868062571	16.0599761140102	19.6717200370076
4.86754344434155	11.525646520567	14.584128070816	18.1627046691806	20.9753569548278
8.71703179612831	11.2593771459682	12.9969588940204	16.2843336569727	18.0420793815184
3.90676822122975	8.23237997431613	12.2791900624019	15.7974310406824	17.644607644789
3.77813517454717	6.10734739262023	8.46892713217824	12.2968987332374	14.1358014164834
4.97407992303067	8.99968568751643	9.65828510156888	9.80727017028795	10.6494373308866
9.46454584496826	10.2886566667891	9.62446281580657	11.7550246871373	13.2003831232246
8.02863865088096	11.6198281048052	13.7984445545102	14.5761172017985	14.4044566510124
4.08925456513379	8.06164504002197	9.20307720992037	11.7861287223601	13.3915603256949
4.10531276488501	7.97594831244913	9.62506387491749	10.4790014414027	12.3086454834146
7.95866514797677	15.0032632603374	17.0331025854499	19.1471977503887	19.2771218265059
4.30446959248758	7.66555531465343	9.60557230453929	14.3198640852094	16.1476498328008
6.2460887021835	10.1753583684211	14.6479123803095	17.608103425221	19.6936522269712
4.08925456513356	8.43244798951673	12.0383721555235	14.7511228602147	16.7421689027128
7.99958399223522	10.521631163178	12.3820127536678	15.9549475861502	17.469970061577
9.97010951409658	16.0579191119449	16.9194209727519	15.0358718676106	16.1978480244697
5.06531436941231	10.493007040185	12.6694523579158	14.1971476419916	15.9216072359144
4.07481147582848	7.59255961711574	11.0931846495033	14.2934853193305	15.3637745200008
7.45310330066729	11.728089052197	14.1538651194073	13.9775089185546	15.3115756347223
5.06531436941231	10.9396786351463	13.3928280979393	18.3545062932396	19.9218952535417
8.71703179612831	12.2491363005997	12.257914074951	14.2380789963411	15.21161666926
4.35979645821658	7.60236214398753	11.2812566248243	11.9621803756421	13.7956211790839
4.41364344323193	9.70464178985316	11.7091733199649	11.7708820458522	12.3612628984434
7.50462363162904	9.84971454563714	13.8652175877796	15.7018606155649	16.2945666061212
4.35979645821669	6.98193597966758	9.76344601586385	11.7652739143635	13.19499835085
5.65923533924433	8.55063116864284	10.1903026998007	11.64482773566	13.5632259437727
3.77813517451978	6.49302102554219	11.9956106206677	14.4302993152757	16.3847463452593
4.35979645821646	6.98193597966764	9.13649069655253	10.7442352722295	13.1787225669418
3.82858188842843	8.23237997431607	10.852264373768	14.236226631787	13.7942972076365
4.81354209306784	10.3598500340779	11.7462261554144	13.4089279970489	12.1834955932438
4.35979645820936	9.26756362460094	11.7198668047224	14.4035155929452	16.3218789410201
7.50462387813184	8.2363700908233	10.8038499503397	11.6788428928121	12.4212327250641
4.10531276488507	6.61529304969685	9.83801161855939	11.8879883670706	14.8445005716184
3.8285818884284	9.79367297811433	14.8563485704335	18.2524985043234	19.8276575888479
3.77813517453609	8.23237997431607	10.8522643737689	11.4653747017481	10.8866479143152
4.81354209392464	8.23237997431613	11.6020490928601	12.5826433055661	10.98626364446
4.81354126440249	10.7320985266152	12.8897411618111	15.8334996260344	17.8713952735621
3.26659418791002	6.8736708710241	8.42026137573959	10.0565003780811	10.9115287900066
6.68660703226448	10.7854070691224	12.6079147231371	14.5164403936019	15.9830004106947
3.8285818884284	10.3258313507708	12.8494039843471	16.0759334938697	17.7744899658346
4.08925456513384	10.639103365472	13.3448367971638	14.5001860440055	15.4593129314321
4.08925456513407	7.59255961711585	11.0931846495033	14.2934853193304	15.7954898185674
4.02211967264964	9.11819281158319	10.7449253713466	11.5973527853257	11.3975144026448
9.46454584496826	13.4768479641439	14.5260850491906	15.6798366616662	15.7114470641857
6.7163114425598	9.00701286214195	12.3959647010192	13.7364833769991	16.1365578724392
6.68660703226448	8.28289281486667	9.5134194691334	13.7395615884628	17.9257269938801
9.46454584496826	15.9903642207378	14.5175576830499	15.6461848608979	15.2326353432658
5.55666777382987	7.99498605614281	11.2713392238963	14.0739994069896	15.6210255811235
3.82858188842846	8.23237997431607	12.3648757365938	13.3555196232131	13.0886022070429
6.68660703226448	10.7854070691224	12.6079147231371	16.0884135917222	18.2686424202707
4.49940548009602	8.82353597255957	13.0054619301069	14.7808267159597	14.7562886762541
6.7163114425598	10.639103365472	11.3248392760642	14.5727206624136	14.8445005716232
10.3451351860643	13.9681997909465	15.5383784812321	17.8095274605807	18.8642050899535
4.10531276488504	7.63602531103123	10.3869324826971	11.8952992243971	13.7133682593314
3.18922078124257	5.48746153520426	7.90365142615332	12.0088112730128	13.3510692236574
10.6325156491039	13.168234412627	16.1056630368469	18.1724161202178	20.3205375628252
6.06762429287505	14.0191009490229	14.8199625299818	15.5025555428728	16.1515870170746
3.77813517455309	8.23237997431613	12.279190062402	15.7974310406826	18.0430839438483
5.60492119441193	7.41444061674326	10.0423346660722	12.0122181378525	13.1494605359479
12.460871102228	16.3670200097987	19.5593824967654	18.3026385458144	16.9663152696896
4.35979645820947	8.05976686880922	11.9747847096076	13.8010672435726	15.3458865207372
4.81354166694115	7.53181665156251	11.1935225458837	13.7151027940967	16.9422409140347
7.31716075820117	10.5879636707236	13.3159183870995	15.9872407144514	18.0682880417162
8.35865935678515	10.8301463376761	11.4509300000312	14.0800517549891	15.3977804834159
4.52264930842534	9.66717085177305	11.3828682129433	13.1836126688219	14.1198573973013
4.8135420287901	8.10730527298045	11.1935225458837	15.4589680698243	17.8877148402798
6.08618037875345	8.47679529766356	12.2669608455089	15.8334996260344	16.7741383689395
3.53017056093091	5.66151105383869	7.71667333425677	11.2744497803697	13.0628012999881
6.84425287419191	8.5185817042555	10.0799394468379	12.4638436040173	13.696079269565
4.97407992303533	11.967504594536	15.2725706813276	19.0076545952958	21.9489305213282
4.81354188159861	8.09630829061405	11.6733291932761	14.9466779527691	17.0457044904789
4.81354163469683	9.6819865185654	15.8495624307823	18.4172984527704	18.4829769657667
4.02211967264964	7.90707590800707	11.673329193276	13.2521802887388	13.5178577252136
3.63343397412561	6.94852747531246	10.9446271126012	12.8717950080086	14.7816878717022
4.08925456513356	7.4913849503522	11.7682505750594	14.4814330251251	18.7314243473467
4.35979645821652	10.639103365472	13.3448367971639	13.635462445062	14.9957062420641
6.22812142282095	7.84591111607983	8.66094012340943	11.9226899667324	14.6368827004678
4.3597964582097	7.56896520594864	11.4964536198729	13.8242328745826	14.6302992734384
5.25979861097272	9.70464178985321	13.1674337401405	16.5152277990295	18.8019163412317
13.0063865474419	19.5686358203566	22.3393479105099	25.0084720699623	25.9564322594629
7.50462373266259	12.7053122548734	18.4486471776401	15.5138791105247	15.4194163924628
3.7547125590944	6.58389725050665	9.25395548719109	11.7853823995649	12.7163764896686
4.41364344323159	7.38530236165758	8.64791635384734	11.1882229260226	15.4252247891807
6.84425287419191	12.5803087883041	13.512614778405	13.0498628755414	12.6088214006306
5.25979861097272	9.22649235201874	12.7826457914625	16.5636828332212	17.7415729549665
12.4608711022281	17.875535611494	19.9896065840467	21.0970309698919	19.975637299303
4.86754344434155	11.444861175224	13.2860649682167	14.4937650116	16.6216459405275
4.08925456513327	6.81316278311249	6.64004688010777	7.27852858146758	8.09204349175309
7.50462312510052	12.7053122548734	15.7829091025245	20.327447232092	20.4044074066312
7.27571544255886	10.9600213929629	12.9682810508226	15.1220886388971	16.2559847601671
4.10531276488507	10.7881930612288	15.2574577539184	19.2674552225037	21.6533162945126
4.35979645821675	11.6528015198836	17.2402920652277	22.3461535249409	24.9759485973476
4.81354190272538	6.37206932565903	8.37447159002556	11.9433663581551	12.7222876876841
3.75471255909446	6.58389725050682	9.90263103144014	13.4843682657471	18.5408341558046
3.9854630512786	7.90707590800685	13.1866027057808	16.40551176569	18.9517481661192
3.40684201412304	7.88363759982479	10.2187554962852	14.4947691078236	17.5988678634796
7.9995839921923	13.4842658456158	16.5265819563381	15.7396552174689	17.7442101425737
4.52264930842534	7.19565155285977	10.9347343911045	12.6498676429039	12.255793715544
3.86052588928061	9.7936729781145	12.4722059000916	16.9603030888329	19.4805885497307
6.22812161628985	11.9822715361029	17.4726627772742	21.6515019612704	23.0062060296991
13.0063859937275	13.9726182937323	16.8071644686376	18.8693048611926	21.2064198670973
9.46454584496826	15.9903642206976	20.1427819049012	23.3636467708277	25.6218840700031
4.10531276488504	7.41444061674326	10.5092260805558	12.4397579384473	15.0664848298956
3.72522102536396	7.42046587238633	11.7736663816448	15.632942521118	18.0110077112309
4.02211967264964	8.38424513868085	10.4738304703456	11.3472860119064	12.9016787551467
7.50461790615833	13.8683105814668	16.4370906480092	15.8959274836664	16.6571175476165
4.35979645820964	9.79367297811439	14.8563485704335	18.5402024354792	16.7396999216253
4.35979645820947	8.24460395417572	11.6681210075873	11.406775269416	12.0797724972873
4.97407992303073	7.52064567167213	10.1738715272179	11.874345408013	11.3121148730262
5.65923533924433	7.57194434569129	9.18290718057744	10.946674953062	12.5075650788207
4.07481147583172	7.45511211517714	12.3196676819164	13.5380390735612	15.7979568009647
4.07481147582718	10.3258313507713	15.4273220759849	18.8671003701739	21.0422228092608
8.02863876441018	12.2789312315896	16.3228283794058	20.1244808799318	22.3657885713346
3.8285818884284	8.61456374581206	11.5778957608217	15.2104291330877	13.6150868266322
4.81354209527109	7.11833914963535	8.66121241316864	10.0380595866622	11.2775050297859
4.52264930842534	6.6372868440302	10.0344307800614	13.4149550450464	16.183213993296
4.81354209721752	11.1777572234467	13.9027647905835	15.6681694831805	16.5073497820925
4.10531276488507	7.51800656049085	11.2698705105044	14.8228233480183	17.188570670872
8.35865935678441	12.9633288285746	16.3960755990929	21.1506311426047	24.0875704360384
4.07481147582166	10.7320985266152	12.7371056678141	14.0776710531227	14.1219183155548
9.46454584496826	11.6198281048053	13.7984445545102	14.5761172017985	16.2388969203704
3.18922078124254	5.02734801782697	9.00411207938481	12.3879200868139	14.6522757658452
3.75471255909434	7.90707590800713	11.6733291932766	13.2521802887388	13.4392057076068
3.75471255909446	6.58389725050682	10.9347343911045	10.9699253443653	12.6300696272488
8.02863873865113	11.6198281048053	13.7984445545101	14.3397264699728	15.1984459959563
4.07481147581979	7.90707590800685	11.6733291932757	13.2521802887388	13.7378203675567
8.71703179612831	11.2593771459682	11.2812566248244	12.178897766407	13.9270469713936
6.22812164688435	9.45360656477152	12.0206805434207	12.4479905151458	14.1070438367611
4.41364344323142	8.18330853484997	13.099753038664	12.6120681843658	13.4994415365045
2.83706806559925	5.85901806611042	8.76870623041719	13.1007436052447	14.4361818442469
4.4136434432321	8.28228206149021	13.3122202576608	15.1966576605147	16.6044966068661
9.46454584496826	11.4502581564203	12.9004802058166	17.770428419987	19.5275687741545
9.0416540001234	14.2563865670714	15.2587771003377	17.0340992987129	17.8325217943364
4.81354189875168	8.51858170425544	11.9966446125288	13.8777280281789	16.1321854687682
6.7163114425598	9.00701286214195	10.4816544401168	11.3310560511488	12.0839237412298
4.07481147583053	6.75482756455995	9.45575983646143	10.5061914868762	12.3943085148873
4.07481147586788	7.45511211513326	12.1359335767994	17.9237620508287	19.8750048399124
4.07481147582209	7.56896520594864	12.3196676819164	14.3945021595638	17.9278749324797
5.06531436941231	8.24460395417572	14.507027708499	17.0656594178708	19.8037448536146
9.87502892658648	12.8666844063087	15.3975699174962	16.4592869859811	17.5189894701647
8.22735073380937	13.1988396615395	17.3759768602561	22.6876898904803	24.4380128963846
4.52264930842534	7.156863115568	11.1634246839108	16.099064948004	17.5712118647636
3.75471255909446	7.97594831244908	11.6733291932763	13.2521802887388	13.932820956379
4.97407992303152	9.05504077499438	13.3374619412293	15.2233751725744	16.2017409519802
12.1541648636213	13.5141494405985	15.3883219687226	14.8123728812723	16.8151102807715
4.81354209311507	11.1777572234468	16.0218449240415	18.6818292437258	20.6852380106124
5.06531436941231	7.53484814309707	10.920591583734	14.4217487965191	15.7494348213532
4.86754344434155	9.43405517214529	12.8433245704319	16.3868697711157	17.4228400900691
4.86754344434155	10.992394189329	12.8164156119649	13.9935382564097	14.7946752002775
6.68660703226448	10.8107676864786	15.2729079249521	19.6319656876807	22.1947263902314
4.86754344434155	6.38252297837016	7.90365142615326	9.40199151801397	9.83892206969216
3.86052588928058	9.70464178985321	12.3959647010191	13.3106032204013	15.749546341295
4.35979645820959	8.24460395417572	11.6681210075839	13.7086577261558	15.6551443064421
4.81354202764572	11.1777572234468	13.9027647905835	15.6681694831806	17.4357160049353
6.22812165404122	7.84591111607983	11.3815988497308	13.422637484399	14.1971269969125
4.49940548009602	10.9099358183806	12.0304808006882	13.1463062375403	15.0112654769171
4.81354182597414	8.05976686880928	11.1634246839108	17.5333779530134	17.7893697448756
4.49940548009602	8.88619247071944	12.3959647010192	13.7364833770158	13.209728318284
3.20404346061622	5.67236174310364	9.51873239356297	11.4122775010684	14.2844702273384
4.81354122145206	7.73559069362176	12.7515562928862	16.175064466217	17.7129253186709
4.35979645820964	8.24460395417572	13.0607076379739	13.4551825694001	11.3821037984767
7.99958399221538	11.420191992813	14.4745424129789	19.0990072910261	21.2401032351937
12.154164793068	18.0392362117067	22.2533262009043	24.538292342044	25.4546148820147
10.3451351860643	13.2713382811443	13.6292635036341	15.0819655236054	16.3006123783367
6.2460887021835	12.6862341290269	11.9966446125288	13.8777280281789	15.7931901851948
4.3597964582093	8.05976686880922	10.9674591296866	14.5442870048455	16.1580853592388
4.52264930842534	8.89024361517642	11.4191298470793	13.0952401789753	14.9018479403243
3.77813517455354	6.28202347229143	11.533291179682	14.1756944377894	18.7083605828739
3.86052588928061	6.11298718822991	8.83690617617776	10.7420760454496	12.106734175538
4.52264930842534	8.16761576092983	9.93272461135734	12.6168708034643	13.8875034641328
9.46454584496826	13.4768479641449	14.3188351237604	15.2609487646318	16.0649076851068
4.08925456513396	11.2486241055154	14.2023811688892	15.8872481769108	17.8782654695967
4.35979645820959	8.61456374581206	12.6885206650626	15.9032193810402	18.501279370413
4.35979645821675	7.19242519370704	10.173871527218	11.8743454080131	12.9476286542429
10.7441500874027	16.6210544750443	18.7430566424462	19.8432797540261	20.8008231017983
4.8135420436646	8.61456374581206	11.6454144916793	16.2320943294651	18.3782303002274
3.86052588928061	8.23237997431613	12.2791900624021	14.3292758842226	19.5637003123055
4.35979645820953	8.40419247771666	10.9245827431193	13.3882758737885	15.3277613664486
4.02211967264964	8.09630829061405	10.4738304703456	14.236226631787	15.3529689662858
3.72522102536396	5.79111592128567	9.11836987701759	13.1729030882221	15.2593110417391
4.10531276488504	7.65033134882628	12.6641480509811	16.1503410581657	22.4945902663479
3.75471255909423	7.56896520594864	9.88941138741018	13.1101312181309	16.9887443369194
4.08925456513737	8.09630829061405	10.091346374783	11.8067659546317	12.47608317917
4.35979645821681	8.24460395417572	13.0054619301068	15.8917307388529	16.7051284830101
7.45310330066729	11.6882247300201	14.4755143967552	16.4658319444873	18.5542530767761
4.08925456513344	6.81316278311249	10.5021804190023	13.6117224816698	17.0222126223561
3.9854630512786	8.22253122671469	9.88036168845878	10.578779783667	11.1439646260125
3.72522102536396	6.81227081093988	8.94806184596467	12.2233080979937	14.3867702281106
4.81354191043692	11.1777572234468	13.9027647905836	15.6681694831806	17.4357160049352
8.71703179612831	8.51858170425544	13.3816225397429	18.0418819962839	18.410749945956
4.81354158913797	8.12576922405123	11.9277195926815	14.3574590910442	16.4406562355574
4.35979645820953	5.94317246337727	7.71292080224271	8.00237128637997	9.42090906636656
4.08925456513293	10.639103365472	13.3448367971638	15.0023070710043	15.0253410593829
4.81354184572433	6.58389725050705	8.6061977196336	10.924006553402	11.2953660929689
6.2460887021835	10.1753583684211	11.9283269290677	13.0512189906854	15.490805507572
6.06762429287505	10.2475449257295	12.9383918857409	13.894262188103	12.7692345289358
3.56199160097771	8.05976686880922	10.9674591296866	12.4517253171002	13.8306617921237
4.52264930842534	9.37460839471237	13.7118587611047	18.791473817415	20.6236404527199
4.97407992303215	8.09630829061405	10.9793937720326	13.5880223161341	15.9584723691163
6.2460887021835	9.9780732847517	11.4160310716672	12.3233815808087	11.8555149824475
7.27571544255886	8.977797918818	10.6793319514448	12.2473094180386	14.489204810162
4.07481147584724	7.65033134882617	10.8881344510031	15.3696363517632	19.7833022196144
4.07481147583235	7.97594831244908	11.6055971790316	14.3289383198653	17.2372558144371
6.2460887021835	8.56178770367416	12.309480427454	13.2406212834267	14.0627443690646
7.99958399220941	12.0915498744416	18.3809759741252	20.0290587384868	21.1036051209441
6.22812166097191	11.1980000117335	14.7864596965953	14.3812648237292	14.5688498200998
5.06531436941231	7.66555531465349	10.8141210436053	14.3596354605443	17.9361010446049
9.97010951409658	12.4678773710623	11.4191298470793	11.5833411626259	14.0230809614675
6.22812163798801	9.45360656478363	12.0206805434207	12.4557690515682	14.6482821382439
4.0892545651343	7.5180065604909	10.7870731355669	15.8373813842551	22.8921401792215
4.35979645821664	8.24460395417509	14.5070277084991	19.0675219751625	21.4471980502395
3.77813517450636	7.41444061674326	10.8233052525464	13.0045185178645	13.9334244014761
6.15546375674143	11.5368359178595	15.0334445274804	18.0121512848301	20.1248784936081
4.35979645820959	9.79367297811433	12.996958894023	17.9344264757888	21.948708930006
3.77813517451534	9.85812648768848	11.2848498524174	12.33983594119	14.6302110631373
4.08925456513384	8.04305238995909	13.6303117759746	18.5803699215984	20.6918990647785
7.99958399222947	13.118804062423	14.7588368437512	15.9314278939069	16.6242916752713
7.27571544255886	10.6995133382368	14.2297124178931	17.1280200059017	17.9436541552807
4.02211967264964	9.13974092376355	11.3682057815258	13.9996176126728	13.8535301589164
5.60492119441193	10.058869076296	14.3747890740339	16.2707131611224	17.2535496381224
4.52264930842534	9.70464178985321	11.6188544786904	13.110131218131	14.1948178791586
4.8135420274171	10.9099358183806	14.767640313406	15.7643837256945	16.1871934582437
12.8361522117173	17.3961097348654	16.6723632226747	20.0827069709109	21.0190827631578
10.3451351860643	16.8462543657115	17.4317742298635	19.9680448618549	21.9238536896426
6.06762429287505	10.8981428961681	13.6532096602684	14.6417675688759	13.5146032271036
4.86754344434155	8.06410252932449	11.1964213169318	12.9755310356137	14.8238771233418
4.49940548009602	7.17028042628215	9.92102395646964	12.5681653470155	14.4785593735795
4.10531276488507	8.1248970470387	12.8076036256572	16.8114423050228	18.2845565249035
4.97407992303124	8.63603170086583	12.1097742459143	13.0419631063903	12.9581984315358
4.10531276488504	10.639103365472	14.7511738126236	16.5759848829113	23.4156174939217
4.35979645820959	9.56296257801193	12.9655874508683	14.6092408855543	16.7673388743607
6.84425287419191	13.3031587792321	15.2391951212111	16.248469046422	15.4323830799577
5.55666777382987	10.9391137099904	16.5512443289299	23.4104067874493	26.315354603349
4.86754344434155	9.43405517214529	12.8898049760742	16.3868697711157	17.5193841249996
4.813541754472	7.43424986244418	12.3834658976455	17.8419353349556	18.3995088219045
9.0940388148918	9.98293452782121	12.0944772303631	15.0851330164757	16.2780132680134
7.31716075820117	9.79889406126847	11.5756841604675	11.6052334751315	13.3488266748419
4.49940548009602	8.64602429912537	11.1819222373268	13.0278151716541	15.0227669488254
4.81354186199292	11.1777572234467	13.9027647905835	16.266828605289	19.6597230860373
4.35979645820953	10.639103365472	14.2269176335417	16.0370064836667	16.8819429416772
3.86052588928064	6.61529304969827	10.83246165855	12.8930102032325	14.35284067294
4.41364344323188	8.38424513868085	12.22154631222	14.0758040483303	15.0439387855134
4.52264930842534	7.19242519370653	8.92939558346018	11.8225280718269	17.6188514637853
5.65923533924433	11.9333233717024	17.5849543887866	20.6318501369749	22.8678504033049
4.52264930842534	6.71377678593257	10.5561054937245	13.8275297727338	15.3406442071055
4.08925456512969	8.0430523899592	13.6303117759745	16.0807174656886	16.9414072544714
4.86754344434155	8.63603170086583	11.2026361951979	14.0690375602061	17.5024986736784
6.06762429287505	7.66112119233469	10.1874983467591	13.6578594513498	15.2560483157713
4.07481147585398	7.62539662745007	11.9956106206678	15.9925943703699	21.1305307880487
6.2460887021835	13.9913583351575	16.947709576716	19.2721968864668	23.0437739107989
4.0892545651343	6.81316278311249	9.90263103144008	10.6844488585783	12.3718839688514
4.52264930842534	9.56226938605198	13.6303117759693	16.0807174656886	16.9414072544714
7.99958399222942	12.0915498744417	13.8404736401409	13.3926788276411	15.6555723233479
4.81354208154733	7.65033134882623	10.091346374781	12.5314258466204	15.5412267344803
4.35979645820959	8.24460395417572	13.0054619301069	14.3346779747401	15.6264376566944
4.10127484408116	9.81141598477751	15.5440044689082	20.8498405528935	22.0441832279797
4.97407992303215	9.13974091487455	16.7489824442719	22.9393448835557	25.5610788334147
3.77813517453859	6.70125027082281	10.9347343911044	12.6498676429039	12.879611249879
4.81354153253523	7.53181665156234	9.13875143389276	11.2509986287545	12.6213035869773
9.0940388148918	12.831127811367	13.4161065357524	14.7824370097111	14.9160091750589
6.22812166139806	9.45360656478169	12.7883894630523	14.7258135703703	15.4635738337566
3.63343397412569	6.4947766032256	10.0506611091081	11.2499681344175	12.5075650788207
5.65923533924433	11.6528015198835	14.9141004535278	16.2580623554566	17.2735172833908
4.07481147581612	9.56226938605198	12.9004802058165	18.3954032320804	19.7788629840111
3.8285818884284	8.23237997431613	10.8522643737689	11.9276724140856	13.535598930695
6.06762429287505	12.6129192764174	14.0835862988149	15.0779886408715	14.9303128464583
6.08618037875345	10.7881930612288	13.1001799262709	14.3467847396471	16.0690491390936
4.52264930842534	6.6372868440302	8.1774976674422	9.80861349478067	11.4038439172925
4.35979645820964	7.15816748707795	9.4673164557779	12.4520985694107	12.5513280194079
3.7547125590944	7.90707590800713	12.3164686781151	15.0060197685287	18.4788635816561
3.9854630512786	8.59491076669343	11.5263800139479	14.418172178805	15.8046335310129
12.8361522160578	17.4013390748709	20.3391273702001	20.127977649848	21.3378198224752
4.52264930842534	7.2440498477751	12.3959647010191	15.1161774698882	16.5105293347702
6.84425287419191	10.9523370956943	15.5658470899057	18.6524248336999	19.9671577977786
5.60492119441193	9.28416629436509	10.9346959198561	11.7958937548357	11.6733347514823
4.08925456513379	8.09630829061405	10.9793937720326	13.5880223161341	15.4474352765419
4.35979645821658	7.65033134882617	10.8233052525464	12.6229908730703	14.0723067769702
4.81354172405332	8.04305238995909	12.3310177302047	14.1616259007334	14.2231203325518
4.30446959248758	12.2217738330182	14.573002873779	18.5591842609754	20.2700631654712
4.10531276488504	6.49434152314808	9.29274062261504	13.8532987717755	14.4924299765706
9.68674977763345	12.831127811367	15.099976461981	16.7776953040376	16.5102849154102
5.60492119441193	9.66717085177305	12.2592574469064	14.1016640380831	15.0584360686954
3.63343397412578	9.79367297811444	12.9969588940208	14.5263332461857	14.8647770521237
3.7547125590944	7.90707590800713	11.6733291932753	13.2521802887389	15.2478456387709
4.8135408972052	7.38530236165792	10.0344307800614	14.236226631787	18.1467960393292
4.86754344434155	7.42046587238633	10.0940049249112	10.5856160870059	12.549890126335
4.86754344434155	7.08100111750235	10.3844658565944	13.4271050816908	15.3269866841049
8.71703179612831	15.5388963993582	15.8787457445436	15.1477270297491	15.1022635702767
8.02863846187438	9.68056659516679	10.3639865780018	12.2827862323756	14.147799156157
3.86052588928067	6.61529304969628	10.6097718425154	13.2033635057384	15.1178152068626
3.6197219677976	7.51800656049096	11.7736663816448	13.9688575233952	15.3255706664293
6.22812165782574	11.9018124505836	17.6493133681701	20.8148547113854	23.4308170750608
3.82858188842837	7.65033134882617	8.28259069892835	8.86280709241765	8.07850642994771
7.50462375881716	8.25950396249249	11.5648683435592	13.4285419343539	12.9290347273052
4.41364344323159	9.79517121361914	11.4746214296028	12.4509527925731	13.0522889936746
4.81354207433452	11.1777572234467	13.9027647905837	14.9411191837063	16.8020089138434
5.25979861097272	10.6995133382367	13.6827311005013	16.9778982495194	19.3520467609105
4.52264930842534	7.15686311556794	11.6131246633951	14.7136931268409	18.4119589037469
4.52264930842534	7.97594831244913	10.5085839442876	13.4149550450463	14.7991020490505
3.82858188842846	8.23237997431607	11.3410439316487	13.4149550450463	14.7991020490516
4.81354200463124	9.66717085177305	12.1937773730123	13.6926808916143	14.6677335391928
3.82858188842854	6.36598880522882	10.0344307800614	13.4149550450463	14.7991020490505
4.81354185872198	8.5185817042555	13.3816225397429	15.6600577988751	15.4413015015492
3.75471255909434	9.13974091487455	12.4067501499877	15.0912399540692	18.5089748941158
5.60492119441193	10.8449596267023	14.064206942291	15.9608266000766	16.5963345178764
4.08925456513384	10.182614973018	13.2864896089993	17.2430088995408	20.4460767012521
4.35979645820953	6.98193597966764	9.52698767503227	10.8913183150664	11.0785214329624
4.81354165826701	8.54550568168094	11.027693214271	13.5348084433375	13.9599762570698
4.81354209212867	8.14896468757377	12.3185711435422	15.1369336646459	17.1515896257134
6.15546375674143	11.444861175224	14.1510155786223	15.759639920321	16.897966149464
4.86754344434155	8.12945094446451	9.86146650934904	11.3209911467476	12.833633755809
12.1541648356746	17.5530711607213	22.459620607378	24.3397043758172	25.6493185221286
5.60492119441193	7.58806000017046	10.0102912007135	13.917233876334	18.3718846325231
5.06531436941231	11.9859194081357	14.3215195099928	16.2484260846994	17.6786897043348
10.6325156491039	15.354914674519	17.3556169662724	19.3891004625284	19.0539853598858
9.68674977763345	11.5949395013571	14.1038032416857	17.3101706531251	19.8566488872336
4.52264930842534	6.76736231328482	8.56752901407845	10.8274040573027	13.068529495282
9.0940388148918	13.8065959344505	17.3347853527533	19.8376155542757	20.3701109420944
8.02863843365066	10.4552843657685	10.7245626042285	12.9211927272247	16.8866290357373
5.60492119441193	11.444861175224	16.7820268337305	18.6836410941448	20.6293870958669
5.60492119441193	9.28416629436509	11.5329380501845	14.1859547773442	16.0535329393242
7.50461966705899	10.9391137099906	13.2133990238065	19.5129205136969	21.2246904224796
4.30446959248758	5.85022571673574	8.16481166484783	12.3949963841187	13.5790529766713
5.06531436941231	8.23237997431613	12.7863983787799	17.5851118956347	21.148362893743
4.08925456513379	6.71377678593262	8.34543270847507	10.7129070370967	11.5835143608374
4.4136434432325	10.639103365472	13.3448367971638	13.888240396961	11.8914456357464
4.81354142546121	11.1777572234468	14.9141004535279	17.6767729003828	19.6697383025385
10.6325156491039	14.1099596863178	15.2119766913296	17.1452528152205	18.7812220892704
6.22812166139875	10.4559336377987	13.1103714121969	17.0286580545494	21.7458160295413
8.35865935678515	12.164743407856	14.3278406295743	18.6924511111656	20.8073767086149
3.8285818884284	9.85812648768842	14.1531405713034	17.7434663394955	19.4503560768856
4.35979645821658	7.15816748707795	10.8054696578191	13.6345566697739	13.8562012795423
4.52264930842534	6.98193597966764	10.0098841617726	12.6205782237703	14.5037221230783
5.60492119441193	8.06649490657259	10.4871439669109	13.0045185178632	14.7637384828917
4.81354143393452	8.78144898248706	11.3522766042954	15.5083672524837	23.7403013856909
5.06531436941231	8.64026336730456	12.7566205212403	15.4989421927781	16.6825613690016
4.81354192567574	7.53181665156239	11.1935225458841	13.4135648847298	15.9665034182258
4.86754344434155	10.9391137099902	14.3516164496653	17.231291696155	20.2273853104568
7.31716075820117	13.9460715847924	17.6285199474316	20.8613080104568	23.3814969642908
8.71703179612825	9.42508009713538	11.2840582817893	12.1768490957264	11.8349332252214
10.3451351860643	11.7515138054948	14.7614968475758	16.9100864082508	17.8472206574448
8.02863875495348	14.6844118313958	20.5730552009705	23.4474715383356	25.4847898741588
3.82858188842837	7.0169972239687	10.1091518755588	11.6017511757541	13.4901922596133
4.07481147582129	9.79367297811444	11.2034570845745	9.78033806721294	12.9800443699311
9.68674977763345	14.7507476358179	18.4368580899298	19.6478395511746	20.0865103119357
9.97010951409658	16.0579191119449	16.9194209727516	18.2031240771086	16.1181017291583
4.86754344434155	6.58389725050671	9.35204667171809	11.5042059312547	14.2364217688353
6.15546375674143	11.1777572234467	12.8992628419347	12.6561536986282	13.2629179097303
4.02211967264964	8.47246382759033	14.3328375726362	18.9558912269426	22.3015877043207
4.0748114758278	6.70173033439107	11.4562008215588	14.1852826051816	19.7636461862388
4.97407992302891	11.9675045945361	14.1370913138134	15.42372800061	16.3826690558472
12.8361522117167	13.7538881553949	15.1968378553364	15.9457705860922	17.9818781744192
4.81354209813748	10.3598500340779	11.7462261554144	13.4090308343672	15.7191844427915
4.49940548009602	7.90707590800685	11.6733291932753	13.2521802887388	14.2089805336701
4.10531276488504	6.49434152314802	9.29274062268297	10.796347764084	12.94224454648
7.99958399222987	12.0915498744416	13.8404736401411	14.9112397803165	14.819752959762
4.97407992303357	8.05976686880916	11.940912300135	15.6305172722872	17.6520011524736
4.02211967264964	5.67236174310386	7.09908893134428	9.72101585070686	10.4674664484421
4.86754344434155	9.43405517214529	12.0656974824506	12.9951109056902	11.8332282859165
5.25979861097272	10.263557242848	15.4161960716609	20.700549737552	26.3426720037513
4.35979645820947	8.54550568168094	10.188063098449	11.1623236122512	12.4631088160558
7.50462063401199	10.8172573692332	13.7672183512322	15.6798366616662	18.5113645917067
4.07481147582692	8.40966273329065	9.99403230416993	10.8279714005025	11.204837447071
7.50462380815861	13.8683105814668	19.0024640747728	25.6300166294766	25.0382967382616
4.10531276488507	8.12489704703859	11.8789189561404	17.1622099485381	19.85355095633
4.81354196344893	6.60169681672568	9.26034781052198	11.8323480666959	12.7523949692278
4.81354123027575	9.81141598477751	11.5385626493923	13.3882758737885	14.1892400991735
7.504623700102	10.8172573692332	13.7672183512322	15.6798366616662	17.1828607768392
4.35979645820953	6.7673623131214	8.31327921859219	10.8999766378571	12.422517358063
4.08925456513401	7.51800656049056	11.5648683435599	13.0781589403904	14.0116205727125
4.52264930842534	8.89024361517642	11.6131246633952	13.5466218344795	16.1810686184664
5.65923533924433	9.4821756631203	12.0695631008019	15.2721281205493	18.3051655512428
4.81354170698825	6.58389725050688	10.049290589277	14.2391416534079	15.7750883753669
4.35979645820964	8.82695445579657	13.1764345142219	16.2257261730221	18.7580848532816
4.07481147582467	7.65033134882617	11.8226115885151	14.5774222260363	17.2909603979151
3.82858188842846	7.1651946371619	9.73656937320743	11.0953203459503	11.8749690820465
4.35979645820964	9.79367297811439	12.094477230428	15.0851330164789	16.2780132680496
4.97407992303221	10.9068487640565	14.1916830677749	15.9292318154788	16.51017486615
6.06762429287505	8.40419247771666	10.2460746918836	13.1356703465473	13.8312418455084
4.81354161569885	8.23237997431613	12.2791900624021	15.0644029700256	16.2130371370026
4.81354209844284	6.37206932565903	7.82683342149903	10.5529966787535	11.8365153947735
4.30446959248758	7.53301533800322	10.4542702893091	13.1540784577906	14.4239217401392
4.10531276488507	7.73559069362176	13.5612349647635	15.0913142590309	15.8871094910514
3.36441116053714	7.19242519370647	10.1738715272181	11.874345408013	11.8719147010288
6.7163114425598	10.1642703388432	11.8793063764949	14.006778872929	17.8404985871395
4.07481147582541	8.01264566749205	12.2530160743307	13.827529772734	15.8126987265165
6.7163114425598	10.599100181293	13.2524973183804	16.7704488485444	19.4410180960529
3.82858188842843	6.36598880522888	8.52561892494765	11.5552420359688	12.5067713933321
3.9854630512786	7.0169972239687	9.31763426166219	10.3356724731469	11.0842177632922
3.26659418791007	7.65033134882651	9.23432430435417	10.109414414298	9.19841431585201
4.35979645821675	11.6528015198836	15.3169360082121	19.1965016959193	21.361420755221
3.82858188842894	7.41444061674326	9.36798090156395	10.2027988325752	13.4200792259657
6.7163114425598	12.2373645041613	16.8475048562829	17.8487100601141	16.3562724895176
4.10531276488507	8.12489704703853	13.3928280979394	14.4702305949384	15.1468389494307
3.63343397412569	8.67510878503174	11.3559010507798	13.4202029904605	16.1321854687682
6.2460887021835	10.2300518800285	12.1101040720104	13.8532987717754	14.9287801105653
10.3451351860643	17.9011336591165	16.1178005716602	15.7148633309378	13.5764777714105
4.49940548009602	7.15686311556806	10.6046978268412	14.7826618030795	16.9281886469117
4.86754344434155	7.59255961711574	11.0931846495033	11.6887080623887	12.1649472736056
9.97010951409658	13.3688198480654	15.7012771085869	15.2853474720341	20.4417138643409
8.02863850405265	12.2789312315896	18.3809759741252	20.2403502389292	16.3239900332346
3.86052588928061	6.11298718822997	8.68430794966622	12.5106241732202	16.2673384477439
3.60473679561659	7.65033134882623	9.51709050411688	10.109414414298	10.5875426494083
7.95866514797677	11.318845036389	14.7890638180998	16.8167847447456	18.1222352736535
8.35865935678436	14.4216392011683	14.9996193886413	16.2016182778724	17.7482197020634
4.10127484408116	7.25912664232806	10.4861051225151	12.5553698701628	14.4696031861644
3.75471255909446	7.65033134882657	10.0913463747796	11.8141591882991	13.6163827692197
4.07481147585304	8.67510878503174	11.3559010507798	15.9549475861496	17.4699700615783
10.3451351860643	12.2059196537728	13.039562504639	16.7042106617653	23.4348578452899
4.41364344323216	8.27640784132393	9.90263103144014	13.0045185178657	14.4298425094356
5.06531436941231	10.1619443220765	12.7198251547787	16.9777483993375	19.4982260149616
8.02863830495647	10.4552843657688	10.7245626042284	11.7156875498614	12.6125056367133
7.95866514797677	12.5245266242069	17.4512903418222	20.7292262627964	23.3458469468374
6.22812165550812	9.86932218875182	10.7398087916227	11.8676097162165	12.7459055863353
4.35979645820964	8.04305238995914	13.3928280979393	14.4702305949195	14.0084675286415
6.2460887021835	11.4147336355095	15.7587296114448	19.3554892378767	19.4286993900856
4.41364344323233	9.23213584151949	11.73622606572	14.2423705027455	15.8997810806721
5.06531436941231	10.9396786351463	17.6839484530934	19.7546534809743	20.8276208082325
6.84425287419191	11.4435940787884	14.6655404784998	17.256513505752	18.3361082247508
4.81354190018027	9.56226938605198	9.48281401069551	10.1937797703807	10.6934976782554
7.31716075820117	13.2938771269621	14.3078773187288	15.2970816211721	14.2867833167167
4.10127484408116	7.25790318563571	9.59131487743309	10.4328694813262	10.8646195171698
3.6197219677976	6.81298778585898	8.77960044697204	11.0882215388716	12.8883330020468
5.65923533924433	10.8107676864786	12.5892438602768	13.8777280281789	15.7931901851583
7.50462365651561	13.8683105814668	19.0024640747725	20.2756413966987	20.4944789977942
7.31716075820117	9.26756362460083	11.1315219706964	11.4936233007608	15.1828793027817
3.8285818884284	7.62539662745007	9.79563307331853	12.0436558649978	13.6163827692199
6.2460887021835	11.5472684142975	16.214105543174	17.9746663572051	18.6158944895532
9.46454584496826	15.0218910904841	17.7213910943773	19.7925632165313	21.5866808145329
4.81354199713996	10.2635572428482	13.651729675176	17.2698082297168	18.7772481813234
4.02211967264964	8.43244798951673	12.5003605997897	14.3115896249144	14.896341233075
4.86754344434155	7.07831539811411	10.6913879885569	14.5520260198909	19.168337136857
8.35865935678345	9.20457461173606	10.9791514697469	13.675474537788	15.6285045796141
4.81354167335297	10.639103365472	15.6469446734636	17.9267851473665	16.514893157282
4.52264930842534	11.444861175224	14.1510155786223	16.6211662762385	18.6034683619187
7.50462379061503	11.2519315628825	14.8742425462199	16.1606190812085	17.1480736870388
6.06762429287505	12.6129192764174	14.5214652833125	16.501842236394	17.5391141888417
10.7441500874024	19.4426970271909	21.7973907977519	22.7565092782797	25.519516406895
5.60492119441193	9.28416629436509	10.934695919856	14.6452446694555	18.1722370470318
4.35979645820959	7.39048556683053	9.79563307333308	13.7151027940967	18.0712813577485
4.10531276488504	7.97594831244913	10.5787390842335	11.9414480922929	12.4255724169245
5.06531436941231	8.64026336730456	11.5834443981717	10.4978782280738	10.6677495881463
12.8272366903615	14.3629927447212	15.349353233114	17.4156022456145	19.593951104173
4.81354193304594	7.66112119233469	12.8359011644702	14.8969482805404	16.8055285787506
3.63343397412575	7.66555531465343	9.13864351888662	10.9466749530624	12.3983516743866
4.10531276488501	8.0616450400218	9.83801161850494	12.4447085150075	16.8038858494446
6.68660703226448	8.28289281486667	9.51873239356303	13.7151027940967	14.9763830995094
8.35865935678476	9.20457461173618	11.6131246633951	13.5466218344795	15.2775303234878
4.08925456513384	10.639103365472	12.5960374774459	16.1407821306593	16.990546679373
4.81354173871887	8.05976686880922	11.4908975856159	13.4435593916827	15.2006159031066
7.31716075820117	11.9333233717024	16.6150614598059	19.6987067920688	21.8237203384466
3.75471255909446	10.7881930640285	13.3467491767615	14.214296309571	14.613474073306
10.3451351860643	13.9681997909465	11.6778519119154	17.9744127415481	15.5188740708181
4.08925456513356	6.81316278311249	8.89546596291797	10.4698790812	11.0142936167153
2.22378507632453	4.53089421859659	7.52888903821423	11.022540580538	12.392985279792
5.06531436941231	9.56296257801193	11.306865576028	13.4843682657471	19.5637003123051
6.22812165909301	8.25950396249243	13.1282589721205	14.0335100178244	14.793367460222
3.26659418791002	7.65033134882651	10.09134637478	11.8067659555738	17.0385884603712
7.99958399221924	13.4842658456158	14.6739776458742	15.8006911077863	17.5063254303558
9.4645458449682	9.12701954702982	8.74141711914217	11.4630289094806	12.5877905383671
4.02211967264964	7.38125086962856	9.69554911650278	12.1919991488195	13.6260681842481
4.81354128224177	8.99518750703396	14.3078773187288	17.3197947072952	19.4517310011008
4.35979645820959	8.24460395417566	12.0870182136005	12.704440974045	15.372240505839
4.30446959248758	7.63602531102714	11.5431441026351	13.592903283481	14.2627041314274
4.81354195717034	11.444861175224	17.0608378326071	20.549319129518	31.1662881230121
4.35979645820964	6.98193597966781	12.3140783749535	12.8167638113117	12.7267624548385
10.3451351860643	15.221069552148	18.25486170108	21.5404370546788	25.0320948771401
8.3586593567847	12.9633288285737	16.3960755990927	18.5776945984895	22.9429744612904
4.07481147582629	7.57194434569129	10.5916518401516	12.5134971457383	14.0625518442841
3.40684201412301	5.08387551165953	6.27711124275123	9.26608244361796	11.0753142756873
4.52264930842534	6.8736708710241	9.21435380017721	9.16251514911119	10.7886119059831
4.41364344323114	11.444861175224	11.9316078659235	13.3629492887866	14.8632007484682
5.06531436941231	8.73344349199203	12.9881899697753	15.8636897976668	17.9108006424109
6.15546375674143	10.7314106479868	15.1443501960781	17.1238711408802	20.4208860844421
4.81354208986585	6.38252297837022	7.89991051136866	8.59107009412855	11.4730068584561
7.50462306842371	10.8172573692332	13.7672183512322	15.6798366616662	15.6830445469882
4.81354198105697	9.66717085177305	11.6184920176875	13.430128137699	14.5187654129043
4.86754344434155	10.7963024211249	13.1674337401403	16.0416050458922	20.9589286303501
4.81354174665142	8.06649490657253	12.2669608455097	15.8334996260344	17.8713952735621
4.97407992303164	9.22203790355081	13.3094629399813	15.2615726839939	14.7455815157057
6.22812165480701	8.04305238995914	11.4509300000312	12.412219766253	11.1317549466534
4.1053127648851	7.97594831244913	11.6733291932765	13.2521802887388	13.439205707563
5.25979861097272	8.05976686880922	9.10032819843696	10.6295410720249	11.6995536113558
4.97407992303084	7.38125086962856	11.3184612644865	13.4272367165242	14.6984290725442
5.60492119441193	7.77120007560336	9.33676502602481	13.1101312181337	16.9887443369193
3.75471255909434	7.97594831244913	10.5085839442876	12.3587802205096	13.9328209563791
4.08925456512605	8.82353597255957	12.3310177302047	14.1616259007334	14.2231203324816
3.86052588928064	8.06164504002197	11.3410439316487	13.0089650572772	13.9815324881758
3.86052588928064	8.67510878503174	10.9874463175568	14.5338186909878	20.3361100340349
12.3491849797522	14.8358157901241	16.1974678602162	18.2819697360284	19.3631520744585
4.52264930842534	9.37460839471237	14.6231532978985	17.2498408728371	18.2928658757072
4.41364344323233	9.68198651856551	13.3230239603683	14.9411191837063	17.713614788107
4.41364344323136	8.27025607370632	13.3179373251187	14.2550031018625	14.9857770635101
9.97010951409669	14.4843612004805	15.1476492851069	15.8707033323282	16.027201751565
9.4645458449682	14.4593457973188	13.8427817846556	15.4954272240849	13.0568456222268
4.8135416670122	8.51858170425544	11.2959772369831	9.31067004729067	8.79841323460687
4.81354206676014	8.0641025293246	10.6803959086856	15.1194075514308	22.0245406016018
7.53730659356762	12.4917614616594	14.6366596879375	16.9290937736087	18.7062637237445
4.07481147582615	8.05976686880922	10.5561054937238	12.5134971457365	14.0625518442739
7.99958399222328	12.0915498744417	14.0824670067412	17.035425893449	18.0704868777309
4.07481147582152	10.7320985266152	14.7210957573845	19.0798428364848	21.0892028365449
9.87502892658648	13.1891625536796	16.4217662919355	18.1805650030497	19.2138977006869
7.53730659356762	9.30032664495508	10.2400144529702	11.3796731522101	12.3871935677304
3.7547125590944	6.06206004263083	9.59133637150262	12.2050008685366	14.0974933355952
10.7441500874023	16.7805287053125	18.7177399470153	18.572026598867	18.6478593484692
9.97010951409652	14.4843612004805	20.1012868337688	20.6254595104483	23.9997701445332
4.08925456513356	8.04305238995909	11.4509300000312	11.8917740255214	13.535598930695
10.7441500874026	14.0191009490228	17.4694322715471	19.6309740428343	21.1396522277561
7.45310330066729	9.06751741464586	10.7721676028705	11.6376180934209	13.2739769606317
5.06531436941231	6.8039454474299	11.6689175511571	15.1130147019463	16.6064466506699
6.08618037875345	9.26756362460083	12.0843093256733	12.9937316585757	13.6910334377717
10.3451351860643	17.9264928615535	23.6707913748867	24.1627108358068	25.3416469466631
4.02211967264964	8.01264566749205	10.5181301101481	12.3072001589833	14.1815543005071
4.08925456513361	6.81316278311249	10.9347343911044	14.7550162428896	16.9000357315535
6.7163114425598	8.22967918059459	10.8324616586933	14.1547584824486	20.7921825216794
7.99958399221447	13.4842658456158	14.6739776458707	16.4780838813399	15.4917796130825
8.71703179612837	15.7933824201796	18.4518985631766	20.3614899359108	21.1036733310879
9.46454584496826	11.4965650619876	12.8972674882521	15.3441355160426	17.8462885704508
4.35979645820964	7.99498605614281	12.1441353396677	15.6747498239876	21.5425831758124
9.97010951409658	13.168234412627	18.1226682163494	21.3746851204773	23.7500784804826
4.86754344434155	8.61456374581206	11.5778957608217	13.4226374843991	15.6162487396094
4.02211967264964	9.11819281158319	13.2959765280366	15.6777318227695	18.7163004616787
5.25979861097272	9.05619906992786	11.3596790875638	12.4228900597801	13.4762186670301
3.72522102536396	7.25732376128275	10.0493612650652	12.2473094180386	14.4892048101625
4.35979645821669	6.69031626441802	9.34585897296552	12.3772937828779	14.0272264799676
6.08618037875345	8.39470487689948	9.27451523153002	12.0357888462091	14.1733998073674
3.77813517449886	6.04348750070682	7.72547603819862	12.1065527338823	16.6127637790825
4.4136434432321	7.38530236165752	9.52698767503222	9.97668409888632	10.8459509049896
7.53730659356762	15.3014786966236	18.6793080701904	21.0620271069351	22.3865050516358
10.3451351860643	15.347640464771	18.4151664712052	21.6705317896642	23.7605528907256
4.35979645821664	8.40419247771666	10.3551590312791	12.0541813703163	12.9858376313101
10.762326358202	19.9146533160667	23.8610693482893	26.6599802676647	26.8653743519575
4.35979645820959	8.24460395417566	13.0054619301068	14.7808267159602	16.4529259652235
4.52264930842534	11.444861175224	16.7820268337305	18.6836410941448	18.5331543633895
4.07481147580879	7.41444061674332	10.8233052525464	12.6229908730701	12.9885868772703
7.50461893253515	11.1777572234468	15.8960292157031	20.6419016658672	20.0681809685134
5.65923533924433	10.2874896646765	12.9380425596987	13.8727213828975	14.723262390928
4.86754344434155	10.6391033654722	12.996958894023	16.2843336569725	17.8896779481647
4.35979645820942	6.76736231321098	10.3637730212621	15.0474544600154	16.9887443369192
3.77813517453706	6.22692962620113	9.06826395003122	11.7457088592333	14.5431535040664
4.0748114758357	7.62539662745002	9.52690096138349	12.5322652977763	15.5046211262998
4.08925456513367	7.1956515528596	10.8141210436076	11.1187550347883	13.1838799093469
7.50461675854149	13.8683105814668	15.6781684959292	15.4542202076951	15.1599562854364
3.75471255909446	8.12945094446457	11.1732660762453	13.4021231643148	15.573068170454
4.52264930842534	10.4559336377987	12.4611352383974	13.8291829533562	15.4623488382815
4.07481147582291	7.45511211517834	11.1002114565729	13.115499805383	13.3251645046348
10.3451351860643	13.2713382811443	13.6292635036339	15.8768804193304	17.8184545354981
6.06762429287505	8.40419247771666	10.0675672553356	13.6678275999773	16.6244252983182
11.1493421094453	18.5227425655202	19.7529228893393	22.9976856020297	22.7898871363698
6.7163114425598	10.1642703388432	12.2442798410626	14.0875652118975	14.0856845887929
4.97407992303152	8.01264566749205	12.2530160743307	14.1266772035414	16.0842682739484
3.9854630512786	7.24038005930117	9.62409921571754	11.3545287418499	12.2624939962303
4.4136434432325	8.61456374581212	13.1617587126678	19.0990072910265	20.9357914601987
4.02211967264964	8.09630829061405	10.5092260805559	11.9348053945531	12.9553608849435
7.50462027082978	13.8683105814668	16.4370906480092	18.4706226990564	18.7769085770569
7.50462257936965	11.2519315628822	16.3135432464156	21.4419892402835	23.539117974715
4.81354202559095	11.1777572234467	12.2791900624019	15.0644029700256	17.0610328363832
5.60492119441193	10.639103365472	14.7511738126236	17.3411396774565	19.9950446858817
4.10127484408116	6.09922925385695	10.5021804190023	12.9983757805924	14.4675703283472
4.81354115578102	7.53181665156245	11.1935225458844	10.167373583943	11.4062357673781
3.77813517451347	7.90707590800707	11.6733291932757	12.7550201505704	13.655996756633
4.35979645820964	7.60236214398748	11.9747847096075	13.4271357783214	14.5479264173019
4.81354203655729	8.06649490657259	12.3310177302047	14.1616259007372	14.8251697712892
4.10531276488501	9.79367297811439	16.9441222685186	13.0794313135832	14.4108601807711
3.48888466281733	8.12945094446439	11.173266076245	14.1299637215329	17.1710567833004
4.02211967264964	8.82353597255957	11.2631402688473	13.2173866482204	16.4479683173316
3.77813517453961	7.41444061674321	10.8233052525464	12.4520985694109	14.0770563880624
4.81354130739692	6.5492565537586	9.48654849348799	11.0723976249739	12.4407538065565
4.81354198678895	7.77187964643338	11.6760071350329	13.4850871365479	15.577653851338
4.81354115217482	11.1777572234468	14.9141004535268	14.98586680938	15.0118096311227
4.02211967264964	9.56226938605198	12.6036347177441	14.4167883172609	15.3610890827416
4.02211967264964	7.20603495054678	9.48051589156455	12.478611521915	14.7511309982564
3.60473679561659	5.57720794316054	9.09721902366567	10.558685131955	12.0965436679909
6.84425287419191	9.13746039358523	9.97048976737096	12.5314258466204	13.6134908451475
3.56199160097776	7.97594831244913	10.6190818493447	12.0078519161402	15.767929380394
4.86754344434155	8.01264566749205	10.5181301101481	13.0189896295412	15.5392557437101
3.63343397412578	8.12945094446439	10.7021716835166	14.7348898691653	14.0371001138902
6.7163114425598	10.0586924911375	13.1002611512121	16.025119732031	16.9768086733008
6.68660703226448	10.7854070691224	13.4821776435151	14.4491286488696	16.9422409140347
4.86754344434155	9.43405517214529	15.3547638944262	18.3363650939007	20.9757029485361
8.35865935678453	14.4216392011683	21.0856508552234	23.3945358646996	22.1154727446203
6.06762429287505	10.7718861054772	12.5885406159484	14.5687469937583	20.3563865445196
4.81354184579664	10.7881930612288	15.257457753932	18.5653781074378	17.6763006461061
4.10531276488504	8.06164504002197	11.5648683435603	13.4285419343542	15.2511743104189
6.68660703226448	13.4002762702556	19.3872573414807	21.5871118881471	22.8322865832654
9.97010951409652	11.7949519912253	12.6508217353409	13.1284422677774	14.8911231791296
3.75471255909446	9.79367297811456	14.7860872397249	17.5749596343119	18.5602868414402
9.46454584496826	13.4768479641418	14.5260850491915	17.1676919714725	17.5856424560713
7.50462346578189	11.2519315628826	13.1247102121396	15.354950407983	16.7124569361611
3.6197219677976	7.62539662745002	9.70975340562876	13.7295144066863	18.6436643158606
4.97407992303027	10.9068487640566	12.8034067539016	13.5447734601657	12.7804800629838
4.49940548009602	8.10730527298045	10.3919603461362	12.1720821860674	13.672543572603
3.56199160097765	7.97594831244965	10.5085839442962	13.1742166847413	15.147038935453
4.35979645820976	7.60236214398856	11.2812566248244	12.2938367093042	13.2055529659479
4.52264930842534	8.14896468757377	12.2912913522837	14.2705311584083	16.236482364371
10.3451351860643	17.9264928615553	18.0194595958533	21.0558121899224	16.7934751764876
4.52264930842534	8.14896468757377	9.75130582164411	11.1913153697817	12.6190558338424
7.50461692114862	9.84971454563714	12.0959533081327	11.9290694757243	12.7043345693523
8.02863809051485	9.68056659612665	9.94948962818597	12.5139044700807	16.2946203937714
3.20404346061622	5.47960773339082	9.10116973522594	12.4013839730749	12.5629217390736
7.99958399222731	13.4842658456159	16.5265819563381	16.7567778686679	18.7026622935139
4.02211967264964	10.325831350778	12.5874097622784	15.7974310406827	18.0430839438481
4.10531276488504	10.9391137080101	14.3516164496652	17.5249841562541	19.2304668215298
3.56199160097776	7.15031070781089	11.8024597961023	17.0109526943503	18.9688756333975
3.4428293447624	7.99051180597951	11.6625030654623	15.0594026033543	16.50704933079
4.52264930842534	8.14896468757377	11.481994310138	14.5761292137777	15.8271631939172
11.4767167728963	15.7799484451862	18.7543301095005	20.847788776777	21.9294954404426
8.71703179612837	9.84971454563708	11.1549570229159	11.4459336616716	10.8219543094738
7.50461150795672	7.73957734742805	7.79349360119045	10.1673735839428	10.8291822715884
4.08925456513356	8.04305238995909	11.4509300000312	12.4397579384473	15.6957143173484
6.68660703226448	8.32153045434978	10.8141210440915	14.6417433563938	19.7833022196147
2.87374888049882	5.26301916540234	8.46892713217824	10.9552492524544	12.9656665375758
6.06762429287505	10.9391137099904	14.3516164496653	17.2312916961549	18.8190414375717
4.41364344323182	7.38530236165673	10.5561054937232	14.47059937838	19.5029408191383
3.20404346061619	8.12945094446457	11.1732660762453	13.3915955537499	16.1321854687681
7.50460666247557	9.8497145456372	10.528520734898	14.2739660937781	16.1107840259671
3.56199160097771	5.92697715307236	8.07793164916211	12.0683330077745	14.7617132147159
4.08925456513379	9.01838704183052	11.5507827115032	13.3539191112674	14.2912201941494
5.55666777382987	9.36614430568318	11.6239396902913	14.7982978573934	15.9409521832999
4.08925456513384	7.19565155285954	11.564868343559	13.4285419343538	11.973080771612
7.50460666993649	12.7053122548734	15.7004579711285	17.6951081889054	17.6468200653475
4.52264930842534	8.18330853485003	11.5834443981714	13.4131573433865	14.5597752397962
3.72522102536396	8.12945094446439	12.2530160743307	14.1266772035414	16.0261140957763
3.40684201412304	7.88363759982479	11.1634246839108	16.099064948004	17.571211864763
4.35979645820959	6.98193597966758	11.9956106206678	13.741291433283	17.7940323545629
4.97407992303164	8.93197012983211	11.5985166892339	11.8132228295796	13.929587289719
11.476716761061	17.4810374698212	18.673983309621	21.6968946838003	25.0075494301631
7.99958399220628	8.7680974204049	12.4153711707225	15.5277726768548	13.7423679529873
3.63343397412581	6.58589991065367	8.14006596893284	9.53931346795787	10.0210713499371
5.60492119441193	10.2635572428479	12.462522722635	16.2400055600052	17.0546899286434
8.35865935678436	12.2217738330182	17.000585974232	21.0028143336118	22.7180615538089
4.02211967264964	8.09630829061405	12.1181818129442	14.8041293825162	17.7246460143001
7.999583992211	11.4201919928115	14.4745424129813	15.8096392873789	18.7370410091097
4.49940548009602	11.2486241041839	15.8925362673301	22.815678504261	18.4416545651789
8.71703179612831	9.42508009713544	11.1947868291208	9.95661493060351	10.5997772897632
3.82858188842894	8.05976686880922	10.9674591296866	14.6048413081425	16.2006414503668
4.81354123033577	7.156863115568	10.6190818493447	11.743209518838	12.065313803291
3.56199160097771	5.92697715307213	6.89436245988213	8.32121002905001	8.91894683746142
10.3451351860643	12.2059196537728	15.1975196244377	17.5492641126154	18.4139282132685
7.95866514797677	10.5041313842599	11.4065626121468	11.5082525146801	11.681208353846
6.06762429287505	10.639103365472	13.3448367971639	15.3516598534065	14.7424586823028
4.81354135107546	10.0497631404279	12.5383736646587	16.5537980722141	18.2554536934148
11.4767167298244	17.5024244455993	19.5533967192603	20.5418182666751	19.2081300891907
4.81354172969623	6.81316278311249	10.0344307800614	15.3773888228906	17.7928734641149
6.15546375674143	9.93720483694807	10.4804218705411	12.704440974045	13.6514552825089
7.99958399222646	11.7497091991301	15.669259410756	17.2668987514851	18.3446712387164
4.0892545651335	8.04305238995914	11.4509300000312	12.874032988994	14.3558736061069
5.65923533924433	8.11805574647087	10.5480188240077	11.5594272324639	12.9740524382623
3.26659418791007	7.65033134882651	8.01170760394706	9.57787892734461	9.68057865766974
3.72522102536396	7.25732376128275	9.31888318158042	9.49723504657982	10.7681632926947
4.41364344323256	8.78064220132211	9.59597777696621	8.97650993997053	8.40056456651928
4.08925456513373	7.49820107167579	10.8854216025667	15.1612453145575	17.844228131116
7.50461715859035	13.1913059050466	15.8705674836914	18.2645100010378	20.4961016135086
4.35979645820953	10.7881930612288	15.2574577539282	19.2674552225036	21.6533162945125
10.3451351860643	13.2713382811443	12.4744970545092	12.2760244495236	11.3390536377243
3.72522102536396	6.89030956633314	9.14773849973159	10.1974351790548	10.9901399697209
6.06762429287505	11.7497091991301	14.8897054887101	18.1618137227366	20.1047121987035
10.3451351860643	17.9264928615553	24.0887470880592	23.5164604335665	24.2585521368032
5.06531436941231	7.65033134882617	10.0913463747813	12.0458005721242	14.7589416501859
4.81354131398899	11.1777572234468	14.9571956856589	16.9225254590302	17.940576244329
3.18922078124257	5.49753513416221	8.70859948065095	11.4688455580149	12.7038731973195
3.82858188842843	8.61456374581206	13.1617587126668	17.9094347209232	20.2504549793499
5.65923533924433	7.44014404410632	9.87530128248534	11.5827775983884	11.6891779660672
3.60473679561659	7.05478254096226	9.06191550251009	13.6925950057487	17.3826254631681
4.10531276488507	6.49434152314802	8.23330469541935	10.0671805625949	10.7281443409582
4.10127484408116	7.25912664232806	11.7829934853517	13.6335606664109	14.7090003758104
4.86754344434155	7.41444061674326	10.0423346660722	10.6618432186511	9.76730336418905
8.35865935678476	14.4216392011683	18.1724370806464	20.3678868427778	21.8121313638862
4.08925456513401	8.67510878503174	10.5085839442878	12.1919052737849	13.5005665396905
5.06531436941231	10.9396786351463	13.5581175598521	15.4614915904349	17.1877435584305
8.71703179612831	12.2491363005992	13.6643217718516	16.635195537646	17.8782654695967
3.26659418791002	5.85022571673812	9.68949961319521	11.9067740921222	14.6821456009991
6.15546375674143	8.40966273329065	12.3310177302047	15.2279850343017	17.9634518678544
4.97407992303039	11.2560549063375	13.9721578739951	14.326149277416	14.8812588363166
8.35865935678476	11.9675045945361	15.0273164044135	16.8616353624121	17.9284811098045
4.35979645821669	10.7881930612288	14.2906169489818	18.0276525965525	19.2999989994426
4.41364344323256	9.01838704183052	13.1958119307772	17.9294896524499	20.646239880072
3.36441116053737	8.05976686880922	10.18806309845	10.7821451010005	11.4952187951767
2.83706806664495	5.08387551165953	8.31734881202414	10.3222977512214	12.8404227275844
3.36441116053737	6.33599218647083	11.0063247260551	13.4942833358152	14.8882568693645
5.06531436941231	10.6391033654716	13.3448367971637	15.0023070710044	16.3558154907562
9.0940388148918	12.8311278113671	17.6702026489855	18.7242494184784	17.4412780871965
4.02211967264964	7.1651946371619	10.5021804190029	13.6117224816698	15.441301501543
4.52264930842534	8.89024361517642	12.0843093256732	14.8567756083072	13.1574947363267
4.10127484408116	7.62539662745007	9.66431597356348	12.5322652977764	13.9463804108233
6.22812159391805	9.45360656477158	12.0206805434206	12.5126921370035	13.4452462940976
3.63343397412564	8.11805574647082	9.71928870021117	10.7032611008533	11.6346810768255
4.10531276488507	6.81316278311249	12.5080282142098	15.391370019423	16.4152429397141
7.31716075820117	8.95713940777256	9.88036168845872	11.5364051721467	11.6407484874961
4.35979645820953	6.98193597966758	10.0737766160992	12.2713199455181	12.9905116425806
3.20404346061622	5.67236174310358	9.51873239356303	11.490928432603	12.9254598717915
4.81354146428583	11.1777572234468	13.0385822481231	16.842190642741	19.7696681909807
3.72522102536396	7.64691978605947	10.0514455752826	11.7846172993671	12.5067713933321
3.7547125590944	8.67510878503174	12.366238910362	15.9549475861501	17.4699700615779
4.08925456513367	6.71377678593257	9.68949961319657	14.2475823650293	17.6488354126059
4.35979645820959	9.56296257801193	10.7465379757709	11.631314058125	11.8500257475186
5.06531436941231	10.9396786351463	16.2757529294347	19.2567680468848	22.418667366901
7.50462387869413	11.2519315628822	13.1247102121185	14.8950850970836	17.7564955729537
4.10531276488507	7.6360253110268	12.7863983787799	14.0404533003156	17.7897656206461
3.20404346061622	5.67236174310381	9.51873239356297	10.2472901239345	11.2235820111567
4.10127484408116	10.2635572428481	12.462522722635	16.2016182778723	17.7482197020636
3.9854630512786	7.90707590800713	11.6968369364119	14.3577795909325	14.6673756997513
5.06531436941231	10.9396786351463	15.6469446734636	17.9267851473665	13.9563256023432
6.7163114425598	9.00701286214195	11.6733291932752	12.1454135935285	13.2000183537519
5.06531436941231	10.9396786351463	12.6738460249449	13.9996176126727	17.2382778233985
4.97407992303107	11.967504594536	17.6629035062537	20.1202848475581	22.8232762481625
4.97407992303215	7.62082939176412	9.12740969012202	10.997395241222	13.4188407558705
4.52264930842534	6.6372868440302	9.07754559136515	10.2724811227528	11.3418921437253
4.10531276488504	9.70464178985316	13.1674337401403	16.0416050458922	16.9550068493573
7.27571544255886	10.9068487640565	14.8897054887101	17.5155340722452	16.4863288733236
6.22812155189115	7.75605035266426	9.48887554299637	11.3398096665531	12.9740524382621
3.77813517451415	7.19242519370653	10.173871527218	11.7153088660206	12.3418886529194
4.81354145470635	7.1651946371619	9.61138726366096	11.9853160618761	14.299850441081
4.35979645820964	7.60236214398759	8.72347421817517	9.72192472664381	11.3952249634515
4.30446959248758	6.77376904738412	9.8794485351267	13.7151027940967	16.9422409140348
4.81354207958486	6.37206932565903	8.48026600659637	10.8178276670991	12.0695597334071
4.97407992303221	9.05504077499438	11.7152144474273	14.5384149331645	17.5230296198116
5.06531436941231	9.39530485993333	11.8929365983471	13.7284579782347	15.6230075662161
5.65923533924433	8.59017135387319	12.2950854262056	15.1352428016764	17.1700762158233
4.81354169953335	8.51858170425544	11.9966446125288	13.8777280281789	14.4644971768351
4.81354160916811	6.46227004831303	9.90263103144014	13.0045185178707	14.0611921032337
4.81354184335396	8.14029804225498	12.3310177302047	13.8239270522328	16.049029289632
6.2460887021835	10.058869076296	12.608061646903	14.4414750815934	16.3708092210733
6.7163114425598	13.0727538681836	14.9236885171649	15.8843387322864	15.1750322553397
4.35979645820959	8.27025607370632	11.6733291932754	13.2521802887388	13.4182180190414
4.86754344434155	7.08100111750235	10.4493324328768	12.1474300444803	15.1541939228182
4.10531276488501	10.9391137099872	15.2463056481437	19.6704776616929	21.1559500477676
4.41364344323188	10.7320985266152	13.4398897420118	16.6189783523924	18.2714114025773
4.97407992303266	9.79367297811439	12.996958894023	15.1917620071882	17.4460057695777
3.18922078124257	6.4947766032256	11.4562008215589	13.4021231643148	16.0805462364327
4.81354192893201	8.12945094446439	11.1935225458986	13.3915955537497	14.8396429951429
3.6197219677976	6.66110946284181	9.70597721213812	12.0660039448987	14.7538597575528
3.77813517453524	8.0641025293246	9.33526653214983	11.5552420359691	12.506771393332
4.08925456512611	7.41444061674326	10.8233052525464	12.6229908730702	14.4222167820623
4.02211967264964	6.19531086640228	9.51873239356297	12.3491779193617	13.7847523869607
4.52264930842534	8.89024361517642	12.366238910362	15.1003825009554	17.043132130018
8.35865935678436	10.8301463376761	12.6893671612917	14.5940927309771	16.3347523410342
9.09403881489175	12.831127811367	15.4299171481099	15.3615973441106	14.9115022506274
4.81354206333339	11.1777572234467	16.0218449240415	18.6818292437256	18.9913216009405
4.35979645820959	7.88363759982479	11.9747847096093	10.8826728315011	12.0200259831649
4.97407992303033	7.62082939176412	10.6925808790059	11.5784990164559	15.0175901943716
4.81354209439013	6.71377678593257	9.88448411494198	11.5230830678981	12.7895469348711
4.52264930842534	6.6372868440302	8.68430794966582	10.342546553112	12.0427220484884
5.06531436941231	7.16751622439358	9.24337107810493	10.8734675837591	12.5960467665889
6.08618037875345	8.53096924175128	10.3485692388094	14.2216325159877	15.8799905960749
4.86754344434155	9.43405517214529	11.1755916663628	12.4284333481599	13.8426493949079
4.81354196133378	6.37206932565903	7.94286905469517	10.0765008570706	11.9155265244878
3.6197219677976	9.13974091487455	11.4051582359909	16.5527828263941	17.9105685848318
4.08925456513401	7.0547825409663	8.91767377985252	11.0555863414623	12.2775392796068
5.55666777382987	8.37353921852088	11.1449116428353	13.1812443393462	14.2563772763511
4.07481147585341	7.1651946371619	7.78451275303723	9.58989230181771	11.5283745891485
4.52264930842534	11.6528015198836	13.4376494189717	12.8371085236604	14.574181025544
4.81354202739334	11.6269045940085	14.3178580061715	15.4125222379945	16.0113220839775
3.6197219677976	7.66555531465343	10.5172526833319	14.6452446694555	19.2372015256964
4.08925456513373	7.41444061674326	10.8141210436055	13.527649244864	15.0294152178438
6.2460887021835	8.78064220132217	12.4428840684189	14.1871845361982	16.588725573659
6.68660703226448	9.0875949989109	11.6733291932754	13.2521802887389	15.2478456387446
4.41364344323199	8.18330853485003	11.3454116219793	12.4039558052892	13.6270168956392
4.07481147582749	7.58810556769089	10.0344307800614	14.2362266317869	18.088497701848
9.46454584496826	13.4768479641441	11.2995063236033	11.9913194289381	13.2893571189455
4.08925456513418	8.12945094446439	10.5937602724582	16.3570942516823	17.3500711430578
6.2460887021835	11.0007676721581	16.2795620101405	17.5158346393287	18.5458768949591
4.86754344434155	9.43405517214529	11.1755916663628	13.1924718932734	15.0930623468656
4.86754344434155	8.8024450714488	11.4822796232659	13.7714671867274	15.7437424713319
4.3597964582097	11.6528015198836	14.0186279648109	16.1933248546936	17.7770862405923
10.3451351860643	15.9903642201614	21.2403745198517	25.0317720689632	26.9315794346771
4.81354151776407	7.46680827121475	11.3090732563476	13.1417736677159	14.1001154255165
4.81354172481275	8.27025607370632	13.3179373251185	18.1159447082268	21.2669683645125
4.35979645820959	10.1245633281886	15.0131014916835	19.679855642137	23.5923330264953
4.8135414652042	10.4559336377987	13.1103714121969	14.9935793696922	19.8783784255421
5.60492119441193	8.81170794848543	11.9257148664053	14.7169356745861	15.7075832003846
3.17950703252495	7.62539662745007	9.77965519744976	10.9221665527293	13.0339007132283
8.02863874314761	10.4552843657686	10.6942622656218	11.9560412710072	14.1508859705164
3.18922078124257	5.48746153520426	9.1049753054748	11.5205766878518	13.1393298261577
4.10531276488507	7.19565155285972	11.5648683435601	13.4285419343527	15.2511743104188
3.86052588928064	7.97594831244908	11.6841103622278	13.9259753277722	15.8828240631581
5.55666777382987	9.40664321986554	13.3131590210757	13.7611204185263	13.2100583708595
8.35865935678441	12.164743407856	14.8410744898351	17.0099690330356	18.1080342619523
4.10531276488504	7.46680827121475	11.3886197735872	15.0474544600154	18.2114300353466
5.65923533924433	11.1046852028726	13.6739614459982	15.5952993320573	17.2948911015418
3.40684201412304	9.1397409237635	12.4067501499881	15.0912399540688	16.6198701287006
4.35979645820964	9.70464178985321	13.1674337401404	16.5152277990113	18.8019163412258
4.97407992303044	7.62082939176338	10.0940049249111	13.8634317696883	14.9225124042525
6.06762429287505	8.40419247771666	10.6793319514448	12.6225531113458	13.562016792686
5.06531436941231	11.728089052197	16.2472270743013	18.2235428415574	19.2465428606097
4.35979645820964	8.24460395417566	13.0054619301068	15.0579820557788	17.7564955729638
5.55666777382987	10.3258313507706	12.263939039006	13.9907377296362	15.5245867593044
5.65923533924433	11.9333233717024	19.556554353418	20.6342907689723	18.5819928904444
4.97407992303221	8.78144898248706	10.6925808790058	11.1049166225078	11.1485075617773
4.08925456513379	10.639103365472	15.6469446734637	17.9267851473664	19.8441384710368
4.49940548009602	7.19242519370653	10.7145923944231	13.2847362838374	16.0359857986926
6.2460887021835	11.5472684142975	13.0956544872805	15.1326846403256	17.2124476899553
5.06531436941231	10.2635572428468	11.6554763121147	12.9559020737885	13.8601055208426
3.18922078124257	6.22692962620113	9.11836987701759	12.4007638983827	15.1676138179478
4.81354206592198	6.37206932565903	9.10497530547366	11.4953488482508	15.0437017297466
4.35979645821675	10.1485680969039	12.3837248112769	15.5442152624524	18.530983121531
4.86754344434155	8.14029804225498	12.4594047687904	12.2096782147173	14.090064728928
7.99958399221225	13.4842658456158	18.4559888926973	19.5052158730825	18.2556691080657
8.71703179612831	9.77836684734865	12.1181818129442	14.8041293825161	17.6707094592546
4.86754344434155	8.63603170086583	10.6976823283842	12.1445179047123	16.136191734552
8.71703179612831	14.548431242116	14.9061270934836	15.1571768293172	15.1110019329335
4.08925456513361	10.639103365472	12.424026823373	12.9233220018336	13.4461098110639
8.02863877290696	11.6198281048053	14.4226053305008	16.5097756919823	17.2481627641283
4.08925456513379	11.5256465622187	14.5841280708161	18.1627046691805	19.9263173077055
4.07481147583027	7.62539662745007	11.0931846495033	14.7856720490089	17.9257269938801
9.68674977763345	13.723976621093	15.8959843729715	17.2036916010013	18.0040368591275
4.08925456513407	6.81316278311249	9.33350462862097	12.6482391770754	17.4082498141076
4.10531276488507	9.70464178985321	13.1674337401402	16.04160504591	14.4260859172889
3.9854630512786	7.97594831244965	10.488209442764	13.328754816784	14.7842638420558
7.5046187445883	8.23637009082347	8.96129895713705	7.4284469629556	10.0414305403813
6.15546375674143	9.79517121361914	14.1046379686703	17.028365588145	18.060701147837
4.97407992303147	11.9675045945361	15.2725706813276	19.0076545931103	20.8517831225292
3.77813517451568	7.05478254097022	9.35526011323725	13.118371822167	15.7305436413669
3.56199160097771	7.03022955157877	8.34190412628203	10.1673735839428	11.466897023462
4.52264930842534	8.12576922405123	12.2669608455098	14.2961122324742	13.210036117188
6.2460887021835	11.5472684142975	16.2141055431741	18.266462169907	17.9023854356527
7.99958399221379	11.420191992813	14.4745424129788	14.9390904598685	16.8407504197652
8.35865935678447	10.8301463376762	11.326837876176	12.8334032608493	13.7702435358206
6.7163114425598	13.0727538681836	15.968563712644	19.0176978515408	18.162279763255
7.45310330066729	10.3258313507714	15.4273220759849	19.2126406023729	22.1415404788316
4.08925456513384	7.97594831244913	14.2269176335417	13.7150459861068	14.6841779487157
4.0892545651339	7.53462209633511	9.12417836297362	9.53093631624637	11.5932041480533
4.81354187908846	8.5185817042555	13.3816225397429	15.6600577988751	16.3702048319921
4.41364344323136	9.01838704183041	11.384470524097	15.4767285308886	17.1480268457732
7.50462376594214	10.8172573692332	11.4964536198729	12.5082516952172	13.8256140396243
5.60492119441193	9.08759499891102	13.4821776435151	17.1238914557857	19.2559752060474
3.56199160097771	7.51800656049102	9.91255882913509	12.4707351887889	13.8621092852505
4.35979645820959	8.75941759665545	12.9004802058165	13.9386372500689	13.2128907612748
7.99958399220372	8.76809742040496	11.8333780281835	14.6286469927982	15.8417047753696
4.52264930842534	7.97594831244965	10.5085839442961	10.0755197480229	11.1783177880835
6.84425287419191	10.3258313507755	12.2639390390061	13.5571127093947	13.6694948111171
4.35979645820936	6.00436469004291	9.39592763993926	13.2173866482204	16.4479683173317
9.97010951409658	14.562478369999	17.5212481751323	20.571595821751	19.2744031161683
4.10127484408116	9.40664321986554	13.758286237207	19.1209170929592	23.0669908281814
4.41364344323193	10.639103365472	13.4072544722956	16.1805163877407	17.6087075988018
3.86052588928061	7.65033134882623	10.8402681608673	16.2683118789352	19.2991798781071
4.35979645820959	12.2217738330182	14.5730028738553	16.3717452570223	14.6941122664706
4.10531276488507	8.12945094446445	10.5937602724399	12.8949778602284	14.5029267106588
3.6197219677976	7.62539662745007	10.0573944086909	14.418172178805	20.0580703807423
8.35865935678464	12.9633288285746	13.3165888301597	13.2499000685504	13.2708454488449
4.08925456513379	9.13746039358534	10.8200321464842	11.7016257034169	12.5735351773729
4.02211967264964	7.38125086962856	11.0691892410595	11.9313958476919	14.7443018369374
4.81354192048173	7.65033134882617	9.87667747796155	13.7313949765005	15.5731840629821
8.02863830285764	10.4552843657686	10.6942622656246	13.0745725073761	12.3517832605546
5.06531436941231	7.62539662745007	10.2535930599714	15.4231731315049	18.4015189731032
5.25979861097272	9.22649235201874	13.3841629206109	15.5287851655092	16.6549153444316
12.4608711022281	15.6313809611457	16.0881150441679	16.7752043855961	19.1036078137161
3.77813517449647	8.12945094446439	10.5937602724582	12.8949778602284	16.124908091494
4.81354207000987	8.32153045434973	10.8383329424626	12.6470557463489	14.3051507625082
3.77813517450528	8.06410252932454	10.9081184057616	14.8412482291191	20.5793857103721
6.68660703226448	13.4002762702556	20.6595289651	28.7910347519102	31.3731249063421
3.9854630512786	6.01043312128348	9.10497530547366	10.8688941352671	14.4618287584075
6.22812135540619	9.64072419079747	15.5725987595542	13.1395974851313	14.7960768313098
6.2460887021835	8.47568530422268	11.1732660762451	14.0135446939464	17.9086978930101
6.22812134298954	10.7881930612288	12.7883894630523	14.7258135703703	16.5261178770864
3.72522102536396	5.79111592128567	7.68082296634742	8.91335075360632	10.3197743693421
4.8135411054385	10.639103365472	13.3816225397429	14.5853251080572	12.3842311717996
3.77813517454013	7.9759483124497	9.91255882913521	12.4707351887923	13.8621092852486
6.22812156935555	9.47286484003183	12.0011599398782	14.2077086204559	16.4537891802778
4.81354199018278	8.5185817042555	11.6681210072901	12.9468283883599	10.9004080380411
6.06762429287505	9.32419808694857	11.9277919297185	13.8063910887237	14.9975488741196
6.22812158077954	8.51858170425544	11.9966446125288	13.8777280281789	15.7931901851923
4.10531276488504	10.9391137099906	14.3516164496653	15.989990681959	17.7407630724608
4.02211967264964	8.23237997431607	11.6020490928619	13.2983910743128	13.9870448414279
5.25979861097272	10.1092865200325	14.4533172981803	19.5205931785827	21.5595449449779
4.08925456513384	6.81316278311249	11.1634246839175	12.2790784393493	11.8831863013421
10.3451351860643	14.4704747626588	15.4919178129937	16.2863720174795	14.6441631610436
3.82858188842843	9.70464178985327	12.4878808126443	14.0263119280407	16.0274818797611
6.22812166093036	8.18330853485003	11.5834443981713	13.4131573433865	13.2574666517498
4.41364344323222	9.68198651856545	12.0537187835687	13.4090308343672	14.8197529597621
10.3451351860643	11.3408305901846	11.9746203868904	14.2657596191264	19.5637003123053
4.81354146273395	6.45326043643718	8.60773461870281	11.6380709126955	13.7518807794539
4.07481147582612	7.73559069362199	12.4153711707226	16.1166221259903	16.848817961348
3.8285818884284	5.94052516488819	9.73656937320737	14.069037560206	18.0712813577485
4.52264930842534	7.24687315262719	10.9347343911044	12.7406065961857	16.5720581477368
4.10531276488507	6.49434152314797	8.2886083538956	12.3485320484436	12.9885868772703
4.52264930842534	11.6528015198835	13.437649418969	18.6424678370205	17.1899091112276
4.86754344434155	9.70464178985327	12.4878808126443	14.6346412187507	16.8245923039317
4.81354207351546	8.32153045434973	11.4295929486081	14.2095799465095	15.1942410753734
4.81354209824104	5.87891537873617	8.58082758545692	12.3949963841168	13.5790529766737
6.68660703226448	9.10355843325971	10.8387926987649	12.6621753480931	12.7304269460734
10.3451351860643	13.2713382811443	13.8262767732662	16.5580600019333	17.9486593168421
3.09623923582188	5.43450802044788	8.26662687060616	10.924006553402	11.8128442651586
14.3486974613916	17.3011932343307	17.0802062249268	19.844515711395	22.1154727446203
4.86754344434155	9.7936729781145	14.8563485704335	18.2524985043235	19.8276575893395
4.81354209251163	8.5185817042555	13.3816225397429	15.6600577988751	17.6307782440264
4.81354203544333	7.53181665156234	10.4678905202479	13.2687887761385	14.7499398135378
4.4136434432321	11.444861175224	13.2860649682167	12.5826433055661	12.5839980711826
4.52264930842534	7.24687315262719	10.049290589277	14.5145661149006	14.331865704271
5.06531436941231	7.60236214398873	8.72347421819848	10.2481383682633	11.7949552542606
6.2460887021835	8.4756853042224	11.4791717648004	14.2387673800818	14.8797630525164
9.97010951409658	12.4678773710622	13.1103714121969	14.0461480047974	14.0116205727125
4.81354209590029	11.1777572234467	13.9027647905835	17.4789222977981	18.3283345218449
6.08618037875345	11.967504594536	15.027316404414	15.3941726968991	15.4795231089274
5.60492119441193	9.40664321986549	11.1935225458847	12.1150921487472	14.2036037253898
7.50462330512789	13.8683105814668	16.2757529294347	18.2523275924179	19.2754446685124
7.95866514797677	9.68158353284713	11.4343048915212	13.065597496817	14.2014588282632
4.35979645820964	10.7320985266153	13.4398897420111	20.325764070565	21.0059276044598
7.50462317741506	9.76516730268941	12.7393510223296	15.4402681096589	17.4807787399008
4.52264930842534	8.82186790721499	12.3835771236738	15.1599945327854	17.5555392889784
9.0940388148918	8.93146624116963	10.9347343911044	13.7151027940967	17.4004665018649
4.86754344434155	7.08100111750235	9.70597721213812	13.0542898135098	14.8642385569254
4.974079923033	10.3120781833407	14.793457169957	16.721632359932	17.8781959729971
4.49940548009602	5.78676911648756	6.94042060893469	10.2546224662203	10.9216546735151
7.45310330066729	11.5900536222977	15.8495624307822	17.9496247362414	19.8486657805344
4.35979645820959	7.60236214398873	11.9747847096094	11.7196344379228	15.5701661244178
4.08925456513055	9.79367297811439	12.0944772304284	13.2761589922735	12.394024893095
7.50462376063388	10.8172573692332	13.7672183512322	13.2872154589804	14.8531469418714
6.2460887021835	10.639103365472	14.7511738126236	17.0211745139763	18.3938731978693
4.41364344323279	6.43438669205665	7.90550476873017	8.8017772119415	10.0376858368469
3.86052588928061	7.65033134882617	11.4964536198729	13.8242328745826	15.6875876380918
4.97407992303215	7.62082939176338	9.43659397008787	12.2934798021153	13.9186035928874
4.02211967264964	7.20603495054621	9.47072692260696	10.7442352722283	14.0630203569402
3.77813517452989	8.05976686880922	10.188063098449	13.7151027940967	14.97638309951
7.50462362324907	9.8497145456372	12.0959533081327	12.3981201123746	13.2841105004038
3.90676822122975	8.06410252932454	10.5604314047301	13.7229345641886	17.9343307585427
8.71703179612831	14.5484312421161	15.8488389320337	17.4126176949371	16.1818954560815
4.81354199207868	8.32153045434973	11.0407010969084	12.6498676429039	13.4897551334944
4.35979645820959	7.60236214398759	11.9264368674852	15.0102881479578	14.3333433842423
3.56199160097765	7.97594831244908	11.4537911007155	14.2208899567922	16.1795339177503
6.22812163789513	9.13746039358534	13.4608195376105	15.085052680738	16.5980100780796
5.06531436941231	7.16751622439358	9.24337107810493	10.8426484172348	11.6190953909032
4.49940548009602	8.10730527298045	11.3410439316487	15.530306929942	17.0931526196033
4.10531276488507	6.61529304969969	11.490897585616	12.423767375279	11.110801159426
4.81354205156578	9.79517121361914	14.1200578916045	16.129846191229	17.7181546103643
4.86754344434155	7.08100111750235	9.45780334159065	11.1775828439592	12.739962987004
4.86754344434155	7.82655014376866	10.7422886624005	12.6085295069502	14.4769249735771
7.50462332801038	16.5160581363725	19.5481541240542	21.576729637694	23.4856809404657
4.02211967264964	9.70464178985316	14.4533172981802	16.8740327006141	17.368788372212
10.6325156491038	12.4536013677485	12.8463044302682	14.1168647972926	15.5696590309871
4.10531276488504	6.49434152314802	7.95427967053956	8.94647601779621	10.4054165820666
4.10127484408116	7.90199762840768	12.0300121764526	13.6300983490931	13.5491772941253
4.52264930842534	6.65340845792525	10.0098841617726	13.2050903206825	14.036549638592
4.81354184701115	9.70464178985321	11.9966446125288	13.8918829344329	15.5778442047792
3.77813517451955	7.41444061674326	10.0423346660721	11.5109111426401	15.1366546511126
4.81354188971466	10.3258313507666	18.0647670583061	22.0757056806989	24.7047886157131
12.8272366844313	15.346128202752	16.4752498631384	18.4169882864343	19.5544248481315
4.02211967264964	7.2440498477751	12.3834658976455	17.1457644585075	21.2401073287917
12.604326735303	15.3014786966235	16.051913671511	16.9696556520062	17.7982780175395
4.07481147582521	8.12945094446457	10.5937602724597	12.8949778602284	14.5029267106715
4.08925456513344	8.05976686880922	10.9674591296866	11.9177185847287	14.7150163963965
4.10531276488507	10.9391137099907	16.5512443289298	22.537393397349	24.1699076750351
4.10531276488504	6.15373533678076	10.6976823282626	10.8589125863575	12.4086700113739
8.35865935678493	10.8301463376761	11.3268378761761	15.4380939500846	18.8532603782944
8.35865935678464	14.4704747626588	17.4300625368543	18.2734788146989	16.9516731364413
4.52264930842534	7.49147572229271	9.47251472976393	11.187679929193	12.9415531052101
9.97010951409652	14.4843612004805	15.8689102965912	18.7573485714595	20.9065241684622
9.46454584496831	10.2886566667892	9.39592763993932	13.174216684734	15.7905659145159
4.30446959248758	6.4382101429868	8.37447159002551	10.7442352722294	14.0630203569401
7.50462377261397	11.2519315628822	13.1262374044974	14.1866537239999	15.1933103164823
6.22812135965853	9.45360656478357	10.1738715272181	12.4915887651257	11.3429199733184
7.45310330066729	9.89564400341357	13.7582862372065	17.9233158130157	19.5108688737878
6.22812165433135	8.04305238995892	13.6303117759707	16.0807174656886	17.604147261217
5.06531436941231	10.2447386235374	15.7439211087779	17.7813134117131	19.901899494355
3.48888466281733	6.58589991065361	8.15314280269484	8.98312721546148	9.88840388096412
8.35865935678464	12.8049357946524	15.9125541690515	19.077904840805	21.9250488242089
5.65923533924433	9.52175637032479	13.901732606322	15.8508374264208	17.0516102657598
4.52264930842534	7.1651946371619	11.2713392238961	13.0189896295412	14.6086578334456
7.45310330066729	9.39530485993333	11.6370051350302	14.8655718205828	17.722825326637
5.55666777382987	12.093610258441	15.5902225697632	18.5092534487627	23.0368146744486
8.35865935678453	12.8049357946524	14.6850085550972	15.6774471735747	14.5180632804039
3.63343397412572	6.11298718822997	9.90263103144014	12.5652279929179	13.4814679580886
4.49940548009602	6.6029033306188	8.00214789808933	9.48581640829445	12.4048369018309
8.02863873811197	9.68056659516634	10.5035990745574	13.3944579989226	13.6937546956906
4.35979645820947	8.24460395417566	13.0054619301069	14.5131102058206	21.4642717124102
3.86052588928061	6.58389725050677	9.09549635301516	10.0143958338343	11.6003644249699
12.8361522108805	15.5194663199384	14.8027730333638	15.9778832799685	17.8306049008435
4.4136434432321	9.68198651856551	13.3891911159155	17.3114637579593	18.7457107664555
4.35979645820964	9.56296257801193	14.0160048995265	16.9678862709342	19.048852418507
4.81354155435156	9.01838704183041	11.5507827115032	14.0932142811477	15.6884944610504
4.35979645820947	9.56226938605198	12.0630918566611	13.6053269487187	14.5282617511705
7.99958399222015	10.5216311631779	11.9903127522304	15.2853474720343	16.5889817867343
4.08925456513037	10.639103365472	12.424026823373	13.5860163738185	14.5836296112761
4.02211967264964	9.56226938605198	15.1092539462925	16.6628450394448	17.6697705180073
4.35979645821669	6.98193597966758	9.52698767503216	11.3383850041937	11.7279829029447
8.35865935678436	12.3019967463336	15.519633074652	17.621958697383	17.6728376549247
4.35979645820959	8.82695445579651	12.9004802058165	14.9629772099807	16.0731226454155
4.52264930842534	7.9070759080069	11.6733291932756	13.0225046788988	15.0247708304865
4.08925456513344	7.97594831244959	10.2535930599715	11.0318320138107	11.9090832832244
6.08618037875345	10.636222126859	14.1295085621504	16.9772147020891	19.3727890513875
4.35979645821669	9.03614438893027	13.3534290259011	14.9825161602428	16.1463532481559
4.52264930842534	6.58589991065361	8.15314280269484	10.0765008570705	11.3894019331169
8.3586593567839	10.8301463376761	11.6004996963424	16.9894983427413	21.8479328075509
4.86754344434155	7.90707590800685	11.6733291932765	10.9882337769172	12.6256562522348
4.10531276488504	10.7320985266152	16.0035296525679	19.7359359806642	21.2071844136788
4.81354189930602	8.06649490657259	10.6097718425155	13.3140159811289	15.1609588837577
4.81354202925155	6.69453356533313	9.55226161473706	12.1636294762245	15.0325876837599
4.10531276488504	9.70464178985321	10.0716892000657	11.1570577860306	12.0483790740278
4.08925456513396	10.7320985266152	16.003529652568	19.8275138388521	22.2085673450262
4.49940548009602	9.79367297811444	11.9472241069311	13.5567859147852	14.7991020490505
8.35865935678481	12.2438424119389	14.7142331815307	15.2064950902474	15.2236343986557
4.10531276488504	7.51800656049062	11.822611588515	14.2216325159877	15.0726137021426
3.77813517451847	7.66555531465343	11.8333780281835	14.6286469927985	15.6091661017792
4.10531276488504	10.9391137099904	16.5512443289298	17.8641003986801	18.7126800911909
4.52264930842534	7.24687315262719	10.0745115048448	12.7406065961857	13.710905985061
4.81354193522708	8.67510878503174	11.229986806257	13.4284599836039	15.0118526989346
4.81354209052205	9.70464178985321	12.0537187835687	12.0127645363057	13.0667595864697
6.06762429287505	8.51858170425544	11.2959772369834	12.3710094781418	13.863590286124
8.35865935678476	10.8301463376762	11.3990804032235	13.1694920650535	15.1454269674318
6.84425287419191	9.08759499891102	11.6768587919806	14.2095799465095	16.1958466069797
4.81354182985814	11.1777572234467	14.9141004535277	17.8780392823596	19.7181055367454
4.35979645820959	6.76736231321507	7.57176475490087	9.49439133959589	10.4854522786017
4.97407992303152	8.67510878503174	11.5053211128997	16.6116635659982	17.6832587373508
4.86754344434155	9.43405517214529	13.7280227379022	17.2940464290427	21.299461749726
8.35865935678493	12.8049357946524	15.0879708900129	18.9919601434409	20.1201236763255
4.81354192371526	8.5185817042555	14.507027708499	17.8438689317514	22.8057840542943
4.81354158176867	6.4947766032256	9.52298370448426	14.2099724532467	17.3601764635508
9.46454584496826	13.4768479641509	18.1985584218588	17.1309935314094	20.1993999253383
5.60492119441193	10.058869076296	14.3747890740339	17.2350283483049	15.5717391518559
4.35979645820964	8.67510878503174	11.2812566248244	13.997018232124	15.6631199519651
3.77813517451	8.99968568751643	10.8604339089982	15.0847256337619	17.0151075178317
4.52264930842534	6.6372868440302	8.53280191289758	9.80861349478067	10.5879117881202
6.7163114425598	13.0727538681836	15.8659588051586	19.7641458193562	21.6880981487499
6.22812166181814	9.45360656477163	14.7864596965954	16.7316106019691	19.7689900035315
4.35979645820964	7.97594831244913	10.5085839442876	12.6075789150088	13.5468622529186
5.55666777382987	7.53301533800322	12.3959647010191	16.8504427747991	23.0133789127507
4.8135420872963	10.7320985266152	16.0035296525677	17.3923022386262	18.2160536074272
4.35979645820953	7.65033134882611	11.9747847096085	14.2702748823216	16.8734631550759
4.08925456513361	9.01838704183052	11.5507827115032	14.0932142811479	16.0216968930643
4.08925456513271	10.639103365472	14.7511738126236	17.0211745139763	18.9052672750768
4.35979645820964	7.41444061674326	10.0423346660721	13.0045185178701	14.2867833167166
4.08925456513282	8.04305238995909	11.4509300000312	12.4122197662762	11.9553924137342
6.7163114425598	8.82186790721505	11.0490827996914	14.4971543238058	18.1320020609991
6.15546375674143	8.81170794848538	11.2675626710845	13.4081142869292	15.3116466728394
4.52264930842534	8.89024361517636	11.4191298470793	13.2462223115944	15.1683479143524
4.41364344323262	7.97594831244913	8.46195314447851	10.1516113543237	10.2048985529931
4.81354208572577	7.5925596171158	11.1935225458839	15.0340046924478	16.6863281146884
8.22735073380937	13.6660353187966	17.01656680137	17.8729101931716	18.1903325971377
6.15546375674143	8.12945094446445	11.1732660762433	12.2677973100508	10.4664302605566
4.81354177544148	10.3258313507758	14.2486883838805	15.755724688188	15.4125446413771
4.81354209793841	11.1777572234468	15.3518804095065	20.162682233401	22.5608851965745
4.10127484408116	7.53301533800322	9.20834404438796	11.0983686024462	13.1632194824538
3.7547125590944	7.90707590800702	11.6733291932758	8.54940174856773	10.6582644808666
5.25979861097272	9.79367297811439	12.0944772304283	14.8725779024158	15.6880716554399
4.86754344434155	9.43405517214529	11.1755916663628	10.308174444574	11.334873333408
5.06531436941231	8.64026336730456	11.0748573792574	13.4286106078131	15.2853194626773
6.2460887021835	7.77500421977049	10.7730962674814	12.3300501585228	13.2674666573873
4.3597964582097	7.13813316263253	9.52698767503222	13.8532987717753	14.4924299765458
4.81354158313536	9.03614438893027	12.9993576694206	15.4278141952458	17.5010635760866
6.84425287419191	9.22390296091817	12.2669608455095	15.8334996260344	16.7741383689395
4.10531276488504	7.1651946371619	9.95766914207269	12.9265456026159	15.711230001345
3.82858188842843	7.65033134882617	10.0344307800614	14.236226631787	18.0884977018486
3.75471255909446	10.7881930612288	12.2506753119767	11.5651002537373	15.2964212988147
4.52264930842534	8.89024361517636	11.1276592589603	13.9382732334087	13.9800920514664
4.97407992303221	7.62082939176338	10.2082060122738	9.57872741131541	10.4114423029324
3.26659418791002	7.65033134882617	9.23432430435412	10.8688941352669	12.1252738381032
13.0063865358586	22.6925775604084	27.0136300176894	29.5791066829624	31.3427812209047
4.41364344323199	9.68198651856551	13.3230239603684	14.410513038421	15.3669362838932
3.26659418791002	5.84216559493751	8.13838455615826	10.9509538668176	14.4868050237212
4.35979645820964	6.98193597966787	9.09721902366567	10.0565361935404	11.3603965948145
4.97407992303039	11.967504594536	17.6629035062523	20.1202848475552	22.8232762481608
6.68660703226448	10.639103365472	13.3448367971638	15.0023070710043	15.9364949567577
4.07481147582516	7.0169972239687	10.2460746918836	13.2687887761385	15.0253410593777
4.10531276488507	8.38424513868085	12.5911681397472	14.4635516930474	15.4385717001925
5.65923533924433	7.77187964643338	11.362288528639	12.0598469219394	12.1844464451976
5.25979861097272	12.3891898493205	15.1778121639006	17.8986434739251	19.1415409279941
4.49940548009602	8.31547585332095	11.2193340851247	14.9104850852275	18.0271275752561
4.81354206800563	7.16519463716196	9.47317880731225	11.0953203459504	13.6266405812679
8.71703179612831	10.599100181293	12.3281795453064	16.2257261730232	17.8320516579232
4.52264930842534	6.9350116902541	9.86497610291389	12.6225531113458	14.5204426281125
4.81354209835604	8.0616450400218	11.3410439316487	15.530306929942	17.7995567033922
7.95866514797677	19.3585846979412	20.5305590173328	22.0557925524388	22.1574620869405
8.02863873098937	12.1244591705249	16.8117996215337	22.0102873195968	25.403709922295
12.8272361661726	17.5248880273651	19.7231229325731	19.491268741092	20.5858215727025
9.0940388148918	13.0727538681836	15.6471307529129	18.23960345812	16.7746310955577
6.68660703226448	10.7854070691224	11.6902343191474	13.6122327043097	15.3100855113127
4.0892545651339	10.2635572428481	11.8530166264405	13.2835680611323	14.5642265101005
4.08925456513373	8.75941759596247	10.202370129734	13.484790353949	13.0932485192612
3.36441116053749	8.05976686880916	10.1880630984499	10.7821451009902	12.1610978082205
4.10531276488504	7.65033134882623	9.23432430435412	10.2982524191065	11.4080336442773
4.81354144067848	7.90199762840763	10.5851463913817	12.3655121172609	13.3036017152347
3.77813517452137	7.51800656049062	10.6347796360714	13.6324977532905	14.7376078307173
3.63343397412581	5.97474576691127	7.18390090420866	8.68081737871239	10.5442089362129
3.63343397412578	7.62539662745007	9.77965519744959	12.043655864998	14.7266075569866
5.25979861097272	7.53181665156256	11.9956106206677	13.6754266795352	13.1345599330359
4.07481147582448	6.70173033439107	9.28768953983445	11.240949796652	13.348631054972
4.35979645820964	6.54972688663719	9.76559063383269	11.9220105666578	12.0691587144408
4.10531276488504	6.70173033439102	10.5561054937228	12.5314258466204	13.4231977566502
4.41364344323273	7.3853023616569	11.1923993453362	12.1919991488195	12.9151148025207
7.50462265881009	13.8683105814668	15.6781684959293	17.2721100257313	18.1549988530496
2.83706806697492	5.04686786633647	7.70789710905183	11.16184311091	10.7474910873067
7.50462154648085	12.2438424119389	16.3135432464156	17.6009957133565	18.9049816271947
4.81354187677624	7.53181665156262	11.193522545884	15.4353095915899	17.0379350513528
4.81354209629512	6.98193597966758	11.2260573304293	15.4024006867349	21.2137065495672
5.65923533924433	7.9096700336687	9.7796551974497	10.8929136784144	10.9570395950353
4.10531276488501	6.49434152314802	9.51873239356297	12.3949963841191	13.38498981483
5.60492119441193	11.6419869847423	14.3188351237604	16.2141577523063	19.1944111602783
3.86052588928058	6.61529304969758	11.1634246839108	16.0990649480041	19.6646037275062
3.40684201412304	7.66555531465343	11.1634246839192	15.4067433842293	20.6669229632312
3.36441116053714	6.20798811180805	9.99385076272921	12.0265792086807	13.3225906583425
4.08925456513367	7.39048556683053	9.92463946241787	12.4551011243234	13.6440119160814
4.10127484408116	9.81141598477751	11.8625575790245	15.3161568529188	17.9909290945631
4.86754344434155	9.7936729781145	13.3654954040886	15.0851330164789	13.8031365934854
5.65923533924433	10.2874896646765	14.7640501450683	17.7259843343447	19.8125048629412
4.10127484408116	8.05976686880922	11.5148431708438	13.8414742972908	15.2858489904379
3.40684201412304	5.79000619213724	9.68949961319527	11.9560412710122	13.5765056323681
4.0892545651335	7.46680827121475	10.556105493725	13.560240967317	15.4916468469282
3.72522102536396	8.05976686880922	10.9674591296866	11.778566196059	11.8356535164369
4.08925456513396	7.19565155285977	11.5648683435573	13.4285419343543	12.9369205810671
3.56199160097776	7.97594831244913	10.5085839442876	12.8920386813066	14.6288768720501
4.35979645820964	8.24460395417572	11.6681210075776	12.3985629395895	14.4235488997753
4.10531276488507	7.42046587238633	11.5648683435598	13.8532987717754	14.8126129467778
7.27571544255886	11.4803463660307	13.3862860653318	15.0506942100736	16.1936850611468
4.07481147582553	7.97594831244913	11.087998129518	15.9895949580355	17.9532537768613
4.08925456513435	8.22319929457109	12.2507306210866	14.0319611514747	14.957396633389
9.09403881489175	12.831127811367	15.9619310161407	17.414091143526	18.967384602637
4.86754344434155	7.79117998935271	11.6922236468655	13.5204054097259	14.827477590056
4.10531276488504	9.85812648768848	12.7863983787799	14.4432904604718	16.7996703518696
6.15546375674143	9.05544975562418	15.834750763056	18.6774568434957	20.9610687521239
6.22812160475536	8.27025607370632	10.0940049249114	12.4701190478697	14.3638986052024
4.97407992303033	9.05544975562418	11.8563282938581	13.2752017201773	15.3044259114849
4.02211967264964	9.56226938605198	13.7870962660436	15.4138244163	16.3807652447483
3.86052588928052	7.65033134882617	10.8324616587007	14.1547584824482	15.8020431030632
4.81354209690272	10.3598500340779	13.3816225397429	16.327226874672	17.7571492887652
4.49940548009602	11.5256463912106	15.8925362673294	20.4669278896766	23.3078014063656
4.8135416909501	7.63602531103135	12.2584739629422	15.2456071878432	16.3459151970188
3.63343397412572	5.67236174310364	7.77407005132488	9.64212926810848	11.4498590953093
7.5046236656604	13.8683105814668	15.6172412734968	14.6803676756264	14.2867243874383
8.3586593567847	13.0861966789692	16.0525819880065	18.1697050824282	20.3950623068175
4.52264930842534	6.6372868440302	8.41461262637199	11.1913153697794	11.9906361753343
14.3486974633377	20.5956765364399	28.078596700869	29.2804916976158	29.0716730120122
3.77813517452063	7.58810556769089	8.37657923446432	10.0676781120678	10.7206476504434
4.35979645820953	6.00436469004291	9.51873239356303	14.1859547773442	17.1750541844818
4.86754344434155	10.2635572428485	13.7870962660436	15.6461848608978	17.0190395211133
3.7547125590944	9.70464178985321	13.1674337401405	16.0416050459099	16.9550068640568
3.86052588928064	6.61529304969969	9.83876750569408	12.508031116824	14.3737769668702
5.65923533924433	9.11819281158319	13.2959765280366	15.1503123287529	16.1463759202338
3.20404346061622	5.77368992705931	9.82365854803373	11.8973581784533	14.9985245454447
5.25979861097272	8.04305238995909	10.5660999740774	13.0189896295414	16.1365578724394
5.06531436941231	7.17584010114558	9.88448411494136	13.2994873256894	14.5099276379611
3.63343397412575	8.40966273329065	12.501125382271	14.3971114851061	16.3355953912215
3.82858188842846	10.3258313507963	15.4273220759849	16.5305840864214	18.252830766939
9.4645458449682	13.4768479641435	14.9224286831526	16.8623827615832	18.5107619968015
3.77813517452103	9.70464178985321	13.1674337401404	16.0416050459094	15.1219797652662
5.06531436941231	10.3120781833407	12.0080273971928	12.8913991905062	13.6047022712216
4.81354208151612	7.53181665156262	10.4678905202479	11.0238385373915	10.4922903631834
3.63343397412581	6.11298718822991	9.90263103144008	11.6324533496085	13.1140537208749
9.09403881489186	10.4765161788895	13.1377705834609	15.9845529300014	16.9914182120352
4.81354202367731	7.39048556683053	9.5466943035691	11.4077773772018	12.4086700113712
4.41364344323148	7.38530236165724	9.31620168198737	13.3953574261008	16.2466668628782
4.10531276488504	6.81316278311249	8.89546596291791	9.42973265358688	10.608959511167
4.41364344323159	8.28228206149021	13.1958119307772	15.0484304156648	16.0125402967207
4.3597964582097	10.639103365472	14.2475658538747	15.1128661999949	13.9156201703097
4.35979645820976	8.39470487689948	11.9747847096085	13.8746777017458	16.5258172324102
4.86754344434155	11.1777572234467	14.91410045353	16.2580623554566	17.2504698470545
4.35979645820976	9.70464178985316	13.9399329881897	15.8006911077862	15.642831585981
3.9854630512786	7.65033134882628	10.0061456477051	11.3721076665541	13.5062154463236
4.10531276488504	8.12489704703847	11.0931846495033	15.1253923619345	17.6488354126059
5.25979861097272	7.39048556683053	11.1923993453362	12.979690113936	14.5597752397962
4.81354195146542	8.51858170425544	13.3816225397429	11.8338167566845	13.248027307289
5.60492119441193	10.058869076296	12.4934366316725	14.3651858091094	16.3497012634833
4.81354186106921	7.56896520594864	9.88941138741018	11.9771332049606	12.8167739631867
7.504617382584	13.8683105814668	16.4370906480093	18.4706226990566	20.2056216470322
4.08925456513384	9.23269242075179	14.158951849249	18.1518114870054	19.2841456229651
12.1541647566116	13.5141494405985	15.3889238811324	15.3516598534133	16.722861301
4.4136434432321	9.68198651856557	11.6294382934083	10.533036770834	11.6051570385922
4.08925456513379	8.05976686880916	14.9084259681478	17.9038756011528	20.0281380306231
4.97407992303118	9.22203790355081	13.5504031266582	15.1705847498566	14.7840889398412
3.86052588928064	9.0468659328385	11.8028207022455	16.5525480746253	18.1891738727321
4.08925456513356	6.81316278311249	8.52561892487768	11.5552420359689	15.407985852191
3.56199160097771	7.31918116621694	9.76007993881723	12.4002176054136	14.2758224940516
8.22735073380937	11.797373908078	14.6044595434969	15.7199927901012	19.7833022196144
7.5046238572524	10.8172573692332	14.0489698890433	15.9453036283189	17.9306812693967
4.08925456513379	6.81316278311249	9.33350462862097	12.0898967461094	16.4572599669506
4.86754344434155	7.42046587238627	9.90263103144008	14.2898120662804	18.2612944923778
6.2281213403798	9.64072419079747	14.0347076111996	20.0406527769068	22.2453246291041
12.3491849797522	16.4763736680525	17.5178582863807	17.4558553382575	19.6731405023845
3.63343397412567	7.52421370292348	12.6394103744124	15.8547742191168	16.9190621945393
5.65923533924433	11.9333233717024	14.7080035285749	15.683616406022	16.08984113374
3.75471255909446	7.65033134882623	9.23432430435412	11.3064383264887	12.660891072612
4.86754344434155	10.2447386235374	16.4542398519132	20.372108867832	23.8138203324939
5.65923533924433	11.9333233717024	13.7713290040168	15.5952993320573	16.5944696621425
4.52264930842534	6.98193597966787	9.51709050411688	12.4826579645077	14.5194657152321
8.71703179612831	13.1188040624229	16.007758011196	17.0252762336095	15.7616524228654
4.81354208830726	6.98193597966758	9.52698767503222	11.4336026393104	12.680107761776
4.02211967264964	7.38125086962856	9.44288651961813	10.7104388860752	11.5546993924217
4.35979645820981	9.70464178985316	15.5532983914264	20.4793735576607	22.6181359573462
5.06531436941231	7.16751622439358	7.92313410392217	7.92169380397206	8.1274428087645
4.3597964582097	8.24460395417572	13.0054619301068	15.1434417760231	16.1606724989958
3.8285818884284	8.05976686880922	10.9674591296865	11.9926890844926	13.4246891208557
3.63343397412572	8.15814113433839	12.4893253256851	13.7151027940967	14.4847287147637
3.75471255909446	9.70464178985321	13.1674337401404	16.0416050459104	14.4260859172889
6.06762429287505	10.8981428961681	16.5154300508613	19.6479677268513	22.9721856565423
3.40684201412304	5.57185816698006	7.69861263721475	10.0232604996726	12.2244516307538
4.3597964582097	7.156863115568	10.6190818493447	12.0144631872505	13.400393664777
4.52264930842534	8.12576922405123	9.75573615849481	10.7339853422199	12.5087228843772
4.8135417251741	6.04913737240889	9.73656937320737	13.9673977680394	16.0531747053955
12.836152210875	18.903614557049	23.7426685538603	25.0790982137511	26.2500826640916
4.52264930842534	11.3078323755745	13.0558626674859	17.5851118956347	19.4972476329115
6.2460887021835	12.6862341290269	18.4567709750983	20.5819472933962	21.6801490787631
7.99958399221794	11.4201919928121	13.8864478116279	14.6104799544516	14.9573966383345
4.52264930842534	10.4559336377987	13.1103714121969	15.7923025301713	17.4831840362951
4.86754344434155	8.99968568751643	11.8333780281835	14.3577795909326	15.0998189516543
6.22812164038686	7.84591111607983	11.2558772120234	14.3411573779463	14.40729645414
4.35979645820964	10.0401257453716	15.4825612215094	18.7425462373131	21.7106983611054
4.08925456513379	8.04305238995903	12.3310177302047	12.1232231626907	11.1588336941169
4.07481147581709	10.7320985266152	16.0035296525677	19.7359359806642	21.2071844136806
3.26659418791007	6.22692962620113	8.31187518992743	10.2989150042863	11.8489312513507
4.3597964582097	7.06016365799599	9.90263103144014	13.0045185178684	14.2867833167167
6.06762429287505	9.1397409237635	11.3682057815258	13.9996176126728	15.0197239024627
4.97407992303044	7.62082939176338	9.47317880731225	11.0953203459503	12.3030060290143
3.56199160097771	5.92697715306826	7.79349360119039	9.49439133959584	11.9414741817567
4.81354193600117	7.62539662745007	9.77965519744959	12.043655864998	13.5686725173125
4.41364344323227	11.3355016738872	11.8959938439395	14.634682656666	16.3417091377181
4.81354174772008	11.1777572234468	13.9027647905835	15.6681694831806	16.5073497820925
4.07481147583417	10.7320985266152	16.0035296525678	19.827513838852	22.9114552020271
3.86052588928058	6.58389725050728	10.9347343911055	11.1350442503385	13.0777360318748
5.06531436941231	9.13974092376355	10.2893385638258	11.5993569751791	13.0001695657697
7.50462285691651	13.8683105814668	16.4370906480093	18.4706226990563	18.0224505098487
4.49940548009602	8.315475853321	13.630311775975	16.5851917297376	19.0329407279827
6.15546375674143	12.3530720865847	15.0881481298169	17.0222245934035	16.5027663641964
4.52264930842534	10.7320985266152	12.7371056678094	12.6341108653904	15.3405415446592
5.65923533924433	9.1397409237635	12.4067501499877	16.6138618754972	15.8608364937944
11.1493421094453	15.0540876418765	13.7114712068672	12.3800547905166	12.0389400925487
6.2460887021835	8.07945423502298	11.1579526685921	12.9608401061662	13.9077849874745
4.35979645821669	6.98193597966758	9.51873239356303	12.6860352698439	14.017913922439
4.0748114758299	7.5925596171158	11.0931846495033	11.6887080716954	13.6787294663365
6.22812152332637	11.7991795889141	13.5452146614056	12.5312103943645	12.5472908040637
4.10531276488501	12.2217738330182	15.4645081522688	22.188937686399	25.0779301171993
9.09403881489186	11.7243272766951	12.6589022912432	13.1283287193011	15.0434377086059
4.08925456513384	10.639103365472	9.5403257757518	9.49055196041894	10.301154755512
4.35979645820959	8.40419247771666	13.6303117759737	16.5851917297339	19.0329407279821
4.08925456513037	6.81316278311243	8.89546596291791	10.4901498368908	12.7845389705432
6.84425287419191	9.13746039358523	11.3896647124896	13.3151857955108	15.2296273835408
3.40684201412304	8.05716254265803	11.293921386177	16.8764031134689	17.0059646759113
4.86754344434155	9.43405517214529	12.0656974824506	13.2983910743127	14.6113047926496
4.35979645820964	7.60236214398753	9.92370122038579	11.6002312439584	13.2491310724715
4.81354188300861	7.53181665156239	11.1935225458847	12.9640928029381	13.0521027307913
4.41364344323159	10.639103365472	15.6469446734638	18.5813267137418	21.0014727243349
6.06762429287505	8.67510878503174	11.3559010507798	12.4258158967467	13.3802223569229
4.35979645820959	7.62539662745007	11.9747847096092	13.8010672435772	13.4354830961482
4.41364344323171	10.3120781833407	12.0383721555235	13.1540784577905	15.0683316070998
4.35979645821664	8.40419247771666	11.5106537443042	14.429691758966	16.9422409140348
6.2460887021835	8.47568530422268	11.4791717648005	15.0474544600156	16.7149490555846
6.06762429287505	10.8981428961681	15.5721330957771	18.7267545784387	19.8380435152399
4.81354172783648	6.37206932565903	9.40058479353604	11.2744497803697	13.0628012999882
6.06762429287505	10.9068487640565	14.8272958776224	17.0674397518428	17.9924960747131
8.02863876394798	12.27893123159	17.5211792352931	18.6788043270388	19.5250221971038
4.30446959248758	8.09630829061405	10.4738304703456	15.0474544600156	18.2114300366464
8.02863848926398	11.6198281048053	14.4226053305015	16.5097756919823	16.8469800668547
4.35979645820964	8.24460395417566	14.9084259681475	17.0656594178707	18.0846726584769
6.15546375674143	13.1797803581594	16.0218449240414	18.9518620453511	20.9024870272515
4.0748114758311	10.7320985266152	16.1118610989415	22.0881892321277	24.0048738067447
4.08925456513373	9.13746039358534	14.3699657299804	17.3356914393844	19.4349698636719
3.7781351745391	7.41444061674326	10.8233052525464	12.109048565133	13.56290785615
4.35979645821686	11.6528015198836	14.0160048995265	15.9722616584763	16.5967116254637
8.3586593567843	16.6210544750443	21.7396166756311	22.9134872560494	22.119374910157
4.81354209142114	7.38125086962862	8.92336586156466	11.5651002538485	12.5126526282173
4.86754344434155	8.0641025293246	11.100953990364	13.5527352379153	17.3755440837659
10.3451351860643	17.9264928615557	24.0887470880592	23.5664943055694	24.2202146790312
4.35979645820953	7.19242519370653	10.173871527218	11.874345408013	12.8472902268104
4.30446959248758	7.46680827121475	9.10497530547372	12.8920386813066	15.5392557437106
8.71703179612831	15.5388963993582	18.347505515712	20.5342731019955	21.1613443842247
4.10531276488507	7.63602531103106	12.7863983787799	14.040453300316	15.1993958955171
4.97407992303118	9.05504077499438	11.9966446125024	14.1286089718875	16.8276128850634
4.41364344323239	11.444861175224	16.7820268337305	15.4370471859047	15.222995946027
4.30446959248758	8.16761576092983	11.5431441026351	13.5929032834811	15.5397534926929
4.0892545651339	7.90707590800707	10.9092766153784	12.2475318498983	13.4475222719885
11.4767167540652	17.5024244455993	19.5533967192603	20.5418182666751	19.2836452682395
6.7163114425598	8.79660128473483	10.7472883681286	13.4278810149704	15.1455843557629
3.7547125590944	7.90707590800685	11.6733291932758	11.7720346944681	12.4037192332838
10.3451351860643	16.8462543657115	17.4317742298635	20.4021814877995	18.5598406148114
4.02211967264964	9.11819281158319	14.1738202138887	14.62721244148	15.4440340925452
4.35979645820959	8.67510878503168	11.668121007582	12.9468283886872	12.0660177574554
7.31716075820117	10.639103365472	13.3448367971639	15.2763320871637	16.8777113584477
6.68660703226448	8.32153045434978	10.2535930599714	12.6935034650397	13.777030582328
4.08925456513344	6.92637414166012	9.73656937320737	13.1007436052401	14.436181844247
4.97407992303374	7.62539662745007	9.77965519744964	12.0436558649979	14.7266075569867
8.71703179612837	11.4201919928126	14.4745424129788	15.6953877136476	17.7829154547818
6.08618037875345	9.7374213156196	12.64211421375	14.759062194392	15.7189696817334
6.84425287419191	11.7234265976664	16.1946078111422	20.3612579565043	22.1563552332382
7.99958399218889	7.84591111607983	10.2443753783335	12.6381881166708	14.5319867778427
3.77813517451312	8.22319929457115	13.0901284125879	15.8381121499058	17.7793376905819
4.52264930842534	11.444861175224	13.2860649682167	15.0474544600157	16.5730826071604
6.22812164492922	9.86932218875182	11.6268612039564	12.3536924164783	12.9466549057497
4.08925456513373	8.05976686880922	10.1880630984499	11.8973581784533	11.006014968287
4.81354152671173	8.12489704703853	11.8789189561405	16.225726173023	19.8233603519887
10.762326358202	15.0334756807414	18.4863399637541	19.7091477930464	19.3582964453072
4.35979645820959	8.82695445579651	13.1764345142219	16.0675247850934	18.1080342619483
9.97010951409663	16.0579191119448	21.3186694072303	18.9140061251242	20.0386056324499
4.52264930842534	8.12576922405123	10.5903763367716	12.478611521915	15.4877766739994
4.02211967264964	7.1651946371619	9.81652062430373	13.1061341310375	17.9173203306685
4.49940548009602	10.263557242848	12.2865799555037	13.5680853294304	14.9279523749511
9.46454584496826	14.4593457973188	14.6650508332618	17.2652502529619	18.2756325413471
3.75471255909423	7.51800656049056	10.7188570293898	14.1138409582187	15.5404906838132
6.22812153813362	9.64072419079741	12.4163424166837	13.1175979777861	14.0003330081194
7.95866514797677	15.0032632603374	18.056468277706	16.1805163877406	17.6011923285544
4.4136434432325	11.444861175224	13.2860649682167	11.9626796621311	11.4166960953042
6.22812162194396	10.2874896646765	13.6566806813832	16.5596560651752	18.6169677873752
3.7547125590944	7.90707590800713	14.2269176335417	13.4817819178119	14.3891540525605
4.02211967264964	7.65033134882623	10.091346374781	12.3220321081162	13.1176212951154
4.49940548009602	6.6029033306188	10.0344307800614	13.4149550450464	14.7991020490505
4.97407992303107	7.73559069362176	11.6909696152044	13.2849781190678	16.9051755899082
4.8135419754534	7.53181665156239	12.83590116447	14.49042380652	16.3198458322011
3.82858188842846	8.38424513868085	12.5911681397472	16.0295587089612	18.0797324496849
4.07481147582467	7.62539662745007	10.0573944086908	14.418172178805	20.0580703807397
5.65923533924433	11.9333233717024	19.556554353418	21.6894385823816	22.9948768474228
4.08925456513361	7.97594831244965	9.12073610208188	11.5833411626259	11.681208353846
6.84425287419191	9.22390296091817	11.6853451133606	13.5109934956047	15.4295209923359
6.2460887021835	8.78064220132222	11.2825737339493	13.7005367750808	17.766486474735
4.49940548009602	10.93911370999	13.2133990238066	14.630855800787	14.4644733674789
4.02211967264964	10.5279457973958	12.2427324245438	11.1219231241556	12.6704031339758
6.15546375674143	12.3530720865847	17.9213424324934	21.8551127239682	26.001626866975
4.81354142631415	11.1777572234468	12.8992628419328	14.2331825233148	17.9086978930101
4.4136434432321	7.97594831244913	10.5085839442876	13.1729030882222	16.8881133033365
6.15546375674143	10.8928925757998	13.9752635035128	16.221744503165	18.0797843289001
4.49940548009602	7.58810556769089	9.99432223904608	13.7151027940967	14.9763830995098
7.50462387171569	8.23637009082313	11.1935225458847	12.1196211438577	13.5787163614442
4.81354208503643	7.53181665167466	10.4678905202499	10.8465847301243	13.5918408951932
4.81354179450244	8.89024361517642	11.4191298470793	14.1386858531283	13.6781500034209
4.97407992303221	11.2560549063375	18.6160491397403	19.9322121355978	21.2645555347983
4.52264930842534	6.98193597966787	8.79285626353476	9.39475827101865	8.46901649631491
3.9854630512786	9.42168457142373	13.8854750709899	15.8342464801197	21.1279838919991
4.81354185760682	7.60236214398873	11.9747847096093	13.8010672435927	13.5561369536954
6.84425287419191	10.878074504327	13.4608195376105	11.5766915016521	12.1511898771224
4.02211967264964	7.65033134882611	8.17421637798668	11.3780868571762	11.9673503846914
7.95866514797677	8.7927753105638	9.99749671397706	11.0448990331774	11.1059564289581
9.04165400012329	11.450258156415	12.3820127536677	14.8352438833441	13.6867229853082
4.52264930842534	9.70464178985321	14.4533172981802	14.3337735638175	14.1428813616397
4.07481147582493	10.7320985266152	16.2356805374869	20.6937906768737	21.7593828418725
4.86754344434155	7.85590804723267	10.078377182985	12.5361917878718	14.6840772929985
5.06531436941231	10.1619443220765	15.3782099455503	17.3151166969686	19.6911435333713
4.08925456513356	8.0430523899592	10.0617486419524	11.7990183489104	12.9800443699802
4.81354195705296	6.21680773934048	8.29805606738159	13.1540784577901	16.1056345393621
9.46454584496826	9.4295369224148	10.8141210436097	9.77419281983958	10.9639888452789
7.5046224802399	12.7053122548733	14.2266540681097	16.125887792843	17.113086255576
4.81354209801168	10.6391033654715	13.3448367971637	11.3383850041934	10.9000916754542
4.52264930842534	7.97594831244913	11.6841103622278	14.6274093362611	15.9197350942395
4.81354180057519	8.5185817042555	13.3816225397428	16.3272268746591	19.1753103069519
4.86754344434155	8.63603170086583	11.1287901531383	12.944066947543	14.8537026941863
4.49940548009602	7.65033134882623	11.0572177783458	13.1142045905983	14.1008055946003
6.06762429287505	10.8981428961681	15.550019876215	18.6205922186448	20.7810717501671
4.08925456513379	6.81316278311249	8.70517619159699	12.9983757805923	13.7289638267363
4.08925456513401	9.04686593283844	12.4000791751245	15.9907285112291	19.0991944294631
4.10531276488504	7.97594831244908	12.7863983787798	14.0404533003154	17.7897656206374
4.08925456513384	7.97594831244908	9.13864351888679	10.594910026152	12.2123186737358
4.08925456513271	7.19565155285972	10.8141210436057	11.083654885376	13.0204914733725
4.41364344323262	8.31547585332095	11.1227311205852	15.8104575114294	18.9826408644798
7.50462368695344	14.1541500405006	16.7835424009173	18.8112494792937	20.9275194174066
3.75471255909451	9.70464178985321	12.4878808126443	13.5416429249186	15.7066982533781
4.49940548009602	10.9099358183806	11.5392834870945	13.0058125146563	13.0967441042534
4.10531276488504	8.01264566749205	10.5181301101481	13.1172735884615	15.03013604966
3.4428293447624	5.69224259911198	9.68949961319532	13.7239928316484	17.2494596643832
8.02863866536597	11.6198281048053	14.4226053305015	12.0982122914716	15.1022415500652
7.31716075820117	15.1114232045425	18.1754962115797	19.327708046147	20.43171357781
4.35979645821669	8.40419247771666	11.6983689972221	13.4049647597813	14.8830960393725
4.02211967264964	10.7881930612288	13.0264534999677	16.9100864082512	15.2885103280499
5.06531436941231	9.01838704183052	13.299308870457	16.1445316608697	17.1431182370438
4.08925456513072	10.639103365472	14.7860872397245	17.574959634303	19.7890911072255
3.77813517453512	8.23237997431613	12.2791900624021	15.7974310406825	18.0430839438481
6.06762429287505	8.41849081017511	11.1227311158964	13.8167486319547	15.3892224883065
4.35979645821664	6.98193597966758	9.83801161855951	13.6578594513499	15.2560483157713
5.65923533924433	10.2874896646765	13.63031177597	16.0807174656886	16.9414072544713
4.8135420938392	8.09630829061405	9.51873239356297	13.7151027940967	16.9422409140348
4.10531276488507	7.1651946371619	11.1923993453362	12.7927920612601	14.7176568777511
4.35979645820959	9.04686593283839	11.8028207022455	13.9179066694307	15.3090455532217
4.07481147582951	7.49820107167585	12.3196676819164	16.9841955562478	18.8979433937041
7.45310330066729	13.3318126577728	14.7511738126236	18.2064346804401	20.5996840339044
3.82858188842843	10.3258313507714	15.4273220759849	16.8827500132354	15.9248151400274
4.52264930842534	7.15816748707795	9.35024274821762	11.0528747079537	11.9404525989277
7.31716075820117	10.8981428961681	13.5882945598535	14.5562323481486	13.9141099622708
7.31716075820117	13.0861966789692	15.0277734037952	16.0381160902934	17.0390571692977
3.77813517450278	7.1651946371619	8.06959993220778	8.98636077181601	9.65319985535143
8.02863877465535	12.6415657974887	15.968563712644	16.9692491464996	17.9693327349111
6.68660703226448	10.9396786351463	13.5581175598521	15.488722432596	15.2098961773913
6.68660703226448	10.7314106479868	15.1443501960781	13.2327890128981	12.6635193198275
3.9854630512786	8.77109905870913	11.3324592913899	14.1087647550571	15.3037921887268
4.86754344434155	10.2635572428468	13.705292571194	18.45687308816	21.2401073287916
3.8285818884284	6.36598880522882	10.9808194548066	12.5460382159422	14.7443018369374
3.63343397412581	5.79000619213735	9.46378064309738	12.7646831818499	15.0041708692195
4.52264930842534	11.5256465771801	17.7617492228815	21.7010562593863	23.6412936338912
4.08925456513379	7.19565155285989	11.56486834356	13.4285419343528	14.0625518442754
5.65923533924433	13.2858721138473	16.3690395376789	19.5466102195811	21.8006930454821
4.10531276488504	8.82353597255957	11.1923993453361	12.9978967481278	14.6800311868295
4.81354206357031	8.67510878503174	11.3559010507798	13.4202029904602	15.1885943126188
3.36441116053766	7.19242519370704	10.173871527218	11.874345408013	12.2829408443
6.22812162100757	10.6391033654716	12.4240268233727	15.0637005108416	17.9904657606281
3.20404346061625	6.65481462093345	9.26593359954711	10.9660118946539	11.163525644697
4.35979645821681	8.40419247771666	10.9864461891499	13.6117224816699	16.7301725908713
7.45310330066729	9.89564400341357	11.6438650438103	13.4035378065054	14.3551072453972
7.53730659356762	12.0936102584411	15.5902225697632	17.9840754206886	19.386232578404
9.0940388148918	9.56296257801193	12.9004802058165	14.9629772099806	16.0731226454159
4.0748114758257	6.21680773933934	9.88448411494136	14.5528945846723	16.0162442283093
5.25979861097272	7.66555531465343	11.2215847940417	15.7690282998002	16.2188157389911
4.02211967264964	8.09630829061405	12.1181818129442	14.5201829627937	15.4653356154067
5.65923533924433	7.9096700336687	12.4713543718785	15.0791955815562	19.2635068853434
6.68660703226448	10.7875931355501	14.4436637900698	16.4981016256238	18.2914696745153
4.81354191113462	6.61529304969781	11.5737695343622	15.3366151206108	20.3550628762478
4.3597964582097	7.49820107167579	10.5851091229162	12.6768948665489	15.8876626944423
4.86754344434155	6.38252297837016	8.37447159002551	9.27643864918838	11.1394412669396
4.07481147585884	6.7081500896611	8.44813411301288	9.70424295283163	10.36278458009
4.8135418269286	11.1777572234468	12.8992628419344	13.4183296602283	14.7186904396449
5.65923533924433	8.99518750703396	10.7022776350234	12.3900944038662	13.3120484299886
4.0892545651339	7.82655014376866	10.6046978267835	14.7826618030795	16.4721066393492
5.60492119441193	10.058869076296	14.3747890740339	17.2350283483049	15.711230001345
4.35979645820959	8.24460395417572	11.0611006188607	12.5322652977764	13.9463804108234
6.22812164253406	8.315475853321	12.2475790794321	15.1130147019463	15.7845228587859
4.86754344434155	8.63603170086583	12.2669608455089	16.2404886029826	18.8422592966469
4.35979645821669	10.2635572428476	13.0054619301069	15.0295407566885	16.5056289640223
3.8285818884284	7.19242519370653	10.1738715272179	14.0135446939465	16.3267588605099
5.60492119441193	7.77120007560336	9.36603328820934	11.6100937083936	13.4216088589954
6.7163114425598	12.7256133809419	16.292031443443	18.3818793845464	18.3120033264205
4.52264930842534	8.12576922405123	12.295898187129	14.9087082366402	16.8803118998768
4.10127484408116	9.12701954702982	11.6315124500979	13.7669350556205	16.5799657116172
6.08618037875345	8.53096924175128	11.8333780281834	14.3577795909325	15.5527901516269
3.7547125590944	8.82186790721505	12.9822229809339	16.2991899212132	18.3222791577532
4.81354206056585	8.5185817042555	11.2959772369832	12.9611086366169	14.8710675867855
3.72522102536396	8.12945094446457	11.1227311158872	15.2507395002354	17.0438222611527
4.35979645820959	6.98193597966758	10.5561054937238	12.5134971457386	14.0630203569402
5.25979861097272	10.4964131108926	12.436424950429	13.48439393475	15.0947132906446
4.81354186136275	11.1777572234467	12.8992628419347	12.6561536986446	11.147744464174
3.90676822122975	6.37143395065118	9.4005847935361	9.48049872022591	11.4007711250329
6.06762429287505	10.7881930612288	11.5363806254756	12.5460454704004	13.5994130906491
4.08925456513361	8.04305238995914	13.6303117759738	16.585191729736	19.0329407279827
9.97010951409652	11.7949519912253	12.6508217353402	13.4721339466039	15.6953740902534
3.20404346061619	5.67236174310364	9.51873239356297	10.2472901239345	11.2235820111495
4.35979645820953	8.24460395417566	13.0054619301068	14.7808267159608	14.7562886762484
4.52264930842534	10.4559336377987	17.2036191189329	22.6571614085379	26.3793638109598
7.45310330066729	10.3565485887888	13.0548307781743	14.0059332121508	16.4151346964028
6.22812121229174	12.2438424119389	16.3174716004928	19.5521084570744	22.7519934946189
4.07481147583422	7.5925596171158	9.99737765484389	15.3696363517624	19.0958059170533
7.45310330066729	10.6015314111498	13.3932402773085	17.9372655298043	22.7779826741751
4.81354192058245	8.10730527298045	11.2193340851247	13.0495719419136	14.98153361637
4.07481147586188	6.70173033439107	10.5561054937231	13.8275297727338	15.3406442071054
3.7547125590944	6.9350116902541	9.86497610291389	12.4988463175965	14.3893623865006
4.97407992303039	9.05544975562412	13.2594625518192	15.1035549974848	16.1968598306181
3.7547125590944	9.70464178985321	11.6188544786907	11.1971232003228	12.3436744696147
4.97407992303107	9.05504077499438	13.3374619412293	16.1833278584911	17.0959793316377
5.55666777382987	7.69800364963373	9.45575983646137	12.964685735741	15.2821834690965
4.81354168459518	9.08759499891096	14.406826551717	16.4017910387205	16.370204831992
4.86754344434155	9.43405517214529	12.1359335767995	15.0351521871134	16.4891577035863
9.97010951409658	14.4843612004805	16.5378545246489	18.6275220437924	20.8143937675966
4.86754344434155	7.44293895246295	12.2442798410625	16.8062862392615	20.5974916761605
6.15546375674143	10.7314106479868	13.3454515538014	16.1432937323631	18.118720518802
9.46454584496826	13.4768479641434	14.9224286831526	17.4406074830778	18.5845217009011
3.86052588928061	6.6152930496981	11.9956106206673	17.8438689317561	21.102516524964
4.97407992303147	8.5185817042555	13.3816225397429	16.3272268744864	18.8069624117065
6.7163114425598	9.00701286214195	11.2734029224172	13.9153058486521	15.8797995355487
4.35979645820947	9.56296257801193	14.1686978110557	16.1540195711394	18.8284347844256
4.10127484408116	7.58806000017046	12.4635451518021	14.6632048950113	16.6272125541085
5.65923533924433	8.0641025293246	10.257684658181	12.6911518020455	14.432363530902
4.81354209353952	7.5925596171158	9.97626112946426	12.8494880860575	14.729109823797
7.45310330066729	10.3258313507478	11.7829934853518	13.6335606664109	15.1974465807036
4.35979645821669	8.22319929457109	13.0901284125879	15.8381121499058	18.4919953367117
4.08925456513373	9.56226938605198	10.3839319863717	13.8676518360232	15.4441288616654
4.10531276488507	9.1397409237635	11.5223689014997	18.2929574221035	19.5424902588633
4.52264930842534	6.70173033439102	8.43155333591335	10.2329424568255	11.2251404303129
4.81354205973929	8.12576922405123	12.2669608455089	15.1434417760232	15.9244795310755
6.7163114425598	9.00701286214195	9.82339895511058	11.8596371900338	12.8134476213694
5.65923533924433	8.59017135387319	10.2856575279799	11.8953591995379	13.584988341256
7.50462079310716	13.1709290033872	18.7177822337576	19.9403656954527	20.5549032992132
7.45310330066729	9.03614438893027	10.5021804190023	12.3583561523424	13.3378189205503
4.8135418317566	8.51858170425544	11.2959772369828	12.0016839368107	12.549890126335
4.07481147582345	7.05478254096755	9.51873239356303	13.7151027940967	14.9763830995103
5.60492119441193	8.27025607370632	10.5770920186537	11.4422038946116	12.0514274365306
8.02863864590108	12.27893123159	15.4161960716609	20.3105011195807	21.921568640893
4.81354206645148	9.79367297811433	14.8563485704334	19.705667294811	25.0025526654187
4.10127484408116	6.81316278311249	8.95879623973144	10.6631286980543	12.454551779156
7.95866514797677	15.0032632603374	18.0657189938402	20.2748192553804	22.5410944281194
3.63343397412578	6.49302102554202	11.9956106206677	13.6754266795351	15.4877766739576
4.07481147581768	7.1651946371619	9.8629623042973	11.970763459411	13.6685633027573
6.2460887021835	10.1753583684211	12.9474821550046	14.52888335912	16.0243836846435
4.35979645820959	6.76736231338242	9.68949961319657	11.7658257044554	13.3436917362237
4.81354207906384	9.0960011130224	13.2173213041916	15.0520886915889	17.8132419302565
4.86754344434155	8.63603170086583	11.8789189561404	16.1571698723992	20.3106339678917
7.99958399223027	9.11139134739039	8.32795870582726	9.40349142595124	10.3982702827998
3.77813517453865	8.19907470592915	12.2521547167827	14.9831982075389	15.9468041841506
6.22812158843266	9.45360656477152	14.2616372912917	19.2700871035689	21.9805194460217
6.68660703226448	13.4002762702556	17.2637948149812	22.4001295391645	21.9231129656052
4.86754344434155	11.067488380253	16.6912891304322	23.0621091854167	25.4702091336845
3.20404346061622	6.33294316128303	9.31539772822043	11.840135165697	13.1370735979649
4.35979645820942	6.98193597966758	7.52842206769486	8.59285066810781	9.80178558070509
4.10531276488504	7.51800656049062	10.3684102788375	14.236226631787	16.0722282560895
4.52264930842534	10.9523370956943	16.537854524649	17.5745401650718	16.7925987137679
5.25979861097272	10.1026619996262	12.5156605202404	14.069037560206	15.3998691359351
3.77813517453973	8.23237997431613	11.602049092862	13.2983910743127	16.5799657116172
4.97407992303044	10.9068487640565	14.1916830677757	15.9292318154793	17.6369804528014
5.25979861097272	6.62450709592298	8.14590983815924	11.6319169276508	15.5547496393226
3.56199160097765	7.97594831244908	10.8402681608674	13.3127600996026	15.1984459959563
4.8135420538307	8.51858170425544	9.87907629996369	11.5398602484273	12.4055542407136
4.10531276488504	7.73559069362193	12.9690611500716	14.3012540583614	13.0515680359224
3.63343397412575	7.1651946371619	9.70597721213812	12.478611521915	13.1148411289267
4.10531276488504	7.38125086962856	9.88448411494198	13.2716336220642	14.6236180281089
4.35979645820942	8.61456374581206	13.9818847953055	17.1216688201058	19.7547369237348
3.9854630512786	10.2884331653382	11.4090680148946	12.4363748279361	13.3732837209783
4.35979645820947	8.12489704703864	10.5199101950345	11.8819115022141	13.3128375183032
4.81354208706119	10.4559336377987	14.9384014161311	17.9029108449254	20.3947558672949
6.68660703226448	9.10355843325971	10.6940824028549	12.3226895085102	13.8343463072621
5.60492119441193	7.77120007560336	10.1387382246757	13.5033895692131	17.4342274277585
3.20404346061622	7.5180065604909	10.6347796360713	13.6324977532906	14.7376078307176
6.22812160122959	10.7320985266152	13.4398897420111	14.1117459381921	13.9699507733704
5.25979861097272	9.21970782960989	9.92843733138295	11.3531533633823	12.9475697853778
4.10531276488504	8.12489704703859	11.8789189561404	16.2257261730231	18.7580848532816
4.35979645821669	8.38424513868085	13.0054619301069	14.780826715961	15.03013604966
12.5394147400032	14.7507476358179	17.2915419035369	17.1301533873583	16.6358656019571
4.10531276488504	8.12945094446445	12.6786524562277	15.6257018354581	16.8108803449104
4.49940548009602	6.6029033306188	8.15354201793991	12.1517057578633	14.065105181961
9.97010951409658	10.7026133591571	11.481994310138	12.9254814540413	13.8456913392686
7.45310330066729	13.8997427923594	13.7934491724026	15.4167639049874	16.537344751343
4.81354202347256	11.1777572234468	13.9027647905835	15.6681694831806	15.3277613664486
3.75471255909423	9.70464178985321	12.4878808126443	12.0436558649978	13.3464679067885
8.02863840174467	11.1777572234468	12.8992628419348	14.7684889670171	16.7693977976332
3.90676822122975	8.05976686880922	11.5148431708438	13.2571815126628	14.1632270500191
4.41364344323154	7.5180065604909	10.0102912007138	12.4980749636515	15.2261617054327
9.46454584496826	12.7321450802108	14.5762933764484	15.5365565068768	16.1946314705202
4.3597964582097	6.98193597966758	7.54424407661605	8.33845853071404	9.14768848050818
9.0940388148918	9.98293452782127	9.93810680528509	12.0357888462091	14.1733998302772
4.81354191875027	9.85812648768842	12.5960374774459	16.4999879777339	19.0360565870423
9.0940388148918	10.6391033654722	12.424026823373	13.603018446306	13.201547707772
5.65923533924433	10.2874896646765	12.9380425596987	14.8191598881137	16.6815363601134
6.22812164038595	8.28228206149021	10.3973329344713	13.1729030882221	15.2593110417378
4.8135420896599	10.3598500340779	11.8117613772583	15.5493917734294	16.0812749156032
4.10531276488504	10.7320985266152	16.1118610989415	20.7400095771867	21.7283831497363
4.86754344434155	7.08100111750235	8.68810521258592	9.33389839347916	10.3018906905427
5.60492119441193	9.56226938605198	11.7933664722595	13.5627388428963	14.4852861531782
6.06762429287505	12.6129192764174	17.4728022390514	19.5907519993004	20.6856671414574
4.86754344434155	10.9391137099864	14.1889699452327	16.400950928777	18.5831152624082
6.7163114425598	10.9443583681851	12.4457661161231	13.7767252795019	14.8000669269259
9.0940388148918	10.878074504327	13.4608195376105	16.0295587089612	18.0797324496849
4.81354209522425	11.6528015198836	13.4376494189734	13.4183296602283	14.3717589460588
4.35979645821675	11.6528015198835	17.2402920652277	20.0386742822913	21.7301882425105
3.26659418791007	7.65033134882651	10.09134637478	11.8141591882991	13.3914808900831
7.53730659356762	11.5722325059186	12.6864256259958	13.7438366314796	14.4687936325165
8.71703179612831	13.1022064637979	16.6637694671683	15.7228278765372	15.7810174627797
4.35979645820953	7.15686311556794	9.73094521810316	11.6925664501234	13.0943580412791
4.08925456512992	7.18142680230568	11.1745431412101	14.5976571020845	17.8176324766976
4.81354160648311	6.70173033439107	10.5561054937242	14.4705993796026	17.9424917768064
4.02211967264964	6.19531086640364	9.09549635301516	13.1101312181309	16.9887443369193
4.8135408828403	9.56296257801193	11.3453025339767	15.1711907272866	17.63645102561
3.56199160097765	8.05976686880922	10.9674591296866	12.4517253171004	13.2808381930884
5.65923533924433	8.38424513868085	12.5911681397472	14.4635516930474	16.428042272476
3.77813517455473	7.56896520594864	9.88941138741018	10.7138765516315	12.7613108813644
5.60492119441193	7.99498605614281	14.7637034950572	18.8187474666817	21.4924780546561
5.60492119441193	10.8449596267023	13.7913892976721	15.9248073934114	16.8909901145799
4.07481147583488	9.45763502092694	13.8815648535209	17.2886701373169	20.2057683200609
7.99958399221691	15.7799484451862	18.7543301095	20.8477887767773	23.0224715174983
5.60492119441193	8.04305238995914	12.3310177302047	12.7718199319228	13.2498670625681
3.82858188842846	8.06410252932449	10.1454487757864	15.2946743486712	17.5440639804419
4.35979645820953	11.6528015198835	14.7770215282475	16.5896761122751	17.49640667975
3.86052588928064	6.90904628404076	8.66848333339635	12.942794429752	13.4305699741222
4.08925456513379	10.7881930612288	12.2506753119777	13.6235143171496	14.5724834443504
3.77813517454808	6.10734739262023	8.8913543111355	11.4332313833345	14.7308339564686
4.02211967264964	8.23237997431613	10.8522643737691	12.3101418534125	14.3672556698269
7.31716075820117	10.1826149730181	13.9331159827363	15.9210807855229	17.5120542570123
4.35979645821658	8.82353597255957	12.9474821550046	14.7669236453273	16.4329928684574
7.45310330066729	9.89564400341357	11.6438650438103	12.5547626930056	12.2077396412691
6.7163114425598	8.35479027596108	9.9936661562964	14.069037560206	15.3998691359358
6.2460887021835	11.5472684142975	15.8282432305711	17.8746450129537	17.0762171263303
4.81354170162149	10.3258313507684	14.3078773187288	18.5438541385441	22.7082733192182
4.86754344434155	7.07831539811411	9.97462298414297	12.1291383665861	13.5630808405909
3.63343397412567	7.31918116621694	9.90263103144014	12.2933355594072	15.737920371747
8.71703179612831	9.70464178985321	13.1674337401404	16.0416050459099	16.9550068639258
3.26659418791002	5.8502257167292	8.43584350542511	11.572648891998	13.6854581931631
4.41364344323188	9.68198651856551	13.3891911159155	16.5844290291611	16.170184449979
3.90676822122975	7.65033134882617	13.5612349647635	15.8686541122739	17.5035424722667
4.52264930842534	8.04305238995886	12.3310177302047	14.4288344046369	17.0190395211131
4.86754344434155	8.82186790721505	13.857363538168	15.7505854997931	16.8611120862549
4.97407992303164	11.444861175224	13.2860649682167	13.4515563103818	14.1472603844917
4.02211967264964	7.66555531465343	10.173871527218	11.9179202560837	15.1023566258993
4.81354173098623	8.99518750703396	11.0407010969084	12.7961758904365	13.4998226074315
3.56199160097771	8.05976686880922	10.7320190662193	14.3387362801714	15.1990780612905
4.10531276488501	7.77187964643338	13.4072544722957	16.1805163877406	17.6011923290369
10.3451351860643	13.2713382811443	13.6292635036338	15.359237921215	14.9325485180871
4.10531276488501	8.61456374581212	11.5778957608238	16.1154131954195	20.329999687197
3.75471255909446	9.7936729781145	12.1233834268794	18.1445240015446	23.3322634928286
4.08925456513379	8.05976686880922	11.5648683435608	13.7151027940967	14.9763830995093
3.77813517453689	6.10734739262023	9.31888318158036	11.4378341557993	12.6496480658869
4.35979645820964	6.00436469004291	8.24452004659128	8.43666087593363	9.46797044837604
4.86754344434155	6.6372868440302	9.1454363334534	11.3597719684126	13.554503996529
3.56199160097771	5.70492807763969	9.51873239356297	12.9591981240096	15.7104850333708
3.60473679561659	7.01121810989071	9.10116973519308	11.5651002537376	13.5956436835393
4.10531276488504	7.77187964643332	11.9956106206678	15.9925943703699	21.1305307880486
4.35979645820947	7.60236214398759	11.2812566248244	12.5126921370033	14.3093042205117
6.2281216575401	7.84591111607983	9.06191550251009	11.9869455574325	13.5671192907209
4.02211967264964	8.09630829061405	10.5085839442877	12.143628384473	12.4156407104355
4.52264930842534	8.12489704703859	11.8789189561404	14.987661605263	15.5702541603494
4.08925456513379	8.05976686880922	11.5648683435587	14.5442870048448	16.9053055263257
4.35979645820953	7.5925596171158	10.173871527218	13.6122327043121	15.7654498328645
4.86754344434155	7.5180065604909	9.37704984822489	13.1729030882221	15.2593110417396
6.68660703226448	9.10355843325971	11.7829934853517	14.5907982013575	17.6607177045381
5.25979861097272	8.64026336730456	10.0512823137299	11.6507124653359	13.8057370672362
4.10531276488507	6.4947766032256	10.0506611091081	14.8297233836769	15.8681560972355
4.07481147585304	7.52421370292348	11.4495317436285	14.0784142172609	16.5943745909915
4.30446959248758	7.97594831244913	10.5085839442877	12.9211927272247	14.7611530638169
4.41364344323222	6.98193597966758	11.7682505750594	13.4896135872205	13.2574666517436
4.49940548009602	7.58810556769089	9.83406374798278	12.0611036997102	12.9640163709927
3.53017056093091	6.69868907269745	9.3959276399392	13.174216684741	15.7905659145187
3.56199160097765	8.12945094446439	10.7021716835166	13.3801442806491	12.2453768209306
4.52264930842534	9.70464178985316	10.9961724932957	13.7185936130952	15.7131754111265
4.08925456513015	8.31547585332095	9.90263103144014	13.0045185178673	14.2867833167167
4.10127484408116	8.61456374581212	11.3248392760667	13.4189910022916	13.1880663132782
3.7547125590944	10.7881930612288	15.9190322775412	19.8770174745928	25.1127396471708
8.02863826161087	13.7498718482996	19.5212806976562	22.5549509482987	22.9110899144292
8.71703179612831	15.1789367442773	17.2577338097634	17.9571645240409	19.0280038978756
8.35865935678447	10.8301463376761	10.7916792677481	12.3636603097625	13.270537118006
4.30446959248758	7.29619382870715	9.84194555298581	10.8347573003853	12.0337009179218
4.10531276488501	7.73559069362199	11.5139334214898	13.6667824453157	15.1978629830618
4.10127484408116	8.54550568168094	11.4964536198729	14.19481384528	14.6569952958316
4.02211967264964	7.4913849503522	9.9338928335261	12.6219624641243	14.5106110741802
3.8285818884284	10.7881930612288	15.9190322775412	17.5369360356481	18.1839907670626
3.86052588928064	6.8736708710241	9.40856594310588	11.339809666431	12.974052438262
4.08925456512628	8.04305238995892	10.6206269033468	14.069037560206	15.3998691359369
10.6325156491039	12.10580727516	12.9013400320222	14.6787491249087	16.3326398031865
4.08925456512998	8.09630829061405	13.6303117759741	16.5851917297306	19.0329407279817
4.41364344323182	8.18330853484997	11.5834443981713	11.7443009334283	13.4410468613612
4.81354173493116	8.25950396249243	10.3649344449079	10.8533737297752	11.2291357605477
10.3451351860643	12.2059196537728	14.2628492478394	15.7735189619862	17.8950595693267
4.86754344434155	10.2635572428482	12.4625227226343	16.2016182778712	17.7482197020632
3.56199160097771	7.66555531465343	10.2741382744165	14.3596354605205	18.4788635816597
4.81354208149452	7.53181665156234	11.1935225458841	12.9640928044089	13.5561369536957
9.97010951409663	11.7949519912253	8.68430794966628	9.86330078806986	10.6142074019618
6.06762429287505	10.7881930612289	12.2506753119795	13.8763602123935	16.7886761137996
4.41364344323176	10.3120781833407	14.6367697985249	17.5008706808584	19.0432365963418
4.81354163273386	7.88363759982479	10.1681820718546	11.6692709115101	12.7308191479096
11.1493421094454	12.913768822055	12.7958542985337	14.675203705855	14.6651675715632
3.86052588928058	9.70464178985321	14.4533172981802	17.646514792379	19.6751505780913
3.82858188842835	8.82186790721505	13.857363538168	16.7179212945041	17.724576795677
5.06531436941231	8.47246382759045	9.91458322496294	12.4383235862881	13.3663216423795
7.53730659356762	11.5235011593959	13.7870962660436	15.6461848608978	17.5856424560715
4.52264930842534	10.3258313507715	15.4078405630304	18.3217222606062	21.2428568581496
3.77813517451386	8.61456374581206	11.324839276064	14.572720662412	14.6974117994447
4.52264930842534	8.24460395417572	11.9873359456331	15.4168857202627	18.4956409629129
5.55666777382987	7.97594831244913	10.1874983469527	13.4116081590664	17.2230296642493
12.1541650551681	11.7773747915522	12.4168911057134	13.1653763003679	14.2844702273382
6.06762429287505	10.8981428961681	15.5942351654533	18.964896341667	21.0505892226968
13.00638653269	15.6135945153296	16.0146933697731	18.5148534917427	16.676135857359
4.02211967264964	6.98929159334324	10.8247765937009	14.7473677378244	15.7071752650777
12.8272366110918	15.346128202752	15.1703872181203	16.1819085321006	15.0298373902027
6.2460887021835	8.93372368825584	13.9211021242974	15.7816552628662	17.7223508878437
3.86052588928064	7.90707590800685	11.6733291932746	11.7720346944681	14.1376005005246
4.02211967264964	9.56226938605198	10.8582814513742	12.6607695948062	14.5738450333196
4.10127484408116	8.315475853321	9.94948962818603	11.5552420359687	12.5067713933321
4.08925456513356	6.81316278311249	9.46176001516221	11.1504451455042	12.8454025741962
5.55666777382987	7.1140817645753	7.90550476873022	9.03183744799071	9.67314826083111
3.26659418791002	7.65033134882651	10.8402681608674	12.6038461137773	13.5214722904565
5.25979861097272	8.12489704703859	10.7480633680491	12.1164484463335	11.5156335685426
6.7163114425598	10.4765161788895	13.0899758847563	14.9623462883088	16.8128921252658
4.52264930842534	8.89024361517642	10.5634735794595	11.7298004639212	13.0932485192612
4.81354205157578	8.5185817042555	13.3816225397429	14.5853251080572	14.4742288211503
4.97407992303073	11.9675045945361	16.7758380011643	20.9908726902846	22.62783199641
5.60492119441193	8.05976686880928	10.9674591296866	12.4517253171003	12.5752081609996
6.06762429287505	8.41849081017511	13.0054619301069	14.7808267159596	16.9422409140347
6.22812149395145	7.84591111607978	8.43396134775753	11.1972615339795	13.6357596909188
4.41364344323148	7.41444061674332	10.8233052525464	12.6229908730702	12.1228104155247
4.81354209571435	6.36598880522882	10.6251871081703	13.5155825740383	15.3156943567773
4.86754344434155	9.43405517214529	12.2669608455096	15.1434417760231	16.4976511778947
6.15546375674143	8.19907470592921	10.0913463747812	11.806765954634	9.61656403004389
4.8135420896653	7.3853023616569	8.94806184596473	11.0635542231641	15.1960350955935
4.52264930842534	8.04305238995897	13.63031177597	16.5851917295933	19.0329407279729
5.25979861097272	7.97594831244913	11.4320288518775	12.3126994662904	13.2008730282315
4.81354193780726	8.06649490657259	11.2995170461153	14.0508166843809	16.0097685163287
3.7547125590944	7.90707590800707	11.6733291932757	13.2521802887388	13.4392057079145
9.46454584496826	15.3149057969444	20.0667608636967	21.437411654132	22.6377109947271
7.99958399222191	10.5216311631779	11.6004996963423	15.2309288724132	16.0273332811267
4.81354154886179	11.1777572234468	12.8992628419347	14.0283065083887	14.9809980456595
6.7163114425598	11.412690951871	13.1827553407459	14.848448388843	15.8694880886188
4.81354148275744	11.1777572234468	13.9027647905836	16.1166221259817	18.5013895104709
4.41364344323159	8.18330853485003	11.5834443981712	13.4131573433866	13.4897551334943
5.65923533924433	11.1046852028726	13.8176226171214	16.5773762205652	17.5991506878228
4.813541390735	10.639103365472	14.7511738126236	17.341139677409	18.9502958079203
5.60492119441193	8.12576922405123	10.5903763367716	12.350089525192	13.2660170290533
7.99958399221242	12.0915498744416	14.7205521930852	15.5820392060804	11.5576198595007
5.25979861097272	11.1777572234467	10.756955915973	13.0141745581309	13.8716229857484
6.22812162550343	10.5879636707236	13.9653931236605	16.9621627030202	19.9809664554892
6.2460887021835	8.78144898248706	11.2825737339493	13.0855676764015	14.5180631551965
8.3586593567843	12.9633288285746	11.5608233750791	14.4217487965191	18.5886050824236
3.77813517453995	8.23237997431607	11.602049092862	13.2983910743127	13.9870448414279
6.06762429287505	12.6129192764174	20.2866016337506	22.5529926673372	24.7068651560998
4.10531276488504	8.01264566749205	12.2530160743307	14.9792136785724	16.9835385878901
7.50462029234251	11.2519315628825	14.8742425462199	15.0060197685287	16.1178394395083
3.7547125590944	7.90707590800707	10.9092766153781	12.2475318498967	13.4475222719886
6.06762429287505	11.9675045945361	13.2047311993117	13.2521802887388	14.5147029539943
6.68660703226448	8.28289281486667	10.094004924911	11.8195486701121	12.5498901265487
4.86754344434155	9.43405517214529	11.1454577761752	15.6209338475777	19.3117362054389
4.08925456513339	9.70464178985321	12.4878808126443	14.5727206624136	15.6011159374376
4.08925456513327	6.81316278311249	9.51873239356297	11.4909284326035	12.9254598717915
4.10531276488504	10.3258313507714	12.5911681397472	17.1622099485372	18.8074856211772
4.02211967264964	7.38125086962856	10.7185377586102	12.4509527925731	13.3593291261479
8.35865935678538	18.804139217408	22.1145709219031	24.5702203218181	25.7868187976788
4.86754344434155	9.43405517214529	13.0054619301069	15.9371961311736	18.2115345720474
5.06531436941231	6.81227081093988	9.15065100740412	11.6866834186116	13.3444529414114
4.35979645820953	8.06410252932454	9.99737765484389	17.3459225442164	16.3411009019585
9.0416540001234	11.4502581564183	11.8008907937081	13.5762564723665	13.9362210525233
6.84425287419191	12.5803087883041	13.512614778405	14.6918918283191	16.0946557437869
4.81354160680934	11.1777572234467	13.9027647905835	14.669411874431	13.3361039848054
4.07481147582101	6.96705494927255	11.8434230986964	16.2695532277737	21.4284514493724
4.97407992303073	8.93197012983205	11.5985166892339	12.0532449900271	11.1042005031969
4.97407992303221	11.9675045945361	15.0273164044137	15.8236991532958	17.2490614546386
4.35979645820959	7.739577347428	12.5575464163232	15.3301162225194	18.3170210257548
3.75471255909446	8.12945094446445	12.2669608455089	15.1434417760231	15.9244795310743
6.2281216436719	9.59983136470373	14.0543158916839	16.9153524804937	19.0101034886993
4.81354200836813	10.9391137080164	13.2133990238066	14.5797399608895	12.7043345693523
8.02863871482833	12.1244591705249	14.9028031376145	17.8667566364025	19.7459578334158
5.60492119441193	9.6819865185654	14.507027708499	16.7114794919268	17.6151160982419
4.52264930842534	8.54550568168094	10.5676948215214	13.2437586466321	15.4993568164265
14.3486976737573	17.3011932343306	18.4916615584082	20.7279498383522	23.1048880448658
6.84425287419191	11.6528015198835	13.4376494189711	14.8875176825102	16.2666570518107
8.71703179612831	9.01740549165976	10.1513288866629	9.99216543855249	12.1076306891007
4.08925456513356	9.70464178985321	11.6188544786901	10.4698790812009	12.9114175134807
4.02211967264964	8.67510878503174	11.2995063236034	13.9254154105203	14.6484182688255
6.2460887021835	11.8378693531206	15.5771625019222	17.4459998468662	20.5258902176702
4.10127484408116	7.51800656049096	10.0102912007136	12.9978967481279	15.4638007028844
6.15546375674143	11.5368359178595	16.0502970156305	18.0248493958297	19.4764999882829
5.60492119441193	8.67510878503174	12.9004802058165	18.3954032320805	19.778862984016
3.01111262896148	5.4223932593718	8.70859948065083	12.4980749636515	16.2915238625581
3.18922078124257	5.4874615352042	7.47701603381222	8.53333315545439	9.2021337296411
4.07481147585304	10.7320985266152	16.003529652568	17.3923022386262	17.1376237729093
4.10531276488504	6.81316278311249	11.1616638032044	15.2857733611576	18.7498581963077
4.08925456513361	10.2635572428473	14.6650508332617	15.609031676241	15.4653356154065
4.41364344323199	10.7881930612288	15.9190322775412	18.4465880638496	19.54188331768
5.25979861097272	10.9391137099911	13.2133990238066	14.6308558007879	16.2143851809493
5.60492119441193	11.3355016738872	16.5989100412037	21.6993782582688	21.4263107206835
11.4767166978	17.4810374698212	17.9724664326303	19.1193245842082	18.286360838931
4.81354151314645	8.06649490657259	11.4123381852246	13.2486855666133	15.1909831025754
7.99958399221373	14.6433392909195	15.0633721609792	16.0463758752993	18.1414736327137
5.06531436941231	9.40664321986549	13.7582862372066	17.9233158130157	20.0206308840411
6.06762429287505	10.2475449257295	14.8199625299818	17.557046797223	21.0296830949995
4.10531276488507	7.63602531102725	12.7863983787799	14.8835524175587	16.3567612351956
5.06531436941231	8.06410252932454	10.6803959086857	12.7031484569108	15.1204318428342
4.10127484408116	9.81141598477751	12.1304773040225	13.2049263415562	14.2398870063616
4.10127484408116	6.10734739262028	8.06959993220789	10.4478223436787	12.9198224240208
9.97010951409652	12.4678773710622	13.1103714121969	18.1239256251825	21.0458688816743
4.10127484408116	7.53301533800322	11.6131246633953	14.2270331513067	15.9205833115522
4.52264930842534	6.7081500896611	8.6061977196336	10.229695598734	10.9709955188989
8.02863870991496	9.68056659537183	10.8414027940578	15.2516537614291	16.2173581815001
6.22812164816048	7.84591111607978	11.0931846495033	11.6887080717265	13.6787294663364
4.02211967264964	6.83979569242126	9.15159202085022	11.3017826307909	14.1136256634567
12.8361522161559	13.7538881553949	15.1968378553363	18.1852103045416	20.7274160054302
6.2460887021835	8.56178770367416	8.43567800604592	9.70614689269945	13.2894519612678
4.52264930842534	7.62539662745007	9.15334691219323	13.8296850741617	14.9165944718522
4.52264930842534	7.97594831244908	13.9419179856526	17.5958194116404	18.8631299318116
7.53730659356762	10.6201754967318	12.0423047868667	14.5266560666959	16.0934094818815
4.52264930842534	8.18330853484991	11.5834443981713	13.4131573433866	13.4897551334943
6.2460887021835	9.68158353284724	12.4114062979576	14.2329442175691	15.2215048162991
5.25979861097272	7.90199762840763	11.9747847096076	14.2702748823216	16.873463155076
9.0940388148918	9.98293452782127	9.50625028484455	11.3575189160357	12.7861479434873
6.68660703226448	10.992394189329	12.8164156119648	13.4679622971472	13.5887352264211
4.35979645820959	8.24460395417572	11.7736663816448	15.632942521118	19.4488002857372
4.97407992303215	9.05544975562412	13.2594625518192	15.0479067822191	16.5764738877212
4.08925456513373	10.639103365472	9.54032577588458	10.2301050532064	10.9749821484685
12.8272361384872	19.6772935541658	24.4617414218491	22.6658935697943	19.518962246217
4.81354152278834	6.37206932565903	7.18246205177229	8.89740489710175	9.16330169463873
3.77813517451722	6.49302102554236	11.9956106206677	14.430299315276	16.3546310535788
4.86754344434155	6.81316278311249	8.89546596291797	11.8373317771513	13.6544903791807
5.25979861097272	6.99326002071484	10.9347343911044	12.6498676429039	13.0604138609716
4.35979645820964	8.23237997431613	11.8789189561404	14.987661605263	15.5702541603526
4.97407992303152	7.90707590800707	12.2669608455089	15.1434417760234	15.9244795310824
5.06531436941231	9.08759499891096	14.406826551717	18.1195502256991	19.8602577146903
3.86052588928064	6.8736708710241	9.87667747796121	11.322911904175	13.0255017580774
4.35979645820981	7.2440498477751	12.3959647010192	15.1161774698882	19.1524550374249
4.30446959248758	7.74827699529374	9.60557230453935	10.9117567243878	14.0630203569399
4.86754344434155	10.7881930612288	13.4674953711187	16.4432132674577	18.2981243215294
3.63343397412581	8.05976686880922	10.9674591296866	16.0541239487277	17.8547544827613
6.84425287419191	11.7234265976665	16.3988386529341	18.4414792298937	20.5235228379116
3.8285818884284	10.3258313508029	12.2639390390067	13.5571127094055	13.4655453344144
4.97407992303221	11.4448611752239	14.8384255708236	17.7054403822905	19.7259204650857
5.06531436941231	10.3258313507678	14.9849735415292	25.1678512898349	25.941463212704
3.86052588928058	7.97594831244913	10.5085839442876	13.4090308343673	16.3244270196234
9.46454584496826	14.4593457973187	13.8427817846539	17.8487675034698	15.7488548752355
4.41364344323131	7.65033134882617	10.0913463747814	12.478611521915	13.3938010289178
5.55666777382987	8.37353921852088	11.5945614315935	12.7153412009421	13.7916597604454
4.35979645820959	7.60236214398748	11.9747847096076	13.8010672435694	14.1001237756709
7.31716075820117	10.5879636707236	12.4163424166838	15.0292814557362	16.3815439529974
8.71703179612837	9.42508009713544	9.84974366494049	13.117597977786	14.0003330081212
4.10127484408116	10.7881930612288	12.2506753119773	12.6806994238931	12.6030690543125
5.06531436941231	8.04305238995892	12.3310177302047	13.6166280621654	14.6428979143014
6.22812137252276	9.79367297811439	14.0835862988149	16.1926647429657	17.953819551313
6.22812161369643	11.7991795889142	14.7620978392767	16.6199243274723	18.1879908812033
3.56199160097765	7.97594831244913	11.4537911007155	14.5105208583583	17.6696251740171
11.1493421094454	15.9609001684767	20.0162281812468	25.7117743068892	30.261617406989
4.41364344323233	8.23237997431607	12.279190062402	15.0644029700256	17.0610328363888
9.68674977763345	13.723976621093	15.8959843729715	16.6233631520529	17.7434711654282
4.35979645820964	7.19242519370653	10.173871527218	11.874345408013	13.584988341256
4.41364344323239	8.18330853485003	10.9080827825494	12.3949963841195	12.9091350731667
6.2460887021835	8.56178770367416	10.9564485160386	12.7382887409731	13.7663471908305
4.81354200184779	8.09941539209382	10.467890520248	11.0025040366783	12.1654570633817
4.81354193057683	6.49434152314802	9.83801161855945	15.0474544600153	15.5866324374517
4.52264930842534	9.37460839471237	12.5127987829312	16.1495976168841	16.4443402671183
4.81354192882532	8.05976686880922	10.9674591296866	14.2182443735349	16.852442668879
3.86052588928058	10.2635572428474	11.6554763121146	11.874345408013	13.5849883412559
7.31716075820117	9.79889406126847	11.5807508375083	13.4341895334965	13.5695624460079
4.81354206769942	6.00436469004291	9.28687275129596	13.603002299188	17.7645004288228
3.75471255909446	6.58389725050694	8.6061977196336	10.2296955987333	10.8488484219369
4.35979645820964	7.88363759982479	11.0931846495033	14.1117459381921	16.4261425220989
4.52264930842534	6.6534084579252	9.55171580562279	11.1229864853138	12.7163764896686
4.08925456513367	7.90707590800713	12.2669608455097	14.9619087763085	17.2265485086738
8.02863877216618	11.6198281048053	14.2269176335417	16.0370064836669	16.8819429416772
4.10531276488504	7.19565155285966	10.6976823282864	13.3325743769769	15.5947132905748
4.08925456512986	7.65033134882611	11.6983689972221	13.9688116509911	16.5051460856834
4.81354198998554	8.27025607370632	12.9178145880104	14.7923676337548	16.7631874198177
4.52264930842534	9.37460839471237	14.1589518492499	18.1518114870055	17.4156387515263
3.26659418791007	7.65033134882611	10.051658008055	11.4068878681469	11.715957972229
3.9854630512786	8.09941539209382	12.1460275601759	14.8741313025715	17.8322358772559
7.31716075820117	8.95713940777256	10.6894703100442	11.977053421649	13.489165598412
9.46454584496826	13.4768479641444	14.5260850491906	17.0656594178704	18.3382259416032
2.92800415067705	5.42239325937192	7.90365142615326	11.4630289094807	13.741858498744
7.95866514797677	15.0032632603374	18.056468277706	22.2522951657087	24.6499948918877
4.86754344434155	11.067488380253	11.1287901531382	13.0178613829526	13.9513838563337
4.35979645820959	6.98193597966758	9.52698767503216	10.2054580348311	14.2946781622048
6.22812149718817	12.2438424119389	18.1909549359693	17.3590228959663	15.3088101998276
10.3451351860643	13.9681997909465	14.7980404315274	15.7968512812084	15.0985857344134
6.15546375674143	12.3530720865847	14.8547015965655	16.7936606438517	18.4449263178359
4.35979645821669	8.54550568168094	12.7803326596153	14.3549580132162	16.5565393955698
3.20404346061622	7.66555531465343	11.8530166264405	13.2173866482204	16.3381633050995
3.75471255909446	6.58389725050671	8.91401303588441	8.75703603211309	10.2421746597988
3.40684201412304	8.61456374581212	13.1617587126678	19.9552371999171	21.6370289526395
6.06762429287505	9.70464178985316	15.5532983914264	19.1881297670649	21.3710143270971
4.08925456513373	10.639103365472	13.3448367971639	15.3516598534068	17.9557205673681
8.71703179612837	14.5484312421162	17.8692766870485	20.1219984091956	21.2287221084054
4.81354208575101	7.53181665156251	11.1935225458844	12.964092804519	13.1519426339286
4.08925456513424	10.639103365472	14.7511738126236	17.0211745139763	18.0305374829663
6.22812166107343	9.62263140518337	12.5003605997897	14.3696734011983	16.612117685116
4.35979645820947	7.60236214398759	11.2812566248244	12.4665018803419	13.2055529659623
8.3586593567843	14.4216392011683	17.3291459053826	18.0381982390674	20.1844053275176
4.52264930842534	10.1122613388637	12.7372035457967	14.6122916464002	15.3143947032331
4.35979645821675	6.9819359796677	9.09721902366567	10.558685131954	12.0965436679909
6.84425287419191	9.52175637032479	13.2697564699328	13.3529735428135	12.6147109825329
7.50462210397563	10.8172573692332	16.1378165505697	16.1567402953807	17.3974597069476
4.52264930842534	9.66717085177305	14.0467860917786	14.3900405468347	13.2924712130924
4.97407992303221	10.9068487640565	12.3729210710408	13.8010672435696	12.8974443022591
3.7547125590944	9.70464178985321	12.4878808126443	14.0263119280407	15.2226668961374
3.8285818884284	8.23237997431607	11.484067487283	15.2594519895286	17.6736357804356
8.71703179612831	11.2593771459682	13.1339499432788	15.4484920390109	17.6680368215987
3.77813517450988	7.41444061674326	10.0423346660721	11.5247076723787	11.9916559977365
6.22812158627926	9.64072419079741	13.1658551002213	16.0088081357036	18.8895267131317
6.15546375674143	9.93720483694807	12.4898686547986	14.1015216264776	16.5506113812512
7.50462386243436	12.7053122548734	13.4794607706966	12.9640928050699	14.1860027494995
7.45310330066729	11.1743237303082	15.0275835834349	17.0753257900387	19.2262333419134
5.06531436941231	6.98929159334318	10.9054336658418	14.9619087763085	18.1656097034707
9.97010951409658	17.2511448063018	16.4860825100731	18.5422986310721	19.6680944543035
6.7163114425598	13.0727538681836	18.7570390052388	20.8505601601552	21.9324546652251
4.81354184867399	7.52421370292348	11.4495317436285	11.2894569923205	10.9054276949115
4.86754344434155	8.99968568751643	9.45780334159065	12.658563512232	12.4629339182946
4.81354096908871	8.78144898248706	11.3522766042954	13.1834782386645	14.1354264613671
6.68660703226448	13.4002762702556	11.6768587919806	10.6592687077891	9.21057063400792
7.95866514797677	9.68158353284713	12.3109042763513	13.8313686554452	14.8197182255926
4.81354205414107	7.65033134882623	12.4446268687467	15.5927593058369	17.7529851636489
6.84425287419191	11.1777572234468	13.9027647905835	14.6694118744314	15.2988577693494
7.95866514797677	13.168234412627	15.1144817761141	16.1240459367869	14.9494832928987
9.97010951409652	14.562478369999	16.7746104005054	18.9071413647728	20.7079311651098
9.46454584496826	14.4593457973188	19.031383863524	20.1809333716465	19.1396104958436
6.22812158205977	11.7991795889141	16.5100206560646	20.5798992919624	16.1863720157682
4.81354209451916	8.51858170425544	11.9966446125287	9.12385303243246	10.5893398735865
6.06762429287505	10.9391137099901	14.9084259681475	16.9881936152174	18.3940824127957
4.81354209704494	8.51858170425544	11.2959772369833	10.7702520794386	14.3135742878995
4.52264930842534	8.89024361517642	10.9674591296865	14.5442870048456	16.9053055263329
5.60492119441193	11.6419869847423	14.3188351237604	16.2141577523063	18.1902042383387
7.99958399220458	11.1777572234468	13.7970192464599	16.0723648218779	16.4350697384796
4.35979645820953	8.24460395417572	11.0611006188614	10.5529966787537	11.8365153947077
4.97407992303152	7.62082939176338	8.9331456910881	10.3429518837728	10.8669963787891
6.2460887021835	8.47568530422268	10.0102912007136	14.6352103754958	16.6246818780705
9.97010951409669	12.4678773710622	12.7372035457967	12.2772195769147	11.3342553612977
6.22812165244238	7.84591111607983	10.0011027419013	14.1895294696957	15.795875864722
4.52264930842534	10.4559336377987	15.8689102965912	18.8942880373602	19.9530026775442
8.02863876794714	13.7498718482995	20.6389408006798	23.9677597709613	25.1896953360369
4.07481147582288	7.97594831244919	10.2535930599715	13.3909908411005	14.2630327288057
3.90676822122975	7.90707590800713	12.366238910362	15.1003825009554	17.6370934932077
5.60492119441193	12.4495741510983	18.0209074254321	19.1718635756416	18.8999302873832
4.02211967264964	6.62281203207431	8.52561892494759	11.5552420359685	12.5067713933319
4.08925456512947	8.56995308504963	11.0974046183021	12.5314258466204	17.1750541848536
9.68674977763345	12.5890410879215	15.0776834957061	17.7355827674561	20.3082233384308
6.22812165945857	10.3565485887888	12.9655874508683	14.875583117706	16.6037016563447
4.10531276488507	8.43244798951673	12.0383721555235	16.2257261730222	19.0707522570686
4.02211967264964	7.60823245798406	9.81982296151102	11.7439658023653	13.5255910458624
4.35979645820964	8.82353597255957	10.8071117134326	13.5211726477716	15.4635738337566
3.75471255909429	6.56894292509133	10.0940049249115	11.0041349264827	12.7823505624337
4.10127484408116	9.03614438893027	11.5800694171099	13.4035378065054	15.5123983826137
3.56199160097771	5.9269771530723	8.11875257623757	11.0702680422117	14.5597967784486
4.81354179855271	8.82353597255951	11.2631402688473	12.1268121169055	12.0515803666992
4.52264930842534	9.37460839471237	11.0634763539591	12.8476324048041	13.7788649328297
6.06762429287505	8.67510878503174	10.9874463175568	14.5338186909876	13.9262829994418
4.35979645820981	11.6528015198836	14.7770215282476	15.7342104737623	16.2574213828314
3.8285818884284	9.70464178985321	9.23432430435412	10.298252419105	10.8288170601272
4.86754344434155	9.43405517214529	12.2669608455089	15.143441776023	16.7898535828064
8.71703179612831	11.5915005571298	12.2579140749511	12.7658375296627	12.5204445310409
4.02211967264964	9.11819281158319	13.7664971214057	15.1915786274959	15.2380546783332
4.41364344323199	9.6819865185654	15.8495624307823	19.6887136419013	21.7889678683065
6.08618037875345	10.4879190276749	14.1181725493932	16.2991899212132	19.4255321477278
4.10531276488504	6.87617779061338	9.9263996861913	11.6802715468227	12.6051679293273
3.63343397412561	5.6234615939693	9.70597721213812	13.5033895692133	17.6387805619974
6.2460887021835	11.0007676721581	15.5769403583653	20.6680258784936	23.9475195187349
4.41364344323165	7.65033134882617	9.51709050411705	9.71055796876863	10.7027502436425
4.10531276488504	7.5180065604909	10.6347796360714	13.6324977532905	14.8630921026395
4.86754344434155	10.9391137080105	14.7022465518119	18.2734788146989	21.571177323796
6.22812165045491	9.64072419079741	15.5725987595542	11.9308088415406	13.6854581931629
4.0748114758153	6.21680773934241	9.1049753054736	12.9254814540413	13.8456913392685
4.35979645820959	11.6528015198835	14.7770215282476	16.1824844159304	18.6810831996281
4.08925456513361	8.09941539209382	10.8141210436107	11.3391955728591	11.8947225680214
3.86052588928052	7.97594831244913	11.6709008321076	11.7745529776096	13.611861652018
4.07481147582399	7.1651946371619	9.29174759747781	12.1724846323305	12.0404243132792
3.20404346061622	5.47960773339076	9.09721902366567	11.8311272820334	14.4663937398938
10.3451351860643	13.9681997909465	15.5383784812352	16.831692682542	17.8658134056612
4.10531276488507	7.77187964643332	13.0795054488326	18.3168372575697	19.1829175412615
8.02863809561109	13.7205668487434	18.6074674748884	19.6650109926823	19.6887892105121
3.7547125590944	7.90707590800707	11.6733291932759	13.4433256676116	16.161688954161
4.10531276488504	6.49434152314802	9.83801161850505	14.2216325159874	15.8799905960751
4.07481147582101	7.88363759982474	10.5561054937237	11.4837971782661	13.2489752693483
4.86754344434155	8.63603170086583	11.1935225458843	13.089131358982	15.8450172459351
5.65923533924433	11.9333233717024	17.5849543887867	22.8813667601329	26.3347959246914
4.81354183209186	7.88363759982479	8.53086729631451	10.0352428542967	9.02783624861127
3.90676822122975	7.41444061674326	10.0423346660721	9.4850445809019	10.4807952668698
4.10531276488504	7.58810556769089	11.6617642437813	14.3862244643013	16.3145328313134
4.81354189071311	11.1777572234468	12.8992628419347	15.0791955815563	19.2635068853313
4.9740799230305	9.22203790355081	13.5504031266582	15.469582055904	16.4677741446459
8.71703179612831	13.1022064637978	16.6637694671683	15.7228278764886	15.2871120196917
4.35979645821669	7.60236214398748	11.2812566248243	11.6740722617841	13.3486310549719
3.86052588928055	6.61529304969747	9.4085659431168	11.3398096664139	12.9740524382622
4.35979645820947	7.65033134882623	10.9347343911045	12.6498676429039	14.3872057903948
6.2460887021835	10.9600213929629	14.0187918831381	16.2287560603826	18.1786442944936
3.18922078124254	5.43450802044742	6.8334324030231	8.33097956549182	9.12794416109614
10.6325156491039	12.4536013677262	11.5139334214898	13.6667824453157	15.7727100303754
6.15546375674143	13.4895029165075	16.9051846426457	21.1714823664537	20.9343073402511
8.71703179612837	9.42508009713538	11.1947868291855	11.5686298215828	12.9740524382619
3.40684201412307	6.8736708710241	9.29678886116358	10.9908495223681	11.8776295878484
6.15546375674143	8.38449133422324	10.8118278566141	13.181758843536	15.0341771607272
3.75471255909446	6.56894292509554	11.8905333983694	12.6214328588134	15.2110655766344
3.86052588928064	7.1651946371619	9.47317880731617	11.099766250869	12.0531393305441
4.81354179917025	10.7320985266152	12.0477766868457	14.3387362801678	15.1990780612917
4.81354177952232	7.19565155285966	9.37704984822489	10.2119546987794	10.1525163231065
9.46454584496826	10.2886566667891	11.7933664722594	13.5627388428957	16.8057676685177
4.07481147587373	6.70173033439096	9.2083440443879	10.2267565517859	11.1328856315522
4.35979645820964	7.62539662745002	9.15334691219323	10.558685131954	12.0965436679909
6.22812165620951	9.64072419079741	12.4163424166837	13.8259805638444	15.333526380091
3.72522102536396	8.05976686880916	10.7320190662194	14.3387362801712	15.1990780612917
4.97407992303295	11.9675045945361	13.8163146316327	14.4920089544318	15.4515845706098
4.0892545651335	6.81316278311249	8.89546596291791	9.22252155365351	10.8821925956036
3.86052588928061	7.39226130329871	10.8324616585971	13.9532416415493	16.8971083891347
9.0940388148918	16.097661525036	19.0174687723293	24.2768118239424	25.5011368438162
10.7441500874027	13.9190192041659	15.705134802112	18.5064170623395	17.2508052995574
7.99958399219878	11.4201919928125	13.9776902421739	16.5303136075506	18.6314946764232
13.0063860511041	19.2219265269439	25.2452637504529	26.8787265055202	24.9017110235754
4.81354120340973	6.70173033439113	10.5561054937239	13.4398385489545	14.3139452958073
3.72522102536396	8.01264566749205	10.4366458865172	12.8235794228507	14.7217079471638
3.75471255909446	8.01264566749205	10.5181301101481	13.1540784577906	14.5387167654956
3.20404346061619	6.49302102554259	11.5737695343622	15.1942024998824	16.2187279702266
4.35979645821658	8.23237997431607	10.9347343911045	12.3536725469323	15.5425828739014
4.08925456513384	11.2486241041839	14.2023811688892	15.8872481769109	16.9087158660176
4.35979645820959	10.2635572428485	13.7052925711939	18.4462768042715	21.3799211533862
3.63343397412575	7.53462209633511	9.93905303757299	11.6594859666225	12.4563870311414
4.52264930842534	11.3078323755745	14.584128070816	17.9336067189858	13.7272807349322
6.08618037875345	11.9822715361028	16.2548711458103	18.6657034173082	21.0467176637153
3.77813517454842	7.97594831244913	10.5085839442878	13.2687887761385	16.5799657116172
5.06531436941231	10.1485680969039	12.9033295210392	14.8798608447999	17.0591767968507
4.97407992303215	9.05544975562418	15.834750763056	13.6723897771049	14.6116235498339
7.53730659356762	9.30032664495508	11.2379466348298	10.7153330553364	10.3964191522108
4.97407992303113	7.62082939176429	8.7344993095121	11.1779334947461	13.2439890889399
4.81354195705342	6.83742543834438	9.09721902366567	11.808378979986	17.0358061553414
7.99958399220833	8.76809742040496	9.1049753054748	13.0952591203886	14.1646009290241
5.60492119441193	7.58806000017046	10.3124112717991	12.006773103938	13.7985307360757
4.81354209720075	7.53181665156268	10.4678905202479	11.270523206227	11.9545958725779
4.81354164298335	11.1777572234468	14.9141004535279	17.8780392823596	19.3604860495216
4.10531276488504	6.49434152314802	7.95427967053848	8.77068244077088	8.88984077056261
8.71703179612837	15.5388963993582	21.4812374560195	24.1973213739416	25.5518669126951
3.86052588928061	5.81160917491701	8.78376989408048	10.9024774453833	12.3030060290144
6.06762429287505	11.5643081861025	13.7372003363721	16.082758985674	19.0839957778669
10.3451351860643	17.926492861556	16.6912891304322	16.7526245079362	17.7181546103643
4.41364344323165	8.19907470592915	11.6454144916793	14.7826618030795	16.3459151970188
4.49940548009602	7.56896520594864	9.88941138741018	11.4656817693368	12.3337928130055
6.06762429287505	8.41849081017511	10.9245827431193	12.7352660748774	14.0630203569398
4.3597964582097	6.98193597966787	7.52842206769486	7.83649107066998	9.03258822943718
4.08925456513344	7.82655014376866	9.45575983646131	14.1307019668437	18.028066798158
3.6197219677976	7.156863115568	11.6131246633952	14.2270331513038	14.8585629198214
5.65923533924433	10.2874896646765	13.1935070248372	15.386517600253	17.4500125750094
6.84425287419191	13.118804062423	18.0050246786799	20.1447942058163	21.2531128785048
9.87502892658648	16.1075675100113	17.2806855978216	17.6983508270812	17.6402871625485
4.10531276488507	10.7881930640286	15.9190322775413	17.5369360356481	16.6133793953796
4.35979645820953	7.2440498477751	12.3834658976456	14.4664932957232	15.2863626463059
6.22812145335877	10.639103365472	13.3448367971639	16.0744912676594	17.0978117332413
7.45310330066729	11.4435940787883	14.2260047954112	16.2197411421159	18.2421381689064
6.15546375674143	9.93720483694807	11.6271323105955	13.4001944114967	14.3219842193569
10.3451351860643	12.2059196537728	12.7393510223297	14.6283366793524	15.6150205618992
4.08925456513373	8.05976686880922	13.63031177597	16.0807174656887	17.6041472612172
4.52264930842534	7.77187964643332	13.4072544722956	14.2706488920413	16.4577142327307
2.90118512811924	5.67177795084513	7.35797266352341	9.82211273227961	11.3008752519229
6.2281216621746	7.84591111607978	10.0011027419106	12.1367455580803	12.5669771203799
4.07481147582612	6.21680773934315	9.28537656499822	13.6578594513497	13.9291681624719
4.35979645820964	7.66555531465343	10.0864720523502	12.043655864998	12.2908812374284
4.86754344434155	6.37206932565908	9.51873239356297	12.5314258466204	13.6134908451475
4.41364344323216	10.3120781833407	14.1046379686703	18.5629358269008	19.6579280612722
3.53017056093091	8.75941759538472	11.5223689014979	13.8474134487224	15.214024583777
12.4608711022283	22.9647538871764	29.0630350234892	31.5053122072467	32.6275485850828
4.08925456513055	7.9070759080069	11.5737695343617	15.1942024998825	16.2187279702309
4.81354125961644	7.90199762840768	12.83590116447	14.8969482805403	15.4211272495049
8.22735073380937	10.0322737566113	11.9810501597242	12.7769520530778	12.7565432652792
4.35979645820976	7.82655014376866	9.51873239356297	13.7151027940967	14.9763830995092
4.81354208355441	8.22319929457109	10.6044648727349	12.3049629137398	14.0869066767377
4.08925456513379	7.16519463716185	10.6588518083585	13.2278079788811	15.6774550634377
3.86052588928058	7.66555531465343	12.3959647010191	13.7364833770104	15.5832803956978
3.7547125590944	7.97594831244965	8.6061977196336	10.2296955987331	9.36158443627187
4.97407992303044	11.9675045945361	17.6629035062546	19.8389704782639	20.8437480884836
9.46454584496826	11.4965650619876	12.8972674882526	14.5563099903891	14.7662838545949
3.36441116053732	8.05976686880922	10.7320190662193	14.3387362801705	14.4260859172889
5.60492119441193	9.47286484003183	14.0779490454229	17.6817321123874	20.9400479481837
7.95866514797677	13.168234412627	13.268317484182	14.7136931268578	18.411958903747
10.3451351860643	14.6844118313958	16.6682346156518	18.9223381971902	21.0734834524332
3.40684201412301	7.88363759982479	9.68949961319521	14.2475823650294	15.9527482298406
3.77813517450113	9.70464178985321	9.23694382010905	8.82479161810068	9.82313408555382
4.86754344434155	7.79117998935271	9.40939899700345	10.8982615997041	12.7059267170902
4.10531276488507	7.66555531465343	10.9347343911045	16.1796638708669	16.9968251262259
4.10531276488507	7.20603495054621	9.83801161855939	12.4383780539777	14.8696477763247
4.86754344434155	7.73559069362176	12.4153711707225	16.4642748768393	23.1687381293996
4.08925456513356	8.61456374581206	13.1617587126668	17.8281738475391	19.9474242303144
5.55666777382987	10.7320985266152	13.0190315005618	16.1567402953806	17.39745970699
4.974079923033	8.93197012983205	11.5985166892339	14.6286421419779	19.007899453183
4.35979645820947	8.24460395417566	13.0054619301068	14.7808267159603	16.4985965233697
5.55666777382987	10.1122613388638	11.8467925337446	13.8053751061609	15.8089869764531
9.46454584496826	15.3149057969299	16.1706233637885	17.7640614053828	18.6134188179225
4.08925456513373	10.2635572428475	12.2865799555036	13.5680853294291	14.9279523749511
9.09403881489175	12.5055764266339	14.559065900014	16.6722432950048	18.7025727365591
4.49940548009602	7.90707590800685	11.6733291932755	11.6118704391542	12.922474536755
6.22812165891276	7.87336044665255	10.0557619688589	13.4149550450463	14.7991020490505
4.52264930842534	8.14896468757377	11.481994310138	13.5667261293302	15.0688292546621
11.476716623983	13.6724142356522	13.0409856352269	15.8366615786296	17.8204939391542
4.41364344323159	9.68198651856557	13.3230239603684	12.1029348512303	16.0542154224213
3.75471255909429	6.56894292509133	10.0940049249111	12.1458670098784	15.0706542598429
6.84425287419191	11.7234265976665	14.4939754246362	17.4518116759144	19.5360509761028
7.27571544255886	10.3258313507758	15.4273220759849	20.3116864919864	21.7973076304135
6.15546375674143	10.7314106479868	13.3454515538013	15.1996142950366	17.1348169739269
4.81354128362364	8.5185817042555	13.0054619301068	14.7808267159635	16.4985965233685
4.41364344323205	9.55889581634739	12.0786399909722	12.9729871710937	13.564777361456
4.08925456513384	6.81316278311249	11.2260573304293	12.3738683506855	11.5352694156059
2.83706806540144	5.85901806611889	9.39592763993977	11.5452207903756	14.1614304776392
4.35979645821686	7.19242519370709	10.1738715272179	11.874345408013	11.8719147010288
3.72522102536396	9.71765277668453	11.6654713941783	13.3915955537497	17.5515763805066
4.81354149358157	11.5256462985739	14.2023811688892	15.8872481769108	17.6339548793966
4.07481147582962	9.13974091487461	12.4067501499877	15.0912399540692	17.0312977831357
4.07481147582956	7.90707590800707	11.673329193276	13.2521802887389	15.247845638771
4.10127484408116	6.58024677115196	8.0714237293796	10.5480504732232	11.8489312513506
4.49940548009602	7.51800656049056	9.53043253286518	14.2739660937781	15.6909023158933
8.35865935678441	9.20457461173612	10.9791514697469	12.4299168527356	13.6397920742744
4.08925456513361	7.65033134882617	10.8141210436082	11.4122775010684	13.5226282661516
4.35979645820953	7.65033134882657	10.0913463747801	11.8067659559679	12.4760831792264
4.81354209301406	9.37460839471237	12.4611352383973	15.2758914571441	17.2819982137054
6.68660703226448	9.08759499891102	11.4295929486081	13.2654660324791	14.4251099022437
4.0748114758382	7.05478254096954	10.5561054937238	15.2853474720343	15.0175901943716
12.8361522122773	16.0579191119449	16.9194209727519	18.8416096626364	20.0101213362463
9.0940388148918	15.2406269791018	17.384850626948	18.4440439548761	18.7427503210738
8.02863804264206	11.1046852028726	13.8176226171214	15.7396552174691	14.5505276545352
4.07481147585389	7.66555531465343	10.2741382744164	13.4617512550014	17.4616112567508
4.10531276488507	9.1397409237635	12.4067501499877	17.9827506589683	21.817558143542
9.09403881489175	9.12701954702982	11.1923993453362	11.8723814319969	13.9485187799686
3.7547125590944	6.5838972505066	10.9347343911045	14.0955576843411	17.2796158457039
8.02863845934871	10.4552843657686	12.9157519530826	14.4386697978704	15.3349353958665
4.97407992303147	8.93197012983205	12.3820127536677	14.2086514321723	16.0184490075434
4.02211967264964	7.57194434569129	15.1549159690393	15.8155107912486	18.6814016920828
7.50462280083542	13.8683105814668	19.3586293053507	20.9232464169533	19.2386906208233
4.97407992303215	11.967504594536	17.6629035062512	16.965322506475	17.9898554008616
3.8285818884284	6.8989004440154	10.0344307800614	13.4149550450463	14.0055434579578
3.8285818884284	8.22319929457115	13.0901284125879	17.7233177796774	20.5197197168706
6.7163114425598	10.599100181293	12.3281795453064	13.0831363566856	13.6246613976903
5.25979861097272	12.2217738330182	14.573002873855	22.0185024491454	24.0890259183919
4.86754344434155	8.47568530422251	10.1131803858758	11.5713778224395	12.6040166254387
9.97010951409658	12.4678773710622	13.1103714121969	14.0461480047986	11.3542143859104
9.0940388148918	13.806595934451	17.3347853528731	19.3878072475236	20.0778622516266
4.52264930842534	10.1122613388638	14.5615603311002	17.531742394425	19.6335673489153
4.10531276488504	6.49434152314802	10.9808194548067	13.0842562136605	15.3431087932801
4.10531276488504	8.99968568751643	10.8604339089982	15.0847256337619	15.8344077781921
6.68660703226448	10.992394189329	13.4984638840931	17.6448675088485	17.6461599706514
5.60492119441193	11.1980000117335	15.6972331355148	18.6902404086732	19.740939355711
4.97407992303022	8.93197012983205	12.3820127536676	11.1096038492831	13.0241769488639
6.15546375674143	8.91481884189602	11.2260573304293	15.4024006867348	21.213706549458
4.08925456513339	8.04305238995909	11.4509300000312	12.412219766253	11.1317549466534
5.06531436941231	11.1777572234468	13.9027647905837	12.9539044585896	15.7394195057198
4.07481147583144	7.90707590800702	11.6733291932749	13.8078102566831	18.0472778424633
5.06531436941231	9.39530485993333	10.2154093950043	11.7201683358138	14.0620734528886
4.41364344323188	10.639103365472	13.3448367971638	11.7150556538757	13.5089939948383
5.06531436941231	8.64026336730456	11.6117129546371	14.7473677378243	18.3243764696238
6.22812166223338	9.45360656478363	12.0206805434207	13.8233912130605	15.5124817077027
4.81354121962983	7.62539662745007	10.0940049249111	13.8296850741618	18.2975150363729
10.3451351860643	16.8462543657116	22.5132460956725	20.0575317055564	20.9792522850337
12.5394147400032	21.6872167843085	25.040700358291	26.4783411719254	26.2533217881023
4.07481147586608	10.7320985266152	14.7210957573919	17.1343516291268	19.0478388104474
3.77813517452046	6.10734739262017	8.90825672954207	10.1711687744173	11.1761515891511
4.86754344434155	8.22319929457115	10.6044648727349	12.7752708130197	13.3366369675769
9.09403881489186	15.2406269791018	16.4571793390121	18.6307402075232	20.0397944862883
3.90676822122975	7.31918116621688	8.93240742614563	10.8434948042084	11.4644894634927
9.04165400012334	15.1115554874992	20.1464801277918	23.4611834729676	26.1064592938648
7.50461843389991	10.8172573692332	13.7672183512322	15.0294633583096	16.0341789506271
3.77813517454024	7.58810556769089	9.83406374798278	11.5347595032842	13.349319150358
12.8361522163458	16.5160581363724	18.526478091369	17.8992732485948	18.0129558341104
3.86052588928061	6.11298718822991	9.90263103144014	11.1208807919835	11.7771031803991
4.81354194952195	8.78064220132211	12.3979152653479	14.8969482805402	15.3490871066653
4.10531276488504	8.22319929457109	9.79841668370517	11.4578468127029	12.3229430942956
4.07481147583047	7.90707590800707	12.2669608455089	15.8334996260385	17.8713952735622
9.46454584496826	13.4768479641442	13.7870962660436	14.7853397451466	16.6828453165248
4.10127484408116	6.81227081093988	9.90263103144008	13.7151027940967	14.9763830995104
9.46454584496826	13.4768479641845	14.5260850493483	15.561332587597	17.364105700573
4.35979645820947	7.60823245798406	9.81982296151114	11.3642951733083	12.3713175311846
6.68660703226448	12.5170161845875	16.0218449240412	18.6818292437258	20.6852380106124
7.45310330066729	15.1178662255011	18.5262508679842	19.8455990037053	20.9664383001185
4.97407992303067	11.967504594536	17.6629035062535	22.8500879769607	25.3382878563301
4.08925456513248	7.55607662432169	10.4693925415505	13.5155825740381	14.3463893072929
4.35979645821675	11.6528015198836	14.7770215282475	16.589676112275	17.538573608654
4.41364344323205	8.93372368825584	13.062125712611	14.8829061899311	15.8280333614091
7.99958399221862	11.4201919928126	14.474542412979	18.8874603064893	25.6732278891023
3.72522102536396	8.01264566749205	10.5181301101481	13.2202594576411	14.1724453538808
4.86754344434155	7.08100111750235	9.55077282293905	12.0458005721242	13.838498176312
3.72522102536396	6.00113832751862	9.39592763993926	11.545220790376	14.1614304775657
4.10531276488501	6.87617779061338	9.9263996861913	11.1618431109098	11.7840869814943
4.52264930842534	8.82695445579651	9.45917291203386	9.94324729962028	11.4644415108923
3.72522102536396	7.97594831244908	9.93236645787186	11.9373053932642	13.8011161437213
7.95866514797677	14.1981759655387	15.2345680931321	16.5634807665883	17.6448965384511
4.97407992303272	7.62082939176446	10.6925808790058	11.1049166225083	14.0630203569399
3.75471255909446	7.58806000017046	10.3124112717991	13.1540784577906	16.0135462329993
4.52264930842534	10.3120781833407	12.8733460169262	15.617648838867	17.677361665329
9.0940388148918	11.7243272766951	12.6589022912433	13.1469221692701	15.8182400373994
4.35979645820953	9.56296257801193	11.6681210075689	13.2373272940268	14.9688384993303
5.65923533924433	9.4821756631203	12.7682528649908	15.6035377739261	17.616143934232
7.45310330066729	9.89564400341357	11.8919598287084	13.9759529296718	16.1760038264384
4.52264930842534	7.46680827121475	9.90449944233029	13.1540784577905	16.1056345393621
6.84425287419191	14.3271886474196	17.6285199474316	20.8613080104567	23.3814969642907
4.41364344323136	8.18330853484991	13.5820651800294	15.8486920981691	16.5498758045538
12.3491849797522	19.9685095243521	21.5737349982167	23.2540868071088	25.4989379867377
4.07481147582016	10.7320985266152	12.737105665918	18.5852852137393	20.5927096317012
4.97407992303044	7.62082939176332	9.65828510156882	14.3369000939711	15.8736421860957
4.35979645820964	6.98193597966758	11.8226115885155	14.5774222260364	15.9984294045727
4.35979645821664	7.90707590800685	12.2669608455089	15.8334996260344	17.8713952735622
4.81354200748206	8.51858170425544	11.2959772369831	11.6507124653359	12.59254880969
6.68660703226448	13.4002762702556	18.360919973462	20.5192940835763	21.6345281048456
6.22812138373422	7.84591111607983	10.0011027419	10.9227669600932	12.6128987646284
4.35979645820964	7.65033134882617	10.0913463747832	13.8634317696884	15.1154087909756
4.52264930842534	8.89024361517642	12.3959647010191	15.1161774698882	17.8527267960088
3.86052588928055	7.65033134882623	10.0940049249112	11.8195486701119	12.9740524382626
3.77813517451585	8.23237997431613	12.2791900624021	15.0644029700256	17.061032836389
3.82858188842866	10.3258313507708	12.5874097622781	14.3327996246599	13.6388719616847
10.3451351860643	13.2713382811443	15.9264631144153	15.4758526224901	16.8734631550759
4.08925456513373	10.639103365472	13.3448367971638	15.0023070710044	13.7533461610433
3.86052588928061	6.61529304969741	11.5358768908092	15.4121079270689	17.7822230271074
11.4767167193662	13.7205668487434	16.4860825100731	19.2515587483846	21.4479211049999
7.50462383256456	11.2519315628822	13.1247102121187	15.4767285308886	17.2781349476701
8.0286385905427	10.4552843657689	9.99432223904614	13.0542898135087	16.0449460809577
4.81354204252534	7.19525032744457	10.3784334797989	11.9585069416196	14.177440614916
7.31716075820117	10.8981428961681	16.442050412656	19.1841874485669	20.2378753458061
4.81354194383232	11.1777572234467	13.9027647905836	15.6681694831805	16.5073497820925
8.02863873748146	9.6805665958222	11.6184920176875	13.4301281376989	13.9297608076727
6.2460887021835	7.77500421977049	11.9956106206662	14.4302993152756	16.3847463453134
4.81354176722766	7.65033134882623	10.0913463747805	11.8067659546187	11.970494977808
3.26659418791007	7.65033134882623	10.0913463747843	13.4021231643148	16.0805462364327
4.10531276488504	8.12489704703864	11.8789189561405	15.8232693105941	17.6763006461061
10.7441500874024	17.7674919733701	18.4790948041905	21.7352607578147	24.0198605728749
6.22812161398934	9.64072419079741	13.8652175877796	15.7018606155646	15.3322942613785
4.52264930842534	6.6372868440302	9.87667747796121	13.4090308343673	14.8197529597622
6.68660703226448	7.47687767175773	10.8233052525465	12.6229908730702	12.2912616748451
3.18922078124257	7.51800656049056	10.051658008055	13.917233876334	16.9107256927255
8.35865935678493	9.20457461173618	10.9791514697469	8.97613414584089	9.39390652480506
4.10531276488507	8.61456374581206	12.0967942020006	17.0791957304783	14.681861332789
6.2460887021835	8.56178770367416	10.9564485160386	12.452674458324	12.0815015620208
3.75471255909434	10.7881930612288	13.9877250003645	18.7206532870631	21.5898413833401
3.82858188842869	7.16519463716196	9.47317880731231	10.9810790379967	14.1676502696207
4.35979645820953	7.65033134882617	11.2260573304293	13.9153058486586	15.5107427577909
7.99958399221606	11.1980000117335	13.8553805546148	15.7485041769373	16.3952810520334
3.86052588928067	9.04686593283844	10.7434314863186	12.9141358819024	12.3940248930949
6.08618037875345	10.7881930612288	13.3467491767615	14.87227042429	16.0239347314294
6.15546375674143	10.7320985266153	14.7398532552941	18.6623812728403	21.3350700961682
4.35979645820964	8.05976686880916	10.8324616587579	14.0800517549891	15.3977804834159
4.86754344434155	9.43405517214529	13.8819956536978	15.8367947729624	17.8443899595518
9.97010951409658	18.0443112808969	21.733267647401	23.1691531963013	24.365553602605
4.52264930842534	7.05478254096977	12.9992239340556	18.3783778500526	20.1193198196047
7.45310330066729	14.1055324369198	17.2732020023851	20.523813768898	23.2892770110044
5.65923533924433	9.4821756631203	11.194579937467	12.0874843269012	12.4584918531203
6.228121498007	11.7991795889141	15.416196071661	18.8183290741845	20.5210416647292
6.68660703226448	9.0875949989109	10.9512054660619	12.9560873818226	14.831590189609
3.75471255909434	6.58389725050637	8.11945519418515	11.9226899667325	14.6368827004678
10.6325156491039	14.1099596863179	14.9840415952505	14.2315587730633	16.5173872855091
8.02863848441444	13.7205668487434	15.6414258741896	16.6374929473006	17.2112008857789
4.52264930842534	8.12576922405123	12.5013348025448	15.0902664243366	17.9828905016818
6.68660703226448	9.0875949989109	11.4295929486082	13.2654660324791	14.4251099022437
4.86754344434155	10.2447386235374	12.9403691443406	18.3954032320805	19.778862984011
4.97407992303221	11.2560549063375	13.9721578739951	15.8959134306987	16.8932526531415
9.0940388148918	19.4343960555681	18.6773163372698	19.7520051338041	21.9458129787122
4.07481147587791	5.6234615939693	8.18437872590408	9.24316581444276	9.80349244792694
4.10531276488504	6.49434152314802	9.51873239356303	13.8532987717752	14.4924299765458
4.49940548009602	8.0641025293246	10.9081184057616	12.9483588163741	14.5670514712655
5.55666777382987	7.43424986244418	9.34514906411664	10.1607179796011	10.6215128745331
4.35979645820947	8.82695445579657	14.0824670067412	17.9121072881772	18.7314346679664
4.35979645820959	11.4435940787883	13.7337766179999	15.7037757986483	17.5034140283491
4.41364344323182	8.23237997431607	12.2791900624021	15.7974310406831	18.0430839438482
4.0748114758569	7.97594831244913	11.673329193275	12.6229908730701	13.9764114925002
7.45310330066729	10.7881930612288	13.3467491767615	14.214296309571	11.8172065243989
4.08925456513339	7.19242519370653	10.1738715272179	11.874345408013	11.5581093021441
4.81354203751278	11.6269045940085	13.4512179212704	15.0760727265001	16.0690363972768
3.90676822122975	5.60028975069815	8.68430794966622	10.3425465531127	11.658633180206
4.52264930842534	10.4559336377987	13.1103714121969	15.0874596991188	14.6938533589375
2.83706806689685	5.04686786633647	7.69593624966222	10.5610717238931	13.8456456869833
4.10531276488507	7.38125086962856	10.7145923944231	13.6074316415098	17.5610356817406
4.07481147582629	7.59255961711574	9.97626112946409	13.6122327043084	15.9872098646094
6.2460887021835	12.6862341290269	14.5641621105258	15.5389803752595	14.9457053572002
4.81354190547694	7.52421370292348	12.6394103744124	15.8547742191168	17.8963556414259
7.50460959282742	12.7053122548734	15.782909102524	19.1199934779372	21.2810770978906
4.81354191218122	8.04305238995897	13.6303117759706	16.0807174656886	11.8197764392739
4.35979645820953	7.60236214398753	11.9747847096076	13.8746777017458	13.8312418455083
4.35979645820953	8.24460395417566	14.5070277084991	17.0656594178722	19.8037448536146
4.07481147582732	7.59255961711568	10.1874983467587	12.8200534483376	15.0710358045802
4.07481147585716	7.73559069362227	12.9690611500716	15.6304170449906	14.9803421360244
6.06762429287505	7.61925051110114	9.88448411494198	11.5552420359691	12.506771393332
6.08618037875345	7.68428049915707	8.94806184596467	10.7321502366224	12.0348576034283
3.9854630512786	8.23237997431607	11.602049092862	12.5826433055663	14.7502248487885
3.9854630512786	8.27025607370632	13.3179373251185	16.1634800676769	17.1621570283436
6.2460887021835	8.56178770367416	10.4678905202498	13.7239928316484	15.8104589064517
3.86052588928061	6.22429824616518	9.9936661562964	12.5472747817593	15.0645292666917
5.65923533924433	7.14402802916015	9.30908648870212	11.9972171840038	13.1846535268768
5.06531436941231	8.32153045434973	10.8383329424626	13.5747860474301	15.5254471829501
4.41364344323176	8.18330853485003	11.5834443981712	9.04475076106689	10.689381153966
3.77813517452915	7.90707590800685	10.0709504872634	13.118371820213	15.7305436413691
8.71703179612831	11.2593771459681	12.31699713833	12.5012850815138	12.7715527104619
4.35979645820959	6.98193597966758	9.52698767503216	9.80366785926714	11.6197776046366
7.50461875977538	8.23637009082347	9.09549635301516	13.1101312181309	14.1948178791585
3.63343397412578	9.79367297811444	11.8220559820343	12.0422006402464	11.9888191853632
9.0416540001234	14.3133207086227	16.2435762812805	16.9360003108935	16.4793583412887
3.82858188842837	8.05976686880928	10.9674591296866	14.5442870048454	19.2758831755876
3.20404346061622	5.47960773339076	9.09721902366567	10.8928830959703	12.2592554778257
4.81354200911051	6.45851477786209	9.01412458429365	9.80748306882197	9.24837343117696
4.81354196039331	10.7320985266152	11.4662551728653	12.1196211438578	11.5556183918244
4.52264930842534	10.7320985266152	13.4398897420118	16.618978352392	19.6157875225212
5.25979861097272	11.0430586413645	12.4320775540557	14.3200193643977	16.827612885064
4.41364344323176	12.2217738330182	17.0005859742342	21.0568625512348	22.6515615752594
6.22812159812958	8.12489704703859	11.9409123001345	15.6305172722872	17.6520011524736
4.07481147582189	6.70173033439107	10.2535930599714	12.9030655051456	19.0292642884132
3.77813517451398	9.85812648768848	12.5960374774432	18.7539781622282	20.5074981714932
4.41364344323205	9.55889581634739	12.0786399909722	14.8048169317326	15.4315839016377
3.77813517450539	8.40966273329065	14.2525428021849	12.9091720451506	13.2994296225523
6.2460887021835	11.8378693531205	16.5167592152165	19.5991408638837	19.1919607626467
4.02211967264964	9.70464178985327	12.4878808126443	15.592759305837	17.0183309291101
4.8135419114534	8.51858170425544	10.9347343911046	12.6498676429039	15.2296224935121
4.08925456514811	7.19565155285972	10.8141210436152	12.5059385364815	14.5029037997228
6.68660703226448	9.10355843325971	11.6768587919806	13.532326916555	15.8524223869471
4.10531276488504	6.58389725050665	10.9347343911043	10.3177579386824	12.3296194214628
4.0748114758712	10.7320985266152	14.7210957573919	17.1343516291267	19.5728168269281
7.50462370822186	7.56896520594864	11.4908975856153	13.4435593916826	15.2006159031038
6.7163114425598	12.6862341290269	14.9020835778688	16.9212536085114	17.9792568242228
3.56199160097765	7.19242519370653	9.51873239356303	14.1859547773442	17.1750541845188
4.52264930842534	10.4559336377987	13.1103714121969	14.9935793696922	15.9707431032574
4.86754344434155	9.43405517214529	14.8074093583401	16.8036041641614	17.8375905181359
7.45310330066729	12.4552343169108	17.2296954519285	20.3701098485517	22.5763482792075
4.9740799230305	7.62539662745002	10.0573944086907	14.236226631787	16.0765369042836
4.86754344434155	7.60236214398748	11.9747847096076	13.8010672435705	13.7289638267363
6.2460887021835	9.04686593283839	11.374400429996	12.2682860162767	13.3304214985282
5.60492119441193	7.77120007560336	9.2570777336602	10.2145047734862	11.5889361385588
3.75471255909446	6.58589991065361	8.60773461870269	9.76946320784657	11.5578368958522
3.77813517453188	7.90707590800707	12.2669608455089	15.4231731315049	20.9053059004808
4.10531276488504	8.12489704703859	10.5199101950345	12.5751875377391	14.7851357184954
4.35979645820959	7.60236214398753	11.2812566248243	11.1048378303847	13.3081775122771
7.50462384525269	9.84971454563708	11.8789189561405	16.2299459870652	20.1312545946093
5.60492119441193	9.28416629436509	11.7780069663694	14.4575647510438	15.4004470753461
4.07481147582581	7.41444061674326	9.68949961319663	11.9560412709926	13.695855537229
7.99958399221072	9.79367297811427	14.8563485704335	18.2524985043233	20.0652763687978
4.86754344434155	9.13746039358534	13.0851050960969	14.9876794438308	15.9797822787715
3.9854630512786	5.87891537873611	7.47701603381216	8.71977654110009	9.3998418066102
9.09403881489175	19.780560860061	22.0171809083183	23.1718836296143	23.3834699935661
4.3597964582097	7.53301533800322	10.6349505188272	13.2327890128982	15.6167850475589
4.07481147582664	6.83830322846222	8.23330469541929	9.80228482764107	11.0769559804758
4.35979645821669	6.98193597966764	8.3493106178106	10.7557100324034	11.9588546686857
3.3644111605372	5.67236174310364	9.51873239356303	11.2747086082236	12.5942562906441
4.10531276488504	10.9391137099905	13.2133990238066	15.8334996260344	17.8713952735621
4.81354208357777	8.12576922405123	10.5903763367716	13.2479277568111	15.1328177135127
4.30446959248758	7.46680827121475	10.488209442764	12.2710835276782	13.3566058498385
4.02211967264964	8.82353597255957	12.73230005346	16.4718640616292	18.5128155463834
4.3597964582097	6.98193597966758	7.90886448405587	9.61447852935549	11.1700885864282
4.07481147587106	6.01240679020111	9.45575983646137	11.4122775010684	12.8111633605071
3.03425958881729	5.20787136274151	7.72547603819879	12.0683330077745	14.7617132147154
4.35979645820976	8.82695445579657	11.3990804032258	13.2309695465389	14.183218602374
7.99958399221237	14.6433392909196	15.063372160979	15.744568119942	14.4760540695959
4.35979645820959	8.04305238995892	10.6206269033467	10.9466749530622	12.5075650788206
3.60473679561659	8.12945094446439	11.173266076245	13.511694685275	16.1416930723083
4.35979645820959	7.19242519370653	10.173871527218	10.6628519746451	11.5238644025367
9.09403881489186	13.806595934451	13.7243384066293	13.183798062151	11.9928968548829
11.1493421094453	12.9137688220554	13.1469921930627	15.8959274836664	17.837676527114
4.81354148155725	9.70464178985316	13.1674337401405	18.7700652221246	14.9840662203148
6.15546375674143	9.93720483694807	14.2487952850006	16.1434006196948	14.5197513546277
4.49940548009602	6.6029033306188	10.0940049249113	10.5856160870036	12.5144959921842
4.97407992303033	7.62082939176406	10.5021804190022	12.3583561523428	13.9260985209778
6.15546375674143	9.93720483694807	11.3936015268813	12.6855530614353	13.7142958406087
3.63343397412581	6.22429824616518	9.45331151056621	12.9025447973467	17.4125391992951
5.65923533924433	10.5482161258726	14.9351691225688	17.437378265041	20.6774482521797
11.1493421094454	13.3031587792321	15.9147797052118	16.96169825723	17.2536613726284
3.86052588928061	7.97594831244913	10.5085839442877	12.0648180902841	13.5930531331307
4.86754344434155	8.23237997431607	10.1091518755589	11.737104101265	12.6289773892241
5.55666777382987	7.85590804723267	9.87667747796121	13.4090308343673	14.8197529597622
8.35865935678464	15.178936744276	21.3727568286252	26.879983920415	28.3517685810535
4.52264930842534	10.639103365472	14.7511738126236	15.0791955815563	17.9403324830517
9.97010951409663	16.6666611565897	18.531705581619	19.581397185371	18.0710095663171
4.81354209637664	11.1777572234468	15.2463056481429	17.6830038497716	18.2872846785002
4.97407992303101	10.4559336377987	12.2134740686289	13.9353820240145	15.5378996171022
11.1493421094453	16.3672850629187	15.5769403583654	16.5726482959616	16.5727733075953
3.82858188842843	7.25732376128275	9.86628570918862	11.5896040281675	12.1968353876798
4.49940548009602	10.1258662621889	11.8980497458585	13.4203879285949	14.9593344010954
4.86754344434155	8.63603170086583	11.5053211128997	13.3431289544708	15.2815684231662
6.22812158444719	11.7991795889139	12.4217521843754	14.2244646968745	15.8953585522313
6.15546375674143	8.91481884189602	10.5361742625479	12.2512484907306	13.6897970170718
5.65923533924433	11.9333233717024	18.2713983765299	23.7317615884608	27.3055012742401
4.81354160241119	6.49477660322566	11.4562008215588	12.6120953647319	16.2652397540911
4.97407992303147	9.05544975562418	13.2594625518192	15.047906782219	14.9716753934821
4.35979645820953	7.90707590800685	11.6733291932756	13.2521802887388	16.1438125281916
3.77813517455587	8.01264566749205	10.5181301101481	12.3072001589833	13.2383378164124
4.02211967264964	10.3258313507707	15.4273220759849	19.2126406023729	20.4922613787082
7.50462386710973	9.76516730268929	13.5858308236831	14.0096726399237	15.3624399954034
5.06531436941231	12.2217738330182	12.5985088821585	14.8010570064583	16.0838881427284
4.41364344323205	10.639103365472	13.3448367971639	15.0023070710044	16.8775560355934
4.97407992303147	11.9675045945361	17.6629035062528	19.8389704782628	20.6054709941517
4.07481147585986	7.38125086962856	9.69556720895906	11.3532895128718	12.1145129476477
6.22812166234183	8.38449133422324	10.173871527218	13.4021231643148	14.8315319239829
12.8272366622748	19.1788218721466	18.0491087693117	17.4299815963248	15.5757138966758
3.26659418791002	7.65033134882617	8.13649820264698	10.8996081496197	13.3439866155959
8.22735073380937	12.9533702860139	16.2121517047229	19.3123048918717	18.718701327363
9.04165400012334	14.2563865670714	15.3593459972199	16.322228588734	20.1751837378254
6.7163114425598	8.82186790721505	11.0490827996914	14.4971543238058	15.6041091646288
4.81354209642762	10.7881930612288	15.9190322775412	20.5739437909721	22.3696937894987
5.25979861097272	10.9600213929629	14.1894763828641	17.744862849934	20.5827419876887
3.82858188842863	7.19242519370653	10.0512823137299	12.5314258466205	13.6134908451475
7.95866514797677	15.0562697768261	17.1192415075688	18.1923984490221	18.0055208273476
4.81354197889277	9.01838704183041	14.1903527279928	17.0964684258751	19.1452833892219
4.49940548009602	10.492691792352	13.8723763144295	17.4097716612359	21.8300737573303
7.99958399222231	10.5216311631779	15.3547638944262	16.7444666974903	14.4648158154429
4.02211967264964	6.54972688663713	8.98604222051051	12.9141358819022	14.0130685522834
4.52264930842534	8.89024361517642	10.5634735794595	11.970763459411	13.1978042826386
4.86754344434155	7.92729165593624	11.6141142454495	13.2200328402986	15.0849262962228
6.22812158625698	7.75605035266346	9.59142661441041	14.0139172741173	16.4038879502167
4.02211967264964	7.97594831244908	9.62506387491715	10.4790014414028	10.0931064800723
7.31716075820117	9.79517121361914	12.4934366316725	15.3276757340783	18.6646648101059
4.35979645820964	7.60236214398873	11.9747847096094	13.8010672435773	13.677869205122
3.82858188842843	5.6234615939693	8.11945519418515	11.6256435885236	13.4008188139619
5.06531436941231	7.97594831244913	10.5085839442876	11.3710420690169	12.5960467665889
4.08925456513367	11.3078323755745	13.055862667486	15.8872481769108	16.9087158660271
4.35979645820964	9.56296257801193	14.9421708971028	14.9792136785725	13.9337868543805
4.81354209438678	8.04305238995892	10.6206269033471	10.6258720120147	10.0326234602261
6.08618037875345	7.9070759080069	10.212504784003	9.47156701981964	12.5403133558514
4.08925456513032	6.81316278311249	10.0506611091081	11.2499681344175	11.541216467896
4.86754344434155	8.27640784132387	11.4509300000312	13.0871664555553	14.5193328183717
10.632515649104	17.8007030672867	23.1595508636196	24.2499579740481	25.8988555980887
4.97407992303152	9.79367297811439	11.9472241069344	13.7028927090121	15.8690624669388
7.45310330066729	9.89564400341357	10.7632374480948	11.6294557986071	12.2932999432507
3.9854630512786	8.22253122671469	12.4917210949985	14.5681003538606	16.2438252666192
4.97407992303073	9.05544975562412	14.7934571699572	16.7216323599338	14.7502248487886
6.7163114425598	9.47286484003183	13.1964528730907	15.3149777204189	16.3332683012896
3.56199160097765	8.12945094446457	11.1732660762453	13.3915955537498	16.1321854687683
4.49940548009602	7.20603495054621	10.2676408284342	13.2486996948504	15.4430725666307
5.65923533924433	8.47568530422251	10.9564485160387	12.0715822480355	12.0061934258672
4.10127484408116	7.19565155285983	11.5648683435579	12.2845252375885	13.192873742551
9.0940388148918	12.831127811367	15.099976461981	16.0273398948042	16.986364313866
3.7547125590944	8.61456374581206	13.1617587126668	19.4224513935245	25.8247247516979
4.86754344434155	9.43405517214529	11.8929365983471	13.6818920579501	14.6164309349728
4.30446959248758	10.0401257453717	14.0835862988149	16.6457712497535	18.8350380261684
3.1892207812426	5.43450802044748	8.60773461870281	11.9226899667325	12.0243041739862
3.4428293447624	6.81227081093988	9.75941082135142	12.3306666658672	13.7936343927047
6.2460887021835	9.45360656477158	12.0206805434206	12.4479905151474	11.1401330150703
4.52264930842534	8.12576922405123	10.7320190662194	13.4572586897502	14.3608958468426
4.10127484408116	7.66555531465349	9.02262420434079	9.98008403494441	11.4445185038937
3.82858188842846	7.65033134882611	9.23432430435417	12.3268189053888	13.6678402496199
4.81354198587064	8.78144898248706	11.3522766042954	14.0154763374329	14.9873123979917
4.0892545651339	8.04305238995914	10.6206269033468	10.6258720120148	9.58920452413656
9.0940388148918	13.806595934451	15.1900178451507	17.3647687620645	13.2383378164124
10.3451351860643	16.8462543657116	17.6684906632617	19.788614065627	22.0162068821626
4.10531276488507	8.67510878503174	12.3959647010191	15.3143542406318	16.7617753324038
4.97407992303221	10.9068487640566	12.8034067545822	13.5447734601655	14.3380242243979
4.10531276488507	5.92697715307241	9.06826297864558	10.0765008570705	11.9155265244879
6.2460887021835	9.9780732847517	13.0602905601618	14.0239449981208	14.4950445644663
4.08925456513265	7.65033134882617	11.5648683435581	12.0391011643484	13.813315416869
6.7163114425598	11.067488380253	15.7250307751468	17.7622345169343	18.8451189862024
4.86754344434155	11.1777572234467	13.9027647905836	15.6681694831806	17.4357160049353
5.06531436941231	8.0616450400218	11.3410439316487	13.0089650572774	13.9815324881806
5.65923533924433	10.8107676864786	15.3684886309105	18.4030851786554	23.8672746804891
4.81354190497672	12.2217738330182	12.5111852585972	15.4660991082163	17.1235605645912
4.81354179047361	6.04913737240901	9.51873239356303	12.5314258466203	15.6778275718909
4.07481147584559	10.7320985266152	12.047776686865	12.385668847363	14.0568134548763
9.46454584496826	13.4768479641427	11.1122219491774	11.8879883670803	10.466664866821
4.81354201797302	8.51858170425544	14.082437830624	15.3378238059418	14.0474020854208
3.86052588928067	7.58810556769089	9.61805083388617	11.5608698491071	13.3303595311426
10.6325156491038	17.8007030672867	18.5655018569618	16.5773762205652	14.4049226177978
4.52264930842534	8.12576922405123	10.212504784003	13.4090308343673	16.286081332362
4.86754344434155	7.65033134882623	10.0913463747833	14.0738935262348	16.3878241371018
4.86754344434155	10.639103365472	12.424026823373	14.1547584824483	16.177616191171
7.99958399221003	10.521631163178	12.7854758086098	13.1722449203583	14.5075814558326
7.99958399220083	10.5216311631779	11.9903127522304	14.2381118205122	16.2733577260828
4.49940548009602	7.55607662432169	10.7188570293899	12.6530812239223	14.0513970905195
4.02211967264964	9.56226938605198	13.7870962660436	15.6461848608978	17.3612313945165
4.81354172691266	7.65033134882651	10.2884618549403	13.458072430519	16.4406562355574
4.07481147583468	6.36598880522888	9.79563307331892	12.9211927272247	12.0200259831642
7.27571544255886	12.7221283242871	16.1980533772455	17.3445347132301	17.7426862124338
4.07481147582493	8.12945094446445	11.8000327798246	13.6394114098074	14.5626502692907
6.06762429287505	8.41849081017511	10.8522643737693	11.4653747017255	11.9553924137365
6.22812159378407	7.03500474367848	8.29782322279652	9.51374841256063	10.3544835521354
3.75471255909446	7.58806000017046	9.90875868492049	11.5820884249779	12.1231954766131
4.08925456513379	11.2486241060377	13.0558626674859	15.8872481769108	17.8077009797461
3.6197219677976	7.05478254096744	9.98195251362512	12.6493299733312	13.5748517293714
6.22812166025102	11.9018124505836	15.0732225723602	18.0396988876979	20.1287427873202
4.10531276488504	9.70464178985321	13.1674337401404	16.5152277990297	18.8019163412246
4.08925456513242	10.2635572428481	13.7052925711949	13.5667261293302	13.3915550838028
5.60492119441193	11.967504594536	15.027316404414	16.861635362412	19.064595635818
4.02211967264964	8.82353597255957	10.4493324328768	12.1749656145528	14.3020295082816
4.52264930842534	7.24687315262719	9.59351034899925	10.584713445445	12.6434902389425
6.2281214104126	11.9018124505836	10.8071117134327	11.4594528611339	12.6663895251165
3.8285818884284	5.94052516488824	9.73656937320737	12.9254814540413	13.8456913394402
8.028638765393	14.6844118313959	12.4942776859357	13.2847362838373	15.1081333430841
6.2460887021835	9.45360656477152	13.0769359761538	14.9852469138367	20.2131071655565
6.2281214134689	12.2438424119389	16.3174716045572	17.8489506107033	19.0436231404796
4.35979645820964	8.31547585332095	10.0423346660722	10.8035498273076	12.0482909084928
3.75471255909446	7.97594831244913	11.6733291932758	12.6402498644658	13.4486922417041
6.22812154880347	7.84591111607978	11.0005725509145	14.7147399520123	17.3176110854755
7.95866514797677	13.168234412627	15.1144817761141	16.6787354088576	18.8404874359652
4.10127484408116	8.27640784132393	12.3310177302047	14.4428802707458	16.4672374798682
4.08925456512651	6.71377678593336	8.52561892494765	10.3457646437853	11.8030204627141
4.81354153122311	11.1777572234468	14.9141004535279	17.8780392823597	19.3604860495219
3.26659418791007	7.65033134882651	9.30908648870212	11.9972171840088	13.9346266847724
7.27571544255886	8.89625381289	12.4761627693422	15.0819655236054	19.5108688726968
4.81354208888871	8.51858170425538	11.2959772369828	13.763115973049	20.1419990737487
3.86052588928058	10.2635572428482	12.4625227226351	16.2016182778719	17.7482197020633
4.02211967264964	9.70464178985321	15.135438253846	19.188129767065	20.7663725530391
4.41364344323119	8.35479027596119	12.4142747190199	15.1918691996741	16.5997874526502
3.82858188842869	6.19531086640291	8.29805606738108	13.1540784577901	14.4239217401388
4.86754344434155	7.16519463716196	10.0062084887159	12.6461967631823	14.540184576089
3.90676822122975	9.35430646526584	13.4674953711187	16.4432132674577	18.5694398028944
5.60492119441193	12.7321450802109	15.135438253846	17.5084203751185	19.6935728687112
4.81354191565106	11.1777572234468	13.9027647905835	15.0442985324574	19.1749810036979
6.7163114425598	10.599100181293	13.2102705945913	17.211389661216	22.4176997074255
4.35979645820942	9.04686593283839	10.5092260805559	12.4397579384473	13.7485137082978
3.4428293447624	6.37143395065118	9.36980793217634	12.1442115039918	14.0307181412491
8.71703179612837	9.42508009713538	11.1947868291398	12.8270282098407	12.8764317457174
4.08925456513356	10.639103365472	13.3448367971638	15.0023070710043	16.8775560355933
4.52264930842534	8.89024361517642	12.1101040720105	14.0207514820333	15.9946792600958
5.06531436941231	7.66172728458258	10.3844658565944	12.5652279929181	16.572058146456
5.06531436941231	6.45142756638597	9.70597721213812	13.0542898135092	14.8642385569253
4.81354199262023	11.1777572234468	16.0218449240414	19.3492860667274	22.3990111857749
9.46454584496826	11.4965650619876	12.8972674882522	14.2379509873999	16.4434006306171
9.97010951409669	13.3688198480654	15.7012771085867	17.9029108449253	19.9908676393392
4.07481147581512	10.7881930612288	13.3467491767615	13.0023532974072	15.8663119796549
3.75471255909446	8.22319929457115	10.0940049249113	10.5856160870033	12.002765361895
4.81354163277388	7.16519463716196	9.86220208804735	13.4644835778079	15.0001624338398
4.81354198136108	11.1777572234467	14.9141004535279	20.3560749173294	22.4533086591295
4.02211967264964	5.99085998501926	8.7837698941164	13.4021231643148	14.2159579914165
4.81354171970412	11.1777572234468	13.9027647905835	15.6681694831806	18.7220207823027
4.81354155912925	10.639103365472	13.3448367971639	15.0023070710044	16.8453129787042
6.15546375674143	8.91481884189602	11.3699627774917	13.1307588508521	13.9145142645122
7.50462384235294	13.8683105814668	14.6172590610176	14.9128916498491	15.6531724307149
4.0892545651339	8.82353597255957	11.5524969127358	14.2928183905065	16.3789396495496
4.81354209725595	8.32153045434973	12.5973846029239	15.1948631592019	17.2306664286029
4.07481147582601	6.58389725050642	9.30908648870212	11.9972171840071	12.596482868915
8.02863873161658	10.492691792352	12.4713543718765	17.9867284913483	22.4983959378482
4.07481147585514	8.22253122671469	12.4917210949985	14.8160738050764	17.8541574641139
3.77813517453939	9.85812648768842	11.2848498524175	14.6452446694555	19.2372015256959
3.26659418791007	7.66555531465349	9.22323351193336	13.6250197235844	13.3406896725053
4.81354204400208	6.38252297837022	9.10497530547366	13.1101312181309	16.9887443369191
4.08925456513424	7.51800656049096	10.0102912007137	13.917233876334	16.3444022229946
4.35979645820947	8.24460395417572	13.4800502158498	16.2868245907391	18.276989128498
7.99958399221862	15.2034833932771	17.3555398878105	18.6602999085468	19.6571331150894
4.81354209323024	8.5185817042555	11.2959772369829	12.0016839368107	12.6044626645812
4.30446959248758	8.67510878503174	11.8664349177327	14.1543402446996	15.9348980294471
4.41364344323244	10.3120781833407	14.1046379686703	16.4364051644329	18.5251708346265
5.25979861097272	8.18330853484991	11.5834443981713	13.4131573433866	14.9979665398197
6.2460887021835	8.86732244495499	11.3410439316487	13.0089650572771	13.5142454628243
4.81354206687143	9.04686593283856	11.8028207022455	14.1485834162327	18.5307730838848
4.81354185496872	11.1777572234467	10.0324296476645	12.2473094180386	14.4000930531293
4.41364344323227	6.43438669205665	7.86885799120131	8.7922272023892	10.5210862378925
5.06531436941231	9.76516730268941	13.4231321177899	16.6408529109112	19.7704428784266
6.84425287419191	9.26860565370032	11.8281246984576	14.2475823650293	17.6488354126059
4.35979645820959	10.7881930612288	12.2506753119766	12.7480972124901	13.6582846116251
3.53017056093091	8.12945094446445	11.173266076245	13.3915955537497	14.8396429951012
5.06531436941231	11.9859194081357	12.9822229809339	14.467149034407	15.5177184509627
3.40684201412301	5.7900061921373	9.70597721213818	11.8596371900338	12.8134476214173
4.81354141666856	8.78144898248706	14.6850085550972	18.4110925526472	21.9095422908787
7.5046228518608	8.23637009082302	10.8233052525464	11.7494515543626	12.342991950744
4.07481147582959	8.22319929457115	12.2507306210866	12.894819619808	14.6134740733063
9.09403881489186	13.8065959344509	14.9421708971028	15.9351382502209	15.9741403879131
8.02863875625656	10.4552843657688	11.7084254127798	14.1286089718876	16.0576962060507
4.86754344434155	10.4559336377987	10.9347343911044	12.6498676429039	12.6757057223142
4.97407992303221	11.9675045945361	15.0273164044136	14.1117459381921	16.4261425220989
9.46454584496826	13.4768479641419	18.1985584218589	13.9608336976185	20.3260064431175
7.31716075820117	9.79889406126847	12.4835060384391	14.3904055842319	17.9762626075022
4.3597964582097	11.6528015198835	14.7770215282476	16.5896761122751	15.4733953777355
3.77813517455388	8.12945094446457	10.051658008055	12.5106241732202	14.0167945572157
4.35979645821675	8.82695445579651	14.0824670067412	15.9848017019713	17.2162971333976
4.10531276488504	9.0772840518872	16.9441222685186	18.3677467023021	19.1644993077624
4.81354198796225	9.03614438893027	10.9347343911044	12.6498676429039	14.3872057903948
5.65923533924433	10.2874896646765	14.7640501450683	15.7399751057918	13.8988619146512
4.35979645820964	8.24460395417572	11.668121007583	12.3774596662466	15.6542872730624
4.52264930842534	7.24687315262719	9.59351034899925	11.970763459411	13.07723124574
7.50460666246954	12.6234557011509	14.4389191283105	16.3354609647557	17.3185750437704
7.50462235061167	9.84971454563714	12.2922107399612	15.0242606183921	16.7095632188231
4.81354169168407	8.51858170425544	12.2530160743307	14.1266772035413	15.0995984505685
4.81354208352167	8.05976686880922	10.7320190662193	13.827529772734	15.3406442071054
6.7163114425598	9.55889581634739	13.1658551002213	16.0088081357036	18.0159191172155
4.49940548009602	7.15816748707789	9.53699978106806	11.2646842660337	12.3712353343836
4.41364344323154	9.79367297811427	12.094477230428	15.0851330164791	17.2388843791975
4.81354207352922	7.49138495035226	9.00874791981704	10.6337558892109	11.8503981505114
4.8135411839155	10.7881930612288	12.2506753119786	13.5627388428965	14.7740917378494
4.35979645820959	7.07831539811411	10.3130301022536	13.3325743769768	15.5947132905748
3.40684201412304	6.26328714963739	11.1616638032045	14.0729091607393	15.4864558802151
9.46454584496826	10.2886566667892	10.3839319863717	12.5059385364816	16.102802012376
4.35979645820964	8.82186790721505	11.1732660762451	15.4867215284855	18.8660088149164
4.52264930842534	6.6372868440302	8.60773461870275	9.29782542940092	8.97662892196746
4.97407992303067	9.56226938605198	12.0630918566611	14.8360441457216	18.0711313396808
4.81354200297136	7.60236214398873	11.2193340851247	14.1425599627343	16.6353524222453
4.10531276488504	8.01264566749205	11.2484573542147	13.7005367750808	14.7597831309139
4.8135415842159	11.4448611752239	14.1510155786223	15.8334996260385	16.7741383689334
4.81354192027152	7.53181665167426	11.1935225458992	13.4135648847299	15.9665034182258
4.81354161318018	6.37206932565903	9.51709050411694	12.0277397108393	13.8818105528376
3.56199160097771	6.9350116902541	11.7736663816449	13.9688575233952	16.7747287778798
2.87374888049882	7.66555531465349	10.2187554962853	12.5082516952174	12.1610978082205
4.81354204680571	9.08759499891096	15.8256372714723	17.9373936452239	17.7341936311958
3.77813517455309	7.51800656049096	10.6347796360697	13.1334133416313	12.789179726576
4.81354175269416	11.1777572234467	12.4594047687903	14.0813702895235	13.508434971343
3.26659418791002	7.65033134882623	9.51873239356303	13.7151027940967	14.9763830995102
8.35865935678476	15.1789367442763	18.210346360005	20.4121255148418	21.2156852904932
4.97407992303221	6.98193597966758	9.52698767503222	11.7537450033598	10.8459509049896
3.56199160097765	7.97594831244908	10.6349505188273	11.752179610647	13.4055053713803
4.10531276488507	8.12489704703847	10.0560140247293	12.2933355594072	14.1614659889516
3.36441116053732	8.05976686880922	10.9674591296866	14.5442870048455	16.1580853592387
4.86754344434155	9.70464178985321	11.6188544786901	12.8371085236604	13.8737478503182
4.81354190227916	9.79367297811444	12.0967942019636	15.9032193810401	18.8264462678112
4.81354204793496	8.22319929457115	10.9808194548067	12.3049629137398	13.1903425373326
6.15546375674143	9.79517121361914	11.1287901531383	14.4926822476229	17.6521100443025
5.60492119441193	9.12701954702976	10.7602209417198	12.350089525192	13.2660170290533
3.8285818884284	6.36598880522882	7.86885799120131	9.26766102050556	10.492290363183
4.07481147585679	7.74480438232484	10.18749834676	13.5187541398282	14.5197209747918
8.71703179612831	11.067488380253	15.7250307751468	17.7394197613129	19.6112661547974
4.81354194036203	11.1777572234468	11.229986806257	13.7239928316482	15.8104589064517
3.77813517452245	9.13307152128533	12.4067501499877	14.5687469937586	16.1041300432111
6.68660703226448	10.7854070691224	13.4821776435151	16.1475423886604	17.1812909496296
4.81354135855059	11.1777572234468	13.9027647905836	14.6694118744313	15.7305436413695
3.7547125590944	6.58389725050711	10.342675159263	11.6424895103915	12.8584352426781
6.15546375674143	13.4895029165075	16.3408071517915	18.362431738357	19.4110736547981
4.35979645820947	10.7320985266152	16.0035296525676	21.4309290363308	28.7888598176817
4.35979645821658	7.90707590800713	12.2669608455097	13.4631072241496	15.0253410593862
4.10127484408116	9.45763502092694	15.7001815151428	19.4532516515512	23.6528942467577
3.86052588928055	10.7881930612288	13.9877250003645	16.5090934027374	19.0693792358485
3.26659418791007	6.8736708710241	10.3784334797994	11.5178719446719	11.2877225270103
3.86052588928061	7.01699722396859	9.74892924014188	13.9796018473035	15.6260775116826
6.84425287419191	10.2635572428472	12.5859080802001	15.6279303011138	16.9124724825015
4.08925456513401	8.04305238995909	13.6303117759721	16.5851917296483	19.0329407279826
11.1493421094454	17.0864071959294	20.2249022465438	21.3573623586323	22.4890006702028
4.81354200766799	8.23237997431607	12.2791900624021	15.7974310406826	15.1676138180629
3.7781351745536	8.01264566749205	10.909276615378	12.0240673240177	13.9124685638142
3.18922078124254	7.16519463716196	9.47317880731248	11.0953203459503	12.7692345289358
4.08925456513379	8.12945094446445	11.1227311158941	13.8167486319546	15.3892224883065
4.86754344434155	7.08100111750235	8.68810521258592	10.9364024269805	13.289204812291
9.68674977763345	14.1505558184485	16.3320856535461	18.995680344279	20.8973954911946
9.4645458449682	14.4593457973188	13.8427817846543	17.8487675034702	15.7488548752353
4.0748114758251	8.23237997431613	10.173871527218	11.874345408013	12.6664856242879
4.49940548009602	9.79517121361914	10.7185377586102	12.5134971457365	13.6389667912716
3.7547125590944	6.56894292509554	10.0940049249114	11.8195486701121	11.2969936897937
4.81354168611324	7.99051180597945	10.151328886663	12.463892681032	12.3796829401226
3.56199160097771	7.97594831244913	10.2187554962853	14.7966983305893	16.7855505453167
4.30446959248758	6.81227081093988	9.75941082135142	11.8596371900337	12.8134476214218
3.7547125590944	7.58806000017046	11.8226115885151	16.3881404293438	20.2520133653407
4.81354187804794	10.7320985266152	13.0190315005618	14.9646635104138	14.6261121188861
12.1541650004554	13.5141494405985	16.5984863558427	19.3083539422651	21.5884408754088
6.7163114425598	11.412690951871	10.7388173330907	12.2509323700946	13.6855618479403
3.82858188842835	9.85812648768842	12.5960374774459	16.1407821306593	18.9969131150972
4.52264930842534	7.05478254097051	8.59187301514584	12.8018943487859	15.626531068826
6.22812150199638	8.05976686880922	10.3014377029587	13.118545757855	15.1856816836736
4.86754344434155	9.40664321986554	10.5640826363896	10.8688941352668	12.1252738377908
6.15546375674143	8.38449133422324	10.2244739342563	11.9565420701033	13.7511256099918
4.81354155688081	7.65033134882617	9.88281128078074	11.0105979263919	11.8551643480299
4.86754344434155	7.66555531465349	10.2187554962852	12.59749305999	16.1530257253117
3.7547125590944	6.45326043643718	8.58641812914516	11.5552420359689	13.5446547908848
4.10531276488504	8.12489704703847	12.3648757365938	13.5482407596446	15.5436367896535
4.86754344434155	11.067488380253	16.6912891304322	18.757338579763	16.6698436411655
7.95866514797677	12.4495741510983	18.0209074254321	20.9263022672556	20.9195268363392
4.49940548009602	7.90707590800707	10.909276615378	11.6490543421465	12.2165843898536
7.99958399221163	16.3565653291341	22.2950168079404	29.1399720310779	28.6929025004962
6.7163114425598	12.2373645041613	14.9703360328818	16.9032547989509	17.777264452861
7.99958399222322	9.11139134739045	11.3030421391172	16.1154131954191	17.6508852371306
3.778135174515	8.27025607370632	11.1732660762451	13.7391470948608	17.5515763805067
7.95866514797677	10.5041313842599	10.2174354388202	12.3087494452864	14.2331969793433
8.22735073380937	10.6362221268589	13.7512357539376	16.5348768292114	17.5459441122732
6.7163114425598	11.9018124505836	16.6627346762022	20.1588126685804	23.4742637957124
4.35979645820953	8.82695445579651	11.9409123001344	15.6305172722872	15.6594659527299
3.75471255909451	6.65340845792514	11.2260573304293	13.915305848654	17.4529213393702
6.06762429287505	8.41849081017511	10.1081979746051	13.1854487304481	14.0180345401914
4.02211967264964	9.70464178985321	11.6188544786905	12.7213552877836	13.1879672609065
4.97407992303221	9.90580740926066	13.857363538168	18.2226219307174	20.3387159891345
3.8285818884284	8.82186790721505	13.857363538168	16.7179212945041	18.7448352361009
3.18922078124257	6.17307461810469	9.31888318158042	11.4378341557992	12.3154496179458
7.31716075820117	13.2938771269621	16.2335165155132	20.5794131825725	22.4251906129311
4.86754344434155	10.639103365472	12.424026823373	13.1455530247187	13.8678183807544
9.0940388148918	12.831127811367	15.099976461981	16.9601260532028	19.0077698985655
7.99958399222214	12.6862341290269	15.3927011591732	16.7701162116008	18.7993204965031
7.99958399220327	14.6433392909202	17.4232512915816	19.3405178341102	19.5577094003032
3.77813517451426	6.65481462093345	10.9347343911044	12.6498676429039	10.5697337928696
4.35979645821652	7.07831539811411	10.9347343911044	11.9968386385161	13.4289212527342
4.02211967264964	7.5055123633154	10.5577985500313	13.2326377827694	15.2207742437394
3.63343397412564	7.65033134882617	10.0913463747819	13.418827682002	16.5799657116171
4.97407992303221	7.62082939176344	9.65828510156888	11.0041349264845	12.7823505624337
9.04165400012334	16.0128772223911	16.797209146435	18.3698987497946	14.9801558066943
9.09403881489175	11.7243272766951	12.6589022912432	13.1283287193011	15.0434377086059
9.4645458449682	11.4965650619876	12.8972674882526	14.5563099903879	13.5411203271146
4.08925456513367	9.13746039358534	12.2295091180234	15.1380050286142	19.1644993076344
3.72522102536396	7.8547856437458	10.7384276172259	12.5274204799144	14.2822723925383
4.41364344323216	11.444861175224	16.7820268337305	19.2609421904966	17.1088808845061
4.52264930842534	7.60236214398753	10.740089169028	12.5059385364816	13.4796948317149
4.35979645820964	7.19565155285954	11.5648683435589	11.4728964383799	12.8796112498788
4.10127484408116	8.27640784132393	10.7486922922182	11.9073258408665	14.8926155654412
4.52264930842534	8.12576922405123	10.5903763367716	12.350089525192	13.2660170290533
4.08925456513373	8.22319929457109	13.0901284125879	13.9951483711546	13.8309694753391
3.82858188842843	6.36598880522888	9.90263103144014	13.4843682657471	17.0591767968507
9.46454584496826	16.5683375827986	20.6851148158298	23.6736807110893	25.5680579988991
4.41364344323182	9.09600111529767	11.386546172487	16.6138618754974	18.1540068973799
3.77813517452046	6.10734739262023	9.51709050411699	12.7728829095358	14.3146720525839
3.9854630512786	6.11298718822991	9.70597721213812	12.8137436311362	14.0377198066095
4.07481147585585	6.83801378670375	10.3217121299398	13.6647224748554	14.6219541530976
4.8135418479954	11.1777572234467	14.9141004535351	13.5015060509824	11.7243271679374
7.50462384401482	8.23637009082319	9.68949961319669	11.7658257044554	13.3436917362236
4.81354209595531	6.38252297837022	8.81554458024402	12.5106241732202	15.0042442671883
4.07481147582374	7.15686311556794	11.6131246633952	15.0989077970764	20.3689944093011
4.41364344323205	8.18330853484997	11.5834443981713	13.4131573433866	14.997966539794
3.56199160097771	7.1651946371619	9.47317880731231	11.0953203459502	12.765168695693
4.41364344323216	8.18330853485003	13.5820651800313	16.6024100932531	18.809910272086
4.35979645820964	8.82695445579657	14.0824670067412	16.0395372365014	15.6888765629734
9.0940388148918	11.7243272766951	12.6589022912432	11.4063237042637	11.4380191793878
4.8135419829199	8.12576922405123	11.6131246633954	14.7136931268517	17.2275073012235
8.02863854818509	12.27893123159	13.8114139950935	15.8446446360503	15.0059570233185
4.35979645820942	6.98193597966758	9.52698767503222	10.7442352722294	14.0630203569403
4.81354149675769	8.78144898248706	11.3522766042954	13.1834782386645	14.1173749979982
3.82858188842843	7.51800656049107	11.1616638032044	14.072909160632	15.8803477072555
4.52264930842534	7.97594831244913	10.0102912007137	13.8296850741618	14.9763591286732
4.97407992303215	9.6819865185654	13.3891911159153	16.5844290291607	16.170184449979
4.08925456513361	8.315475853321	10.8324616585568	11.4095767770401	12.8889712783465
3.77813517455826	7.41444061674326	10.8233052525464	12.6229908730701	15.5524718094915
4.10531276488504	10.639103365472	14.7511738126236	17.3411396774558	19.9950446858825
3.82858188842835	6.56894292509736	9.29239360188274	9.88738867273304	8.07739756757445
4.81354142482678	9.66717085177305	14.9571956856589	15.9341827413826	15.9049643435362
4.02211967264964	7.38125086962856	9.68949961319521	12.9978967481278	15.4638007028937
7.31716075820117	9.79889406126847	11.386546172487	13.0512189906854	14.2814024775201
3.7547125590944	8.61456374581212	11.2379466348299	12.8694191556249	14.3373727526381
4.35979645820953	7.65033134882628	10.0423346660721	10.9725231524509	12.5752081609735
4.52264930842534	5.94052516488819	10.5021804190023	15.4589680698244	17.8877148402797
4.81354181999478	11.1777572234468	14.9141004535268	17.8780392823596	20.799550970127
4.81354149600571	8.06649490657253	12.3834658976457	15.1388123181699	16.503414575374
4.52264930842534	6.7081500896611	10.8854216025667	14.4288344046369	17.9483434969105
4.52264930842534	9.66717085177305	12.2592574469064	14.1016640380831	15.0584360686954
8.71703179612837	13.1022064637978	16.6637694671682	18.6045112373207	18.3380951830667
3.82858188842894	8.23237997431613	9.39502804075977	9.83289337539571	11.1339755782413
3.86052588928061	9.79367297811444	14.7860872397248	14.4174222346625	18.8614137902192
7.9995839922268	10.521631163178	12.4878808126438	12.89328006983	12.1613239043033
7.50461927853712	10.8172573692332	13.7672183512322	15.6798366616662	15.4985508160866
4.08925456513361	8.04305238995914	12.7938565562819	13.7245735939728	14.5185173027994
4.10531276488504	7.63602531102686	11.5431441026351	13.2687887761385	16.9107256927269
4.97407992303044	10.9068487640565	12.8034067539039	14.4661843260811	15.9856163116395
4.07481147582493	7.65033134882623	10.2884618549402	12.9512744289215	14.7053438622608
4.35979645821658	6.98193597966758	9.52698767503222	14.1871845361983	15.7227226462173
6.15546375674143	8.19907470592921	9.77424889772345	10.8913183150689	12.0887391313404
3.7547125590944	6.8989004440154	9.40576131298286	12.5139044700807	14.2099275734358
4.49940548009602	8.64602429912537	14.2924448289665	15.3018572215848	16.3417595736946
6.68660703226448	11.6452536044734	11.7268907553016	10.8913183150663	13.4989299177823
3.86052588928061	6.61529304969724	9.51873239356303	13.4398385489545	15.7033467809279
4.0892545651339	6.71377678593257	8.34543270847524	9.35763084390942	10.674455428453
4.08925456513361	7.1956515528596	10.8141210436107	12.5735998265841	13.671538761586
4.0892545651343	7.39226130329871	11.5648683435591	13.4285419343334	11.9730807718627
4.10531276488504	6.49434152314802	8.77405721162575	12.6168708034639	13.1470137714185
4.97407992302971	8.25950396249243	12.2886272176324	11.7196344379228	11.9090832832244
4.97407992303033	7.62082939176435	10.8324616585127	14.0800517549891	15.3977804834159
5.06531436941231	11.9675045945361	17.6629035062529	20.1202848475675	22.8232762481626
4.86754344434155	11.067488380253	15.7250307751468	19.2145995042822	21.2522975336713
4.10127484408116	6.81316278311249	8.89546596291797	11.1865145139053	13.401988319441
5.25979861097272	10.4964131108926	13.1427502061343	14.227487539074	15.2153089976936
6.2460887021835	10.1753583684211	11.8402530523791	15.4988255739273	18.545933365608
5.25979861097272	11.6528015198836	13.437649418973	14.8875176825102	16.4503156468322
7.53730659356762	14.1971130352085	17.1991118788861	19.3146831342365	20.4942764662929
4.08925456513043	7.66555531465343	10.0344307800614	11.0980486076941	14.2189258489242
4.97407992303107	7.62082939176412	11.2867844245476	12.5098982772358	13.643223089086
3.90676822122975	8.37353921852088	11.5737695343616	14.5661797730207	13.7708670114303
4.81354206604868	11.1777572234468	10.0423346660722	11.5247076723787	12.6790558073225
4.52264930842534	11.3355016738872	15.9392920477724	17.8353382369824	17.9566293535429
4.97407992303215	11.2560549063375	13.9721578739951	13.8777280281789	14.464497176835
4.52264930842534	8.18330853485003	10.9080827825495	11.4363150356603	10.9784685253137
4.35979645821669	8.05976686880922	11.2812566248244	12.4517253171002	13.5918408951932
4.35979645820976	7.19655119622172	9.10497530547366	13.2687887761385	16.957664745782
4.35979645820959	7.19565155285966	10.814121044091	12.1517057578633	13.1272467136445
4.81354209780068	7.16519463716196	9.86296230429735	13.4644835778079	15.0001624338399
3.75471255909446	10.7881930612288	12.2506753119765	12.0144631872504	13.6177819315919
3.26659418791002	7.65033134882657	10.0913463747793	11.8067659560359	13.3654083431046
4.9740799230305	10.9068487640565	14.1916830677749	17.7827367268331	19.4898798517402
4.08925456513401	7.36479464629997	9.10497530547366	9.21026059071062	10.0068092453706
7.27571544255886	10.639103365472	15.6469446734632	16.5403656370391	14.841043114115
5.06531436941231	8.89024361517642	13.1658551002213	15.04973957804	16.8979743059558
5.25979861097272	11.9675045945361	17.6629035062538	22.8500879769607	25.2209291780404
3.86052588928061	7.32454323217991	8.26407050876492	10.33788858192	12.0891480577114
4.07481147582061	9.70464178985327	13.9399329881897	14.0639813873092	16.0250819389306
3.6197219677976	6.83742543834438	9.51873239356297	10.7123231661124	13.5911336135229
8.35865935678407	10.8301463376761	11.3268378761761	12.3636603097625	14.238772284178
5.60492119441193	7.58806000017046	9.11904422707539	10.7458951146583	11.5848058313964
4.41364344323176	9.68198651856551	12.0537187835715	12.4959770537117	12.8854003390331
3.86052588928064	6.61529304969821	9.39592763993926	11.5452207903761	12.8252425350923
12.1541648088993	13.1797803581593	15.7480225007236	15.4462631706994	15.0277003896311
4.86754344434155	9.79367297811444	11.9472241069351	15.561365899849	16.8021745694894
4.35979645821669	7.15816748707795	8.7970840855138	9.39388076470681	9.98138718297866
6.22812166088892	6.69031626441802	8.23330469541929	9.96234124772513	10.7971454325666
3.75471255909446	9.70464178985321	10.0716892000657	10.4302889067661	10.9145942222778
4.81354208704465	6.37206932565903	8.24351933314165	10.3716543760434	12.0918749037428
4.49940548009602	6.49434152314802	8.21389372211979	9.25936027552893	10.4608471267979
10.3451351860643	16.5645754004843	18.4862579857246	19.5868704971381	18.3028357661603
3.6197219677976	9.48329398574327	12.1057855216969	13.9953414751185	15.4910234078019
7.50462065878997	9.8497145456372	12.5013348025399	13.2991888322442	15.7126943859754
4.81354170832168	8.51858170425544	11.9966446125288	13.8777280281789	15.1407397544187
4.08925456513373	7.15686311556806	11.6131246633953	15.0989077970764	18.2805453739363
3.63343397412569	6.26328714963734	11.1634246839108	16.0990649480041	18.0711313396805
5.55666777382987	7.94340747666445	10.6707022364533	12.6766191516297	14.1060934325213
7.50461938991532	10.8172573692332	13.7672183512322	14.1262564836887	15.7310273181386
14.348697655552	15.6267978063393	15.1144817761141	15.2134023671194	16.4082546534158
5.60492119441193	7.58806000017046	9.52698767503227	11.3383850041937	11.7279829029447
4.86754344434155	7.79117998935271	10.3649344449079	12.9124711704651	13.7332508988088
6.2460887021835	11.8378693531206	13.8244011940434	15.7968368536256	17.5948916957968
3.26659418791007	7.65033134882617	10.091346374783	11.806765954633	15.2964212988155
4.35979645820953	8.23237997431607	10.8522643737679	12.2011691538308	13.1118138114873
4.81354192828013	8.82186790721499	13.857363538168	14.3577795909326	14.9350000938885
9.87502892658648	13.5614000508864	15.773394067381	16.5524781401027	17.3516573221827
3.56199160097771	6.33599218647083	11.0063247260819	12.3166150969134	10.8926331597939
9.46454584496831	13.4768479641423	13.7870962660436	14.1307019668437	18.3208915017591
5.60492119441193	10.4493591605965	14.8399204114833	17.4089787784912	20.0048597468207
4.8135418600699	8.315475853321	12.4942776859357	13.4135648847298	15.9665034182258
4.813541883406	7.19242519370653	10.7849142329383	14.5528945846723	16.0162442283113
3.77813517454013	7.19242519370653	9.70597721213818	11.8596371900337	13.777030582328
4.52264930842534	10.7881930612288	13.3467491767615	17.3149055204761	19.7314211572309
4.30446959248758	6.06465206466152	7.77561903519097	9.84557108210765	11.7651459783899
6.84425287419191	9.22390296091817	10.9347343911044	12.7256099074937	15.229622493512
5.60492119441193	9.28416629436509	11.7780069663694	13.5531098063474	14.4758086345797
2.87374888049882	5.43450802044742	7.5261135422424	11.0635542231642	12.8796112498789
6.22812165570639	9.45360656477152	9.914583224963	10.2347586866207	10.1522808877062
6.2460887021835	11.0007676721581	15.6764296027116	17.7200099975259	17.3717097461174
4.81354194583145	6.37206932565903	7.82683342149681	11.9226899667324	14.6134740733062
4.81354186601794	6.55275252244417	8.59221306098993	10.4852402165204	12.4019261027281
4.41364344323188	8.18330853484997	10.9080827825495	11.7550246871373	12.5979024088751
4.08925456513396	10.639103365472	13.3448367971639	15.0023070710043	15.9364949567577
5.55666777382987	8.40419247771666	10.2849731551297	13.0542898135089	14.8642385569253
5.65923533924433	9.4821756631203	12.0695631008019	14.6956757589525	16.6639070921802
3.6197219677976	6.00642765464596	8.77960044697204	10.3126969111099	10.8336029651497
4.81354198246362	11.1777572234467	12.8992628419344	12.9468283887184	13.1740338652019
6.06762429287505	8.40419247771666	10.8448278026259	12.6468512544005	14.2995560826151
9.0940388148918	13.8065959344509	14.0347076111997	15.3771329087235	17.934419255258
7.9995839922334	17.4013390748709	20.4930316019149	22.5827840865101	22.7560993747597
4.81354156006665	8.12945094446457	11.1227311158952	16.7637801334604	18.2430782965325
4.02211967264964	5.31759942108482	6.99080892311292	10.0490910395067	11.3528446862356
9.0416540001234	16.7822604101181	17.3117871226246	16.378469321381	19.3608671429437
6.22812166096975	9.64072419079741	15.5725987595541	17.9797576668724	20.2312889354184
6.15546375674143	8.19907470592921	10.2244739342563	13.5033895692133	19.2398910441115
4.02211967264964	7.0169972239687	10.1091518755588	14.2182443735349	16.8524426694893
3.75471255909451	7.90707590800707	12.3164686781151	15.0060197685287	16.908337793098
3.90676822122975	10.3258313507713	14.2486883838805	20.682141131497	26.9597759079051
6.7163114425598	8.82186790721505	9.84359131424321	11.425121608298	13.2039827716272
7.50462192956547	8.25950396249249	9.83545979565775	11.288109475281	13.07723124574
7.45310330066729	11.4435940787884	14.6655404784999	16.688631193528	16.3423061168412
3.75471255909446	6.58389725050677	10.9347343911045	13.0506881211425	15.5392557437234
3.77813517451955	6.58389725050665	8.6061977196336	10.2296955987319	10.848848421937
4.10531276488504	8.11805574647082	10.6322298485081	12.4131053994648	15.0566174943283
3.63343397412561	7.19242519370653	10.173871527218	12.133367082282	13.6366082908966
4.0748114758546	6.70173033439107	10.0940049249114	10.1608407715914	12.980044369924
5.60492119441193	7.97594831244908	10.5085839442877	11.3710420690169	9.32413201164258
4.81354163563958	7.05478254096647	10.2643811658734	13.8913433798454	15.9078500482974
4.81354189487388	7.97594831244908	8.94806184596473	12.7750727355873	14.2422187504131
4.41364344323176	8.24460395417572	14.507027708499	16.7526245079362	18.8451189862024
3.86052588928061	7.19242519370653	10.1738715272181	12.9978967481279	16.2314935365349
7.99958399221299	12.0915498744416	11.8611128407415	14.2475823650292	17.6488354126059
6.22812166151442	9.85812648768842	12.596037477443	16.1407821306593	14.6862897592926
7.45310330066729	14.2194569763557	17.1729425959855	20.3126318043451	22.5184595906539
9.97010951409663	12.4678773710622	10.5903763367716	12.6111522121425	14.5087011237101
8.02863876182141	10.4552843657686	11.9315361814682	16.2055154397224	20.3152159430223
4.10531276488504	10.7881930612288	13.3467491767615	14.8722704242901	16.0239347314296
5.06531436941231	10.9396786351463	13.3019562139282	14.222172708862	14.8118327232529
4.86754344434155	7.41444061674326	10.8233052525464	12.6229908730702	12.4479279546335
4.10531276488507	7.21980476174258	8.79708408551386	10.0378217443525	11.5451412026048
4.81354209132218	10.7881930612288	13.3467491767615	14.87227042429	17.6821358522186
8.71703179612831	13.1022064637979	16.6637694671683	18.6045112373249	19.4893942097856
4.10531276488507	7.65033134882628	12.1441353396664	15.6747498239877	17.6696354519371
3.56199160097771	7.97594831244965	10.5085839442962	12.3587802950478	15.0620996681674
4.35979645820959	7.07831539811411	8.70802327835452	12.7527033286754	13.9031511821358
3.75471255909451	7.65033134882623	9.87666905606648	12.5693916006981	13.6178672977896
5.60492119441193	8.40966273329065	9.19265826887181	9.18700301643776	9.08279480548583
2.83706806523742	5.42208226684943	8.15837615963272	11.0975252088426	12.506326354502
4.10531276488507	7.53462209633511	9.93905303757299	12.3561655753733	14.1952740466426
4.81354146450843	8.5185817042555	12.4942776859357	15.2796263978318	18.0779315272911
5.60492119441193	10.9391137099901	14.4533172981802	19.5205931785827	21.5595449449779
4.10531276488504	8.22253122671469	11.4509300000312	13.0045185178693	14.2867833167167
4.86754344434155	7.62539662745007	11.8226115885152	14.5774222260364	20.0091137429337
5.55666777382987	14.5274832254397	18.702550749055	19.9951439120006	21.249932216184
4.07481147583047	7.1651946371619	9.88448411494198	13.2994873256919	14.623618028109
3.82858188842843	7.62539662745002	9.79563307333274	10.590066405396	12.9782058273454
4.35979645821652	10.639103365472	12.4240268233729	12.9468283886879	10.9004080380411
4.52264930842534	8.24460395417572	11.6681210075802	14.0729091606335	15.4864558802154
4.97407992303215	7.66555531465349	9.82479818955562	14.230382191019	14.2891863772904
4.35979645820953	7.60236214398759	9.77104313075466	14.5001941758898	15.682986848988
4.35979645821675	7.07831539811411	10.6976823283933	13.7621241531795	15.2658940224321
3.63343397412561	7.1651946371619	10.5787390842335	14.045553810666	16.359132686382
4.86754344434155	10.2447386235374	12.9403691443406	13.8907259813579	13.5764777714106
4.35979645820953	7.65033134882623	10.0913463747828	10.9873312008925	11.7745529321755
4.81354209782603	8.82353597255957	11.784862994275	11.4345883481607	12.0153131959502
10.7441500874024	20.7443921912594	21.0962009733762	21.5024258995131	20.4696927265048
13.0063865459787	15.6135945153297	16.0146933697786	18.5148534917423	17.4703303081865
4.07481147583661	7.19242519370647	10.7145923944231	12.4167502217275	12.5878162965056
4.10531276488501	10.9391137099911	15.2463056481436	17.1030280086732	16.7519910173947
9.04165400012334	16.0128772223911	16.7972091458195	19.7641458193551	22.9463388003137
6.06762429287505	8.40419247771666	13.5820651800298	16.6024100932531	12.5210103094431
4.86754344434155	7.53301533800322	9.70597721213812	12.3357612136185	14.196928389392
9.97010951409652	12.4678773710622	12.2592574469059	13.9780734230031	13.7579334231618
5.55666777382987	7.89861996496256	9.1582630093751	10.3150344838999	11.8346413811012
4.49940548009602	8.88619247071944	11.6131246633952	14.2270331513043	15.9205833115703
4.52264930842534	8.91481884189596	13.9567165532518	16.8196428213356	17.8269975647615
4.52264930842534	7.60236214398759	13.7913892976721	15.0292814557363	17.3446832386049
8.35865935678368	10.8301463376761	11.3268378761761	12.6399965985851	13.2879682471724
7.45310330066729	9.06751741464586	11.4026144990829	13.6132111897806	15.604147246636
3.7781351745333	7.41444061674326	10.8233052525478	11.7494515544226	11.1680235388778
5.65923533924433	9.4821756631203	11.9277195926815	15.7690282997996	17.4988675878068
6.22812166235468	7.84591111607983	9.69805767642276	11.399576758699	13.2072012864833
4.52264930842534	10.4559336377987	13.1103714121969	14.9935793696922	16.9592668970404
3.26659418791002	7.15686311556806	10.6190818493446	12.9330346989435	14.3115843257583
4.35979645820981	9.7936729781145	14.7860872397248	17.5749596343044	21.5252735412367
4.41364344323205	8.18330853485003	10.9080827825494	11.4363150356486	13.0102390079813
9.97010951409658	11.1777572234467	13.9027647905835	15.6681694831806	17.4357160049354
6.15546375674143	10.639103365472	13.3448367971638	15.351659853406	17.955720567368
4.52264930842534	8.12576922405123	9.75573615849487	11.4730224945391	13.4386631510504
10.3451351860643	13.2713382811443	13.6292635036341	15.3592379212246	15.8456177547984
5.60492119441193	8.28228206149021	10.7486922922182	13.4373726174916	15.5927558373588
6.22812165381498	9.59983136470373	14.2848375399195	15.8393642748272	17.5591769179105
3.90676822122975	6.10734739262023	9.93236645787186	14.2427665180635	14.2036037253898
3.9854630512786	7.05478254096533	9.40058479353604	12.478611521915	14.7511309982495
8.71703179612837	12.2491363005989	15.1757607204566	17.1521302800309	16.7985299603584
4.35979645821675	6.98193597966781	9.52698767503222	9.40232429912936	10.0390874059028
4.86754344434155	11.6528015198835	15.436028911956	18.5297499959852	20.7625674001553
4.10127484408116	6.58024677115196	9.10497530547366	10.6144760508234	12.396245524115
4.08925456513379	7.41444061674326	10.0423346660721	10.9466749530627	12.6056438946113
6.7163114425598	10.4765161788895	12.276255691739	14.1065178436262	16.0383001435489
4.10531276488501	8.19907470592915	10.5855431020164	13.1101312181338	14.8516042818309
6.84425287419191	9.70464178985321	10.0190492877883	10.6492373214817	12.002765361895
3.86052588928058	6.61529304969645	10.8324616503139	12.5933096404814	13.0800192224042
4.97407992303016	9.05544975562418	11.8563282938608	13.6347404936782	13.5545039965269
4.30446959248758	7.88363759982474	10.3014377029589	12.5712056507342	12.6947451357782
6.22812165330708	7.84591111607978	9.96448930615497	11.6804037647416	13.5010461919933
4.81354209755762	9.7374213156196	12.1166410230063	12.7046086635817	13.2916766826614
4.35979645820964	6.76736231309081	8.14639832401724	10.3147252181957	12.0137530367131
4.97407992303033	10.2447386235374	14.7934571699572	17.5016973223883	17.7426434645388
8.71703179612831	13.1022064637979	15.0732225723602	16.0507977193518	14.6729916344813
4.974079923033	9.40159884097716	11.0971947959303	14.8494980525464	16.4188213371364
4.07481147583508	6.70173033439113	10.5561054937244	11.483797178265	12.6192286976469
3.9854630512786	7.25732376128275	9.69601455346475	11.4423711317286	13.2749229488509
6.68660703226448	11.5430145851326	13.9091706082472	15.9136025371747	17.7778392504333
6.15546375674143	11.9794379207041	16.647832063639	20.9174796541521	24.355702415162
4.35979645820959	9.04686593283839	12.1359335767996	15.5567532962856	17.9741668153568
8.35865935678447	9.20457461173601	9.8432154337512	11.3398096664638	12.9740524382619
3.7547125590944	9.70464178985321	14.4533172981802	17.6465147923847	18.7222793104185
3.75471255909429	7.90707590800707	10.9092766153782	12.0283790631972	13.6958555372289
3.40684201412304	7.66555531465343	10.9054336659691	14.3198640852094	15.342783606692
8.02863847005057	10.4552843657683	11.5884275975536	13.3920910297737	15.2785852573836
8.71703179612831	14.5484312421161	17.5318072432812	19.5923818101811	18.820371972038
7.9995839922189	14.6433392909202	16.4793179350879	17.3087442150243	16.7657387349498
3.75471255909429	7.97594831244965	10.5085839442962	12.1436283844772	12.8518792761013
4.35979645821669	6.9819359796677	9.52698767503222	11.338385004192	13.0348688657131
3.77813517451807	8.38424513868085	10.852264373768	11.4817301821003	12.3771694006863
4.81354196141513	8.05976686880922	12.5403920451488	14.0279784166995	14.0047718019879
4.30446959248758	8.03389512063291	10.0267679932844	11.9693872973312	13.0000420005896
3.90676822122975	8.23237997431607	10.8522643737693	11.6303515100051	13.3318740498887
7.95866514797677	11.1046852028726	13.8695693943216	16.5773762205652	19.3852533029752
4.86754344434155	10.2447386235374	12.9403691443406	15.7446798467747	15.951637663826
3.36441116053714	8.05976686880922	10.9674591296866	11.778566196059	9.25438447738088
4.8135420199323	8.51858170425544	11.295977236983	12.0016839368107	12.6044626645812
4.35979645820953	5.94317246337732	8.91401303588435	10.9873312008925	11.774552932177
4.10127484408116	10.2635572428484	13.705292571194	15.3672425317239	19.9330637725732
3.86052588928064	6.61529304969713	9.87667747796121	12.1086084141626	15.8799662801879
4.86754344434155	7.41444061674326	10.8233052525464	10.3107940128479	11.6980593006099
5.60492119441193	7.77120007560336	9.90875868492049	12.9978967481278	15.4638007028935
4.35979645821669	7.60236214398748	11.2812566248243	13.7269859075615	16.7685617105832
4.97407992303221	9.43405517214529	12.2019185012833	14.0882540555348	15.5252188496507
4.35979645820953	8.24460395417572	13.0054619301068	14.7808267159627	14.7562886773343
9.97010951409658	11.7949519912253	14.4288024678453	22.6947511167427	25.6618453628744
4.52264930842534	7.73559069362176	10.6262344892233	14.1253287797405	16.1680528375385
4.10531276488507	6.49434152314802	8.77405721162575	12.8018943485408	14.3642541015411
10.3451351860643	16.8462543657115	22.1544266859873	23.9510639445841	26.4281735014762
3.8285818884284	7.49820107167579	10.7335103038521	12.8648037106867	14.5887023667201
4.35979645820953	10.639103365472	13.3448367971639	15.0023070710044	16.8741768310863
4.35979645821681	8.24460395417577	13.0054619301068	14.7808267159607	16.4985965233697
3.86052588928058	6.33247811697851	10.049290589277	14.2391416534078	15.7750883753721
9.04165400012329	11.1318368685114	11.0478051234199	12.9330346989433	14.3115843257598
6.06762429287505	8.41849081017511	12.2791900624021	15.797431040683	17.0764884463696
4.35979645820947	9.08759499891102	11.6768587919806	13.532326916555	14.4997608568675
3.7547125590944	7.90707590800707	12.2669608455089	15.1434417760231	16.7898535828068
3.77813517455735	7.41444061674326	9.70597721213818	12.3536725468674	17.7315604911697
4.08925456513379	9.13746039358534	11.6853451133606	14.1239868767868	16.21387979337
6.2460887021835	8.56178770367416	10.9564485160386	13.3269486640683	14.2887006273789
13.0063862116374	13.9726182937335	13.2794056873469	14.4090592049622	14.8514591740768
3.7547125590944	6.58389725050694	9.59142661441047	11.4726884169613	12.7058133563599
3.86052588928061	9.04686593283844	11.006324726082	14.8834406293875	19.8335621650245
4.35979645821675	8.24460395417566	11.0611006188605	12.605900271152	15.5524718094915
4.07481147586705	9.2326924207523	16.1946078111423	23.2462085612189	26.2615673575017
6.22812166108491	9.64072419079747	13.8652175877796	13.4457610667648	13.9196260673688
3.77813517454695	7.51800656049062	10.8233052525464	13.6324977532905	14.7376078307178
5.55666777382987	11.5235011593958	12.2790746821508	12.2925184588086	12.9369205810621
7.50461617482682	9.84971454563714	12.0752637695066	13.661950047082	14.1812320179417
9.4645458449682	15.3149057969306	20.0667608636966	21.4374116541318	24.2009752831434
4.35979645820942	7.60236214398759	11.9747847096075	11.6258860773845	12.7181798688325
3.72522102536396	7.66555531465349	9.60557230453929	10.0974652620977	11.0730151892358
4.02211967264964	7.65033134882623	10.2884618549402	14.3411397995609	16.5799657116172
8.0286387382269	12.27893123159	13.8114139950953	15.8446446360505	17.6520011524736
6.22812166114693	11.7991795889141	17.0518687367721	18.3712528563044	14.3993839094548
8.02863876982167	14.6844118313958	17.5148834500482	16.6604652786484	15.0860328033615
4.86754344434155	7.65033134882623	11.2995063236034	12.1634513032591	12.5734252895622
4.97407992303118	8.93197012983205	10.1402389102357	11.0438703372425	11.9496942871142
3.86052588928064	6.61529304969753	10.8324616585526	13.2687887761385	15.0253410593742
3.75471255909446	8.05976686880916	10.9092766153779	13.6747146949302	15.6735544061507
7.27571544255886	11.7458328402462	12.7537523849972	13.4201835322524	15.057432135408
4.97407992303118	7.62082939176366	10.6925808790059	14.8193295980156	17.1850679410861
4.35979645820959	9.85812648768842	14.1531405712997	14.2411426806454	14.4838896032036
4.52264930842534	7.38125086962856	8.91127411531693	9.71309388124217	10.35041214099
4.81354196258002	8.51858170425544	11.9966446125288	13.8777280281789	16.8884135928632
4.10531276488504	8.12489704703859	12.9690611500716	17.8932640717901	22.3846261595525
6.15546375674143	10.3258313507715	15.4273220759849	20.4752001653086	22.9627053745796
4.81354116791249	7.58810556769089	10.6110697590527	13.2530583528837	15.137672092217
4.10531276488507	7.19565155285977	10.8141210436099	11.0836548853856	9.6107670635738
7.31716075820117	11.5219333073342	14.4908356276019	17.1008301715684	18.1101129286736
4.52264930842534	10.4559336377987	13.1103714121969	15.9523522454992	17.9589243933049
4.02211967264964	5.99085998501926	8.43155333591324	10.0704778222585	11.3176823058881
3.77813517453546	8.23237997431613	9.94866749077931	11.3815955285198	12.9343684692093
3.86052588928058	6.61529304969781	9.87667747796121	13.4090308343673	14.414057132841
3.63343397412567	6.11298718822991	9.90263103144014	13.0045185178629	15.9872098646094
4.41364344323227	9.68198651856551	13.3891911159155	13.9636527728394	14.4485716049041
4.52264930842534	7.97594831244913	10.3058348001441	12.0533421608382	12.9705510815635
11.1493421094453	17.8689328783619	23.009514665874	20.9048478188272	22.0394056329186
6.22812166189533	7.84591111607978	10.0011027418993	12.9211927272247	13.5695624460079
3.86052588928064	8.01264566749205	12.2530160743307	15.0813068677974	16.0750430014789
3.40684201412304	6.33599218647083	10.9054336659694	14.9619087763084	17.2265485086749
4.08925456513356	6.81316278311249	11.5139334214898	13.6667824453157	15.4413015015406
4.81354170963976	9.56226938605198	12.4470164168894	16.225726173023	19.8233603519962
6.15546375674143	8.24460395417572	11.6681210073874	12.2081597292976	13.6715387615858
7.50462163117362	12.7053122548734	15.7004579711284	17.5530188525485	17.1090063589951
8.35865935678453	15.178936744276	19.7631470247126	22.1897917919135	23.3278266747533
5.06531436941231	7.60236214398753	11.2812566248243	12.2878598030663	12.6408911834744
4.86754344434155	11.067488380253	16.5984863558426	18.9606556542545	21.2369354332046
4.8135419897423	10.3258313507698	14.7903910399786	17.6567202125561	19.6768064565309
4.41364344323171	7.66172728458264	11.6560734782477	13.8121758418735	13.9371924970123
5.06531436941231	11.9624239035528	17.6105735898303	19.7168507176655	20.809921250953
4.81354138000285	9.66717085177305	14.0467860917786	15.9713841845278	15.9394039020307
4.52264930842534	7.38125086962856	10.2477444349795	12.803621536959	16.7460931019531
5.55666777382987	7.94340747666445	10.5423488777012	15.8500882468487	17.3463559532862
4.08925456513344	10.639103365472	12.4240268233729	13.0045185178651	17.7181546103643
4.02211967264964	7.90707590800707	10.9092766153781	10.9428692616734	10.7607416312054
4.52264930842534	8.12576922405123	8.6061977196336	10.2296955987335	10.2672165348847
4.08925456513401	10.639103365472	14.7511738126236	17.3411396774072	19.9950446858821
3.8285818884284	7.62539662745007	9.79563307331898	13.4773322521392	13.7835490963878
4.86754344434155	9.43405517214529	12.0656974824506	13.9367816772586	15.8922238749581
9.46454584496826	10.2886566667892	13.3928280979395	18.3545062932397	19.9218952535417
3.86052588928058	6.58389725050642	7.9310296278403	9.55384238289656	10.7697699561027
6.22812166155859	10.5879636707236	15.5725987595537	14.0844703581597	13.3801010644353
7.99958399220958	13.4842658456158	19.3160871928641	21.3688586500871	23.1627319696239
6.2460887021835	7.00272720826331	8.08603416422727	13.0636653438855	14.4825319135307
4.10531276488504	7.90707590800685	12.2669608455097	15.1434417760231	13.0039202297787
4.81354186527386	8.14029804225498	11.3454116220189	12.4039558051953	11.7663376773768
4.81354208901365	6.70173033439113	8.31607056957574	9.79788918994427	11.1053149593134
6.22812165381094	9.64072419079741	15.5725987595542	19.9323326009215	22.1317628787552
4.81354186369236	11.1777572234467	13.9027647905837	15.6681694831805	15.0833156623345
9.04165400012334	15.1115554874992	18.6484139232471	22.4265643280796	23.6005085203591
5.25979861097272	9.56296257801193	14.0160048995265	16.9678862709342	18.0070552157895
4.86754344434155	10.0233679180708	14.9074324316732	19.5582447789277	25.4090416554365
4.0892545651335	9.01838704183052	14.1903527279928	16.1165208526522	18.1246219463072
4.86754344434155	7.64691978605947	9.81467491006691	11.5509395655391	13.3899571425742
3.48888466281733	5.31196542414187	8.11875257623615	10.5042247064521	12.7163764896686
3.63343397412569	7.65033134882611	11.7736663816448	13.9688575233952	15.3255706662137
4.07481147583553	9.13974092376355	10.9014018085416	12.5314258466204	13.4231977566494
12.8272366948303	15.346128202752	16.3417607987279	19.1572870367515	20.2001250906433
5.06531436941231	10.1619443220765	14.4814735532	16.3784693213813	18.356011837266
8.35865935678527	9.20457461173612	11.1732660762433	13.017583512423	15.4310133068406
4.86754344434155	8.67510878503174	14.0655419864561	16.9879281730058	19.8030595438638
6.84425287419191	10.878074504327	14.3439596033035	17.3706533634955	18.1216066824591
4.02211967264964	9.70464178985321	11.61885447869	11.6585434865924	14.1949932823985
4.10531276488504	12.2217738330182	13.0042353677314	18.1095205326052	19.9122646176227
4.30446959248758	7.19242519370658	10.173871527218	11.874345408013	11.4612670798692
4.49940548009602	8.47568530422251	12.6885206650626	15.5216558703092	18.4047967470062
4.02211967264964	8.09630829061405	10.1083122173018	10.9426116788387	10.483018703569
4.8135417502516	9.6819865185654	13.3230239603683	14.9411191837063	16.8020089138434
7.50462349454017	11.6528015198836	14.7770215282476	18.6750419601351	21.7906398181465
4.35979645820976	11.6528015198835	13.1378440723179	14.1231076026527	15.4958918777344
3.77813517454081	8.27025607370632	10.7392610976618	13.2973944211969	15.2113203896959
4.35979645820959	6.98193597966758	10.0098841617726	12.6205782237703	15.4747134227242
3.40684201412304	6.19531086640285	8.52561892487938	13.1540784577905	14.8144915584424
8.71703179612831	13.1022064637979	14.6439357475113	13.6612852063039	14.1034531838421
4.10127484408116	7.53301533800322	9.93216003142828	12.314038125766	14.1369301813352
4.10127484408116	7.31918116621688	9.93293363265542	12.702290981129	14.3885898737971
4.35979645821669	6.98193597966764	10.3684102788375	12.4470906204483	14.7787908788665
4.52264930842534	8.89024361517642	10.5634735794595	11.6720283096171	12.5800979768845
3.82858188842837	10.7881930612288	13.3467491767615	14.87227042429	16.0239347314297
5.60492119441193	7.77120007560336	9.84372984935379	12.7052731815836	14.5618940528992
4.86754344434155	9.43405517214529	11.987335945633	15.2864055389143	16.7109544008372
3.86052588928061	8.12945094446445	11.1732660762451	15.4867215287691	18.8660088149164
4.81354150498913	11.1777572234468	12.8992628419346	13.2687887761385	14.211309019577
4.97407992303152	7.62082939176406	9.65828510156888	13.5649452619002	15.1043659039606
7.50460470595925	9.84971454563708	12.0761265194012	13.9301067625778	15.3101821341405
5.60492119441193	9.28416629436509	11.7780069663694	14.4575647510438	16.3541294037749
4.97407992303147	11.9675045945361	17.6629035062529	19.8389704782639	16.4329968210308
4.52264930842534	10.1122613388638	14.5615603311002	17.531742394425	20.705106387675
2.92984590383833	7.16519463716196	9.47317880731225	11.8464539721257	14.4264378943483
5.06531436941231	8.47246382759045	10.1083122173019	11.9079649161127	14.8926155654412
4.08925456513344	8.05976686880922	11.6733291932758	14.5528945846723	16.0162442283122
7.99958399220816	12.0915498744416	14.7205521928052	16.7281333330424	18.8384563964514
4.35979645820953	8.82695445579657	13.1764345142219	15.0921293329474	17.361942717945
7.9995839922048	11.1980000117335	13.8553805546147	15.3822792449416	16.4650120859616
3.86052588928064	8.23237997431613	12.2791900624021	15.0644029700256	17.0610328363888
8.71703179612831	12.6234557011509	15.9541687538515	19.0255707557515	21.6953681913436
4.41364344323136	11.444861175224	13.2860649682167	16.3483124807329	17.9866548097794
3.48888466281733	5.97474576691127	9.29439714250873	13.3683490966097	16.352903894558
6.7163114425598	13.0727538681836	15.8659588051587	17.8388135092055	19.8926219057128
6.15546375674143	10.7314106479868	12.4624971642706	12.835016272848	12.9802775011798
4.52264930842534	9.66717085177305	9.90875868492049	12.1605992668997	14.6927608313759
4.8135420401062	8.82186790721505	11.8434230986963	16.5681977772362	22.1741940023917
7.95866514797677	10.9396786351463	13.5528293825891	15.4978175215299	14.969963274949
8.02863865545686	11.6198281048053	13.7984445545102	15.6201629728164	17.9202467288759
4.52264930842534	8.75941759587971	10.9261507350365	14.2744561660168	16.9928510713459
3.63343397412578	8.05976686880916	10.9674591296866	11.778566196059	13.1393298261576
4.02211967264964	9.70464178985321	9.6250638749176	13.6925950057487	15.0999753167829
4.10127484408116	8.05976686880922	11.0063247260821	13.4942833358152	14.8882568693631
3.18922078124257	7.16519463716196	9.47317880731219	12.5693916006981	15.9173989466732
4.10531276488504	9.04686593283844	11.4219805598332	14.9641492829711	17.2799092283161
3.1892207812426	5.77368992706067	9.82365854803851	14.6822726288267	16.8992494297873
9.0940388148918	10.7963024211248	16.8880748832776	19.0308721823048	21.2769738032335
4.08925456513379	6.81316278311249	8.06650842578728	11.674912874643	13.0071452350021
4.52264930842534	6.56840997042229	9.40058479353615	12.478611521915	13.1148411289245
4.81354197118776	6.90904628404076	10.5561054937241	11.4837971782663	12.6192286976309
4.35979645821652	7.60236214398873	9.79563307331819	12.9211927272247	13.5695624460079
4.52264930842534	7.26772860826185	9.59907282285394	12.2968987332375	15.3747290807655
4.08925456512628	6.81316278311249	7.09908893134434	7.93898373129815	9.26249059923532
4.81354202424831	8.23237997431607	11.5834443981714	13.4131573433865	13.5561369536957
4.97407992303073	7.52064567167207	9.52698767503222	10.7321502366224	12.0348576034284
3.56199160097771	6.9350116902541	9.84194555298581	11.1366562348397	11.6648709647917
5.60492119441193	10.8449596267023	13.6566806813831	16.5596560651752	17.5289164846357
3.77813517454121	5.79000619213735	9.68949961319657	11.9560412710006	13.695855537229
3.86052588928061	7.24404984777505	12.9992239340557	17.5863407998776	18.4135803563516
9.97010951409663	12.4678773710621	12.2592574469059	13.1745483104231	14.028866830493
4.81354159490769	11.1777572234468	14.9141004535343	17.8780392823596	21.0966128447625
4.81354190718918	6.37206932565908	7.55684376458936	8.897404897103	10.7431876081858
4.08925456513339	8.67510878503174	11.1232022560909	14.4803943925161	13.3071446047832
4.10531276488504	8.12489704703864	12.1699297066111	13.9319860894061	13.7473961514543
4.81354196454026	6.49434152314802	8.70627772924786	10.8426484172346	12.6655825725963
3.90676822122975	8.05976686880922	10.1880630984489	11.8596371900337	12.8134476214178
4.86754344434155	10.2447386235374	12.094477230361	15.0851330164791	16.2780132680132
4.97407992303113	8.93197012983211	11.5985166892339	12.7728829095369	13.5341764032927
6.84425287419191	10.878074504327	15.4161960716609	18.8183290741848	20.5210416647034
4.52264930842534	10.639103365472	13.3448367971638	15.0023070710044	15.9364949567577
4.08925456513356	6.81316278311249	10.0940049249114	10.8913183150704	11.5117645227022
6.68660703226448	10.7854070691224	12.597384602924	13.5412310494698	12.7202587791846
5.55666777382987	8.37353921852088	11.3164510836065	15.2139151323958	17.5507800865919
4.86754344434155	8.61456374581206	13.1617587126669	19.9070225892256	21.6370289526417
3.86052588928058	10.2635572428478	15.4161960716625	16.8907454964345	17.7035160563827
6.68660703226448	10.7881930612288	13.3467491767614	14.8722704242901	16.0239347314296
3.75471255909451	9.70464178985321	12.4878808126442	14.0263119280407	14.7089270454466
3.77813517451278	7.19242519370653	9.2570777336619	10.6774759434344	11.0420130629528
9.46454584496826	13.4768479641472	14.5260850491915	15.6461848608976	18.5714144562626
4.52264930842534	7.58810556769089	9.99432223904614	12.4080001640753	14.2481039744699
7.50462196068872	12.7053122548734	15.7439211087779	18.8172227391029	19.9304750308595
4.52264930842534	7.43534280420192	11.8299308111037	15.4913270437428	18.5452027911919
4.81354181164289	7.58703618851257	8.99250029510932	9.94645344152229	10.7916394385499
4.10127484408116	6.09922925385695	9.51873239356297	13.7151027940967	16.7973152492606
6.08618037875345	10.314029718124	13.2923211686181	15.6322651033684	17.6884363564473
3.77813517455513	8.12945094446439	11.6617642437813	14.5262202392203	17.4932043166964
4.52264930842534	9.66717085177305	12.2592574469064	15.3656976050545	18.4215108810977
4.813541976316	11.444861175224	13.63031177597	16.5851917295976	19.0329407279729
4.35979645820959	7.156863115568	10.6190818493447	12.9330346989433	15.5188740708194
5.06531436941231	6.45142756638597	7.67416046776327	8.46371194850559	9.19841431584757
4.86754344434155	8.59491076669343	12.4000791751246	16.6488195906411	18.3187015074421
6.15546375674143	10.7314106479868	13.3454515538014	15.1996142950366	17.1348169739269
4.81354209941031	9.96259451742793	14.4471226539163	16.9361335714668	19.3424362251436
4.52264930842534	6.6372868440302	9.83801161850488	11.88798836707	13.9145142645127
4.35979645821686	8.23237997431613	12.5127987829312	15.2984887688255	17.2672465598582
4.81354194297313	8.23237997431607	13.0956544872804	15.9746585329238	17.1706917782279
3.86052588928058	10.2635572428481	11.6554763121179	12.9339953235412	13.3106066440845
7.50462349139718	10.2635572428479	12.5859080802001	15.6279303011138	13.0303598297023
5.60492119441193	12.7321450802109	14.5762933764485	15.5365565068768	14.7427774235815
4.35979645821675	7.38125086962856	9.52698767503216	10.8434948044556	11.6493847453194
9.0940388148918	15.5367690769842	18.4234704909743	19.4757533633286	19.1976793349785
3.90676822122975	6.427784681037	8.05383223626143	9.25119428699122	11.8051447093934
4.81354163026202	7.53181665167415	7.86885799120131	7.27647978771881	6.85813600738669
4.07481147586716	8.38424513868085	11.3896647124896	13.1955067030152	15.0669227064633
4.08925456513367	9.40664321986549	12.5013348025399	13.2991888322427	12.8445408395577
4.07481147582257	8.82186790721505	10.5561054937232	12.5134971457369	13.1192933234835
4.81354188990463	7.19525032744457	11.8434230986964	16.5681977772362	18.2969838279515
9.97010951409669	14.4843612004805	15.8689102965912	16.8661378359016	16.4207964879822
4.81354152831119	8.89024361517642	11.4123381852245	16.5537980722141	21.6737313492495
4.81354200998942	6.58389725050671	10.9347343911056	12.7620613361301	12.2469724776686
3.77813517451978	6.56894292509497	10.0940049249104	11.2527720516676	13.31999864484
5.60492119441193	10.4493591605965	13.5103611971747	15.5649053635409	18.5580943319495
3.75471255909412	7.97594831244913	11.6733291932752	11.5648216077931	11.8356535164368
4.86754344434155	10.2447386235374	14.7980404315274	17.8095274605807	18.8642050899534
5.55666777382987	9.77836684734848	14.1621683138948	18.9067753708393	21.1178145688071
6.7163114425598	9.04712587682536	11.646431905879	13.4689935760509	14.4255394389008
4.07481147582519	7.73559069362227	12.9004802058165	14.9629772099806	9.82791546195386
4.81354208132836	9.04686593283844	11.6323763694882	14.5391147154854	15.9698056065427
3.63343397412578	9.7936729781145	14.7860872397249	17.5749596343092	21.5252735412367
8.3586593567843	12.9633288285737	17.1330907887286	19.1011777969878	20.1983284452527
6.15546375674143	8.19907470592921	11.7682505750594	14.4814330251253	15.9155137617763
9.0940388148918	9.98293452782121	14.3178580061715	15.9844515382298	17.9516638734488
4.52264930842534	7.10804429653012	11.2713392238967	11.9020265223661	11.5730156660542
4.81354193559906	8.82353597255957	14.3215195099928	18.9697699180109	20.8424828129406
6.22812164381014	8.5185817042539	11.2959772369822	12.3710094781356	13.8600459486361
4.10531276488507	9.85812648768848	12.5960374774432	10.1205008072166	12.7045593599629
6.68660703226448	10.4741887141137	12.518924008242	13.5734824462565	15.7102252148728
4.0892545651335	8.06164504002152	8.89546596291791	12.5693916006982	13.9143222292236
6.7163114425598	9.79367297811433	12.0944772303624	13.895650274791	15.6654072965871
4.41364344323205	11.444861175224	11.100953990364	10.879396588439	11.3018324782554
4.08925456513356	6.71377678593257	9.68949961319657	13.723992831648	15.5570753530419
4.0892545651339	7.51800656049062	11.5648683435594	13.8280378966389	16.212384111719
6.7163114425598	9.00701286214195	11.5139334214898	14.279393415123	16.9582262429432
6.15546375674143	11.2377678831594	15.8495624307825	17.142276937924	18.8336057798811
4.97407992303164	8.93197012983211	11.6983689972221	13.9688116509843	14.7850005065227
7.99958399221822	11.4201919928117	14.4745424129789	15.8096392873789	17.7505495767309
3.75471255909446	10.7881930612288	13.3467491767615	15.4308751909765	18.5837306355677
9.97010951409658	14.4843612004804	15.1476492851025	15.8707033001887	15.2988010544968
4.07481147586523	7.59255961711585	11.0931846495033	14.1117459381921	15.6466405499008
4.08925456513367	10.639103365472	12.4240268233729	12.6687414628551	13.9088221827041
4.52264930842534	8.10730527298045	12.1359335767995	14.0179404855167	15.4679557880758
4.10531276488501	8.01264566749205	11.2484573542147	14.6092408855542	14.2724467328013
4.08925456513742	8.04305238995892	13.6303117759704	19.440585858781	21.9302455295759
6.2460887021835	9.22203790355081	10.9068799648034	12.6059002711519	15.372240505839
4.41364344323199	12.2217738330182	14.573002873855	18.5591842609754	20.2700631654877
3.20404346061622	5.47960773339082	8.07793164916205	10.1977065191257	13.668481821801
5.06531436941231	8.64026336730456	12.5686505711962	15.3415450077025	17.3813358848702
7.31716075820117	9.79889406126847	13.6303117759725	16.0807174656886	16.9414072544714
4.35979645820953	10.7320985266152	16.0035296525679	17.3923022386261	17.1827127687467
4.52264930842534	10.1122613388638	13.2864896089992	16.272288783151	19.401135540907
10.3451351860643	15.221069552148	20.8691984190634	23.121230952594	25.5372833192929
9.09403881489186	13.8065959344506	14.9421708971028	15.9351382502297	14.6734810720468
3.77813517451563	8.06410252932454	10.6803959086856	12.0370048673416	15.2784175234213
3.26659418791002	7.62539662745007	9.62430732423229	12.12244080607	13.0115119054391
4.86754344434155	11.7515138054948	15.7168782702355	16.7516095847254	17.728400513485
6.22812145835746	8.55063116864284	12.9992239340556	19.5943195323563	20.6239629409954
3.26659418791002	6.28202347229143	9.77082779208149	11.7658257044554	13.1519426339286
4.81354202639773	8.12576922405123	9.75573615849481	10.3740986347796	11.3611229307756
7.31716075820117	11.5219333073342	15.9190322775412	16.8682617981047	16.1424577321297
6.15546375674143	12.3530720865847	17.4572263262286	19.1105230416429	19.4591901002735
7.53730659356762	14.2319019895073	15.3463026435553	16.0914552218991	17.0088881762841
4.97407992303044	11.967504594536	14.1370913138134	13.5797616468207	14.6124447582247
3.8285818884284	8.19907470592915	12.4713543718765	15.0791955815562	18.5078327272166
4.81354209863571	8.27640784132393	11.2840582817893	14.1141311296088	17.5769261706679
3.40684201412304	7.53484814309707	10.5851463913817	13.2912266758786	15.2497471981707
7.95866514797677	9.68158353284713	12.3109042763513	13.8419264463006	14.7662838546006
5.25979861097272	8.175011665905	11.6909696152041	12.9741451708059	14.3520858573851
4.52264930842534	9.7936729781145	14.8563485704335	16.3730962914619	17.7622458683537
4.52264930842534	8.89024361517642	13.1658551002213	16.0088081357036	18.0159191172155
4.35979645820947	9.56296257801193	14.9421708971028	20.0214009474161	24.4306998913524
4.02211967264964	7.41444061674326	10.8233052525464	12.8362519065917	12.0739094616575
4.08925456512992	8.315475853321	12.4942776859357	15.2796263978319	17.113781094963
4.97407992303147	8.05976686880922	11.4908975856155	14.338736280171	12.4215486226857
9.0940388148918	8.93146618881383	10.4821982797939	14.0690375602061	15.3998691359363
10.3451351860643	15.347640464771	18.3825965638028	20.5604192928282	22.1208863404362
12.1541648601118	15.720129875786	18.693709804114	21.6904911120985	23.594950625167
4.81354196818029	8.14029804225504	9.9482297875216	13.6514262658269	18.6973327953663
10.3451351860643	13.2713382811443	15.9264631144153	16.7750351715238	18.8542736658821
7.31716075820117	11.7515138054948	15.5875539679404	17.6290910463765	19.033953920825
3.7547125590944	10.7881930612288	12.2506753119766	14.4824540822022	14.3084822679733
9.97010951409658	12.4678773710621	13.9721578739951	15.8959134306989	15.8694880886188
8.71703179612831	12.2491363005998	14.5677920050595	15.5474333816642	16.1628906646196
4.81354111398281	9.04686593283839	11.5807508375083	18.1239256251813	21.0458688816743
4.97407992303079	8.93197012983211	11.5985166892339	13.3058632785387	15.432036165735
5.65923533924433	9.4821756631203	13.8546711368897	16.755457494745	18.7146291078714
4.52264930842534	8.12576922405123	10.5903763367716	15.4589680698234	17.8877148402798
4.10531276488507	11.3078323755745	13.055862667486	18.8666463829332	20.6769427950553
4.07481147583084	6.89030956633314	9.10497530547366	11.4909284326034	12.625485138608
6.22812130054984	10.2635572428485	12.462522722635	14.0687411716526	13.6221270606841
2.77937972718041	4.71860036967951	7.12037745235892	10.3759728837135	13.637508745512
4.97407992303164	9.70464178985321	13.1674337401406	16.5152277990255	17.9039778491331
4.81354207560128	9.70464178985327	14.4533172981803	17.6465147923868	19.7761555106387
6.2460887021835	7.77500421977049	9.33400166571596	11.5792205296507	13.4994451135424
6.2460887021835	11.5472684142975	15.828243230571	18.921921790781	20.2269459696554
4.86754344434155	7.07831539811411	9.68949961319521	13.7239928316484	17.249459664545
4.81354190143981	7.56896520594864	11.4964536198729	14.4357551707836	14.2221052090365
4.08925456513373	8.77109905870913	14.6739835098504	17.8419353349555	20.1157288666272
7.99958399221492	11.4201919928129	11.5744868314652	13.4308615024532	15.4888563773249
3.86052588928058	9.70464178985316	12.4878808126438	14.6346412187498	12.7218884225771
4.08925456513379	6.81316278311243	9.70597721213812	13.0542898135091	14.324974546254
4.41364344323199	6.81002135646855	8.11033221242678	11.4285764410218	14.6426324882556
10.6325156491038	18.3389366523763	18.3356173543058	20.729686558331	18.50013190597
4.81354204033829	6.61529304969764	10.8324616585757	13.7151027940967	16.9422409140346
3.56199160097765	7.62539662745007	9.7097534056287	13.8906510990477	15.395489304087
4.86754344434155	8.63603170086583	12.3310177302047	15.0351521871154	18.543148339637
9.09403881489175	10.7963024211248	13.4036733040139	16.5681977772362	22.1741940023918
4.35979645820964	7.60236214398759	9.92370122038579	11.970763459411	12.9369205810621
6.7163114425598	10.599100181293	15.0792962577461	18.6869855560374	20.0360576419386
6.7163114425598	10.599100181293	13.2102705945913	14.130908776322	14.1529540944464
6.84425287419191	9.22390296091817	10.93153964381	12.6496093767429	14.8606091478369
9.46454584496826	15.9903642207476	15.2205180541126	18.9809632370536	21.2924602584311
4.10531276488507	6.49434152314797	8.77405721162575	12.8086111317902	15.2212335317256
5.60492119441193	8.28228206149021	11.7682505750594	14.4814330251248	18.7314243473176
7.9995839921923	14.1541500405006	17.1138808872713	19.2899786259929	20.2654033929373
7.95866514797677	10.5041313842599	10.6145952487341	10.7758862507347	12.6411421767619
4.8135419350977	10.7881930640285	13.3467491767615	17.3149055204762	19.7314211572309
4.81354180539807	9.70464178985316	13.1674337401404	16.5152277990304	18.8019163412256
4.81354191306838	11.1777572234468	13.9027647905835	14.6694118744313	12.6318611890803
9.46454584496826	15.3149057969446	16.1706233637885	17.5750580679618	19.1650165053857
4.41364344323233	10.9391137099866	14.9952002807968	21.0258931246303	22.3409835674011
4.41364344323091	8.18330853484997	11.5834443981714	13.592903283481	16.0359857986925
4.81354201478825	10.639103365472	14.2475658538747	17.1545874531711	19.203899826062
4.10127484408116	5.92052235798116	8.1968298290958	11.5185073098922	12.6286385511969
7.50462273046742	13.8683105814669	15.6781684959293	20.04040091603	22.6168007198313
4.35979645820953	7.07831539811411	10.7465379757709	12.9677752582544	14.8897375274595
4.35979645820953	7.60236214398759	11.9747847096076	13.8313686554452	16.8632884426861
4.41364344323227	9.56296257801193	15.9035250263136	19.2402029714534	20.9609804056378
6.7163114425598	11.8378693531206	12.7501678462799	13.6353778270777	14.1858286660901
4.02211967264964	9.56226938605198	11.7933664722594	13.5627388428962	15.4217102257996
4.97407992303033	9.05544975562418	14.7934571699572	17.5016973225517	17.7426434643797
4.81354190498649	7.0169972239687	10.2460746918836	15.2770343022179	18.5414196883095
3.86052588928061	5.62374326071472	7.65730472638188	11.6256435885238	13.4008188139619
3.40684201412304	6.33599218647089	11.0063247260819	13.4942833358152	14.8882568693668
6.2460887021835	11.0007676721581	13.941756016946	17.0132530760178	20.2098169067832
6.7163114425598	13.0727538681836	18.7570390052388	20.8505601601552	23.0252771330145
3.77813517451511	8.01264566749205	10.4366458865172	12.8235794228507	14.7217079471638
4.97407992303209	8.19907470592915	11.6454144916793	15.6998160822626	19.6044819331282
4.41364344323244	11.444861175224	17.3598619073022	20.549319129584	25.283676277673
9.97010951409663	12.4678773710622	14.385776806302	17.0211998094412	19.1192745134352
3.63343397412581	7.19242519370653	9.45331151056621	12.9025447973466	15.650489513626
4.35979645820953	10.2635572428482	12.5859080802001	14.4711786705963	15.5060717124651
4.35979645820953	7.60236214398748	11.2812566248244	11.6740722617841	13.2999310265367
4.81354190570494	11.1777572234468	16.0218449240415	20.9101776222252	24.1093776952868
4.10531276488504	12.2217738330182	17.0005859742299	19.0173412624401	20.7096115691254
6.22812165833994	9.45360656477158	12.0206805434206	14.1859547773442	18.193618551487
10.3451351860643	12.2059196537728	13.0395625046386	13.8444234787436	13.9146403359065
4.35979645820964	7.90707590800713	10.909276615378	12.5109241297638	14.6783912213753
9.97010951409669	13.9913583351575	16.947709576716	19.041641692549	20.1271096179643
7.99958399220884	11.9568201572619	14.6801542850394	18.6409723264354	19.9075429184279
3.82858188842863	7.41444061674326	10.8233052525464	13.4773322521389	16.9887443369191
4.97407992303425	8.47568530422251	13.8748967916919	16.3968954468986	18.4363738491686
10.3451351860643	13.2713382811443	13.8262767732662	16.7000687733141	18.7918144525583
4.35979645820953	8.82695445579651	13.1764345142219	15.0921293329474	17.0913128313238
9.46454584496831	15.9903642207381	17.1580616527678	17.6051660915134	19.6026462140222
4.35979645820947	9.70464178985316	12.4878808126438	14.0263119280407	15.8470819053483
3.75471255909446	7.90707590800707	11.6733291932757	13.0189896295412	16.1365578724395
5.06531436941231	8.24460395417515	11.5215844954934	15.5324495640809	14.5035776582648
6.15546375674143	11.5368359178595	16.9854603281917	20.023514930382	22.1592278653536
4.08925456513384	7.51800656049062	10.5561054937237	12.5832888122389	14.793367460222
8.35865935678441	10.8301463376761	12.075263769487	15.5613658997204	14.1812320179417
3.82858188842843	6.36598880522888	8.47864460647543	11.4728079780094	13.5396008502693
4.10531276488504	6.49434152314802	9.93236645787186	15.4353095915898	21.1849879569475
4.35979645820953	6.98193597966753	8.92939558345603	11.3743060103525	16.4489927390437
3.90676822122975	6.8016863189971	9.70597721213812	13.0542898135078	15.2964212988155
6.22812160233741	7.03500474367837	9.51873239356303	11.2747086082236	12.6770135743316
8.71703179612837	9.42508009713538	11.9956106206677	14.4302993152758	15.9900276794045
9.97010951409658	11.2560549063376	10.0745115048448	11.0882215388716	11.4545470373106
4.41364344323159	8.14029804225493	10.3675853123719	10.8793965884389	11.5004950133151
6.22812165363575	7.84591111607978	8.33402727158921	10.1899776099335	12.1995790463507
4.10531276488504	12.2217738330182	18.4777110858599	20.895634472281	21.6722601512012
7.99958399220844	10.1245633281885	13.0715883559258	16.1320563015342	19.4887298565599
12.8361522155517	17.3961097348654	17.50696212951	19.7593279026098	21.983587059603
4.10127484408116	11.3355016738872	14.2493489166507	18.221428647504	20.8160640843162
4.97407992303221	7.62082939176344	11.4562008215589	13.617310240652	15.7698584685084
4.07481147582402	7.65033134882617	10.0913463747836	11.8067659546341	13.2958156327647
4.35979645821675	7.15816748707795	9.67630191090228	13.2170401005266	15.8202211115607
3.60473679561659	7.17584010114558	8.70722892279002	10.5042247064521	14.7305091904972
4.81354175807627	6.81316278311249	8.89546596291797	10.3177579386823	12.3296194214628
4.81354209704921	8.04305238995892	11.9747847096075	12.2795992930861	11.7739175878565
4.35979645820953	8.40419247771666	11.1095749758306	12.9381757683808	13.8988691519365
9.97010951409663	11.7949519912253	12.6508217353409	12.153157560103	13.5745533695153
4.52264930842534	8.12945094446439	11.1732660762451	12.0217802652604	14.1919351205414
4.81354208574669	8.02677291845265	9.8236585480343	14.6822726288269	19.697273924988
7.9995839922143	11.4201919928107	14.4745424129787	15.1841973761451	21.0465386883927
3.7781351745196	6.10734739262023	8.69497837214163	12.7728829095365	15.0682905495206
4.86754344434155	8.67510878503168	11.9956106206678	15.9925943703699	17.6826588050281
5.06531436941231	7.55607662432169	10.4693925415505	10.6431950146278	9.58410172422992
7.99958399220498	12.0915498744417	17.1330907887286	19.1011777969877	22.9297036496865
5.60492119441193	7.10804429653012	12.6641480509801	15.5285865461214	20.8426715577617
5.06531436941231	9.39530485993333	11.8919598287084	13.7151027940967	16.9422409140347
4.02211967264964	9.12701954702982	10.7602209417196	13.4098516366972	16.1409506848609
4.52264930842534	9.45763502092694	14.7588368437512	15.7485835204577	16.3563662541667
4.97407992303152	11.967504594536	14.1370913138134	14.1685594326729	16.2572152896718
4.35979645821646	11.6528015198836	13.4376494189688	14.8875176825102	16.4503156468322
4.49940548009602	8.88619247071944	10.5901950081484	12.3931405004216	14.1928054752965
6.06762429287505	7.2765037710767	8.28461683576052	9.80861349478067	10.8092360431156
5.65923533924433	9.96259451742793	12.5962190355705	14.4920220918744	16.3145328313134
4.52264930842534	10.4559336377987	16.4860825100731	17.5071619934363	18.2760335539457
4.08925456512981	7.2440498477751	12.3959647010191	16.2400055600052	17.8775794650789
6.15546375674143	8.24460395417515	13.0054619301069	13.1057394862767	11.0561033264902
8.02863877732659	13.7205668487434	16.6190521818876	18.6636309485163	20.8829243418877
6.22812165796512	9.86932218875182	15.5725987595537	17.9797576668546	20.769400700508
3.86052588928058	9.40664321986554	11.673329193276	14.544287004844	16.9053055263323
5.55666777382987	9.69744424478444	11.885106510101	13.1854487304471	14.2364217688317
4.81354207735063	8.51858170425544	11.9966446125288	15.1482034588224	17.1479661731803
4.52264930842534	8.89024361517642	11.4191298470793	13.7151027940967	17.4004665018649
3.86052588928055	9.0468659328385	11.8028207022455	13.9179066694308	15.3090455532205
4.08925456513361	9.04686593283844	14.0998142047118	16.4569025237075	18.1254080434515
4.86754344434155	10.0233679180708	12.6893671612917	15.283628286789	16.5034145753739
9.04165400012334	14.9822858163249	19.8958867417736	22.0306603244214	23.1332171206964
3.77813517452267	10.7881930612288	13.3467491767615	14.87227042429	16.0239347314296
6.84425287419191	9.22390296091817	10.93153964381	12.1061067650977	13.967285929534
6.68660703226448	12.5170161845875	19.3968840947874	22.7335694605214	26.2947941172649
4.52264930842534	5.67177795084575	7.45591420478536	9.19032172663162	10.8175303933742
4.86754344434155	9.70464178985321	13.1674337401404	16.04160504591	17.894694838526
5.06531436941231	10.9396786351463	13.5581175598521	16.35941758544	15.7394195057199
4.35979645820976	9.78391166914002	14.5070277084984	16.2836303055273	17.5120542570124
4.81354205092634	7.97594831244913	11.1935225458837	12.9640928044478	12.5248383013128
4.08925456513373	6.81316278311243	10.2023701297302	10.5138419031979	11.3542143859105
8.71703179612831	11.2593771459682	12.3169971383297	12.5012850815138	13.3191406686022
4.10531276488507	8.47568530422251	11.4119679365837	14.1518713777901	16.5631115426936
4.81354164818748	8.05976686880922	10.467890520248	11.6647945868786	12.8281700217367
4.81354148846572	7.38125086962856	8.91127411531693	9.74110069224582	11.4104151835617
11.1493421094454	19.3799835608747	21.3467347307037	23.6298158212331	22.722214834992
4.52264930842534	6.56840997042229	9.51873239356303	12.8719385995603	14.3399774428306
5.25979861097272	7.84822569612135	9.30908648870212	12.7320539431324	16.1409506848608
5.06531436941231	10.9396786351463	15.3593459972199	18.2806267199642	20.3378890899835
4.35979645820964	7.49147572229242	10.8881344510031	11.9290716591763	14.2881745838681
3.9854630512786	8.23237997431607	12.2791900624021	15.0644029700255	14.6862897592927
4.49940548009602	9.70464178985327	14.7660659968433	20.053687022363	22.3803897079281
9.46454584496826	15.3149057969449	13.8057987087524	13.656615264138	14.9731104168739
8.02863875284834	10.4552843657686	10.7245626042206	11.874345408013	15.0175901943713
9.4645458449682	10.2886566667891	10.3839319863717	12.1006681461319	13.9300126404835
3.7547125590944	7.51800656049056	10.8881344510031	12.8777888057693	13.8460738558579
4.08925456513373	9.70464178985321	11.6188544786902	11.4339602535805	11.4931865838207
4.97407992303118	7.52421370292348	10.3226907543904	12.4437809323359	14.2627519700959
4.86754344434155	10.7320985266152	14.7210957573845	19.0798428364816	24.6069036255768
5.65923533924433	8.82186790721505	10.7422886624004	13.4102704084833	15.3200647830214
4.49940548009602	6.46227004831297	8.83690617617771	12.0522506271751	14.2132470823984
8.02863871411006	10.4552843657686	11.6799473259459	16.2247088443669	18.7646158663807
4.81354129528302	7.41444061674326	10.0423346660722	10.7321502366224	12.0348576034284
3.36441116053771	8.05976686880916	10.9674591296866	12.8431366998717	16.2946203937671
6.22812166285337	12.2438424119389	15.5978764719528	18.3377414214793	20.5396394644889
4.35979645821675	6.98193597966764	9.55171580562279	10.5642870801673	12.0691587144402
4.97407992303073	11.9675045945361	14.914100453528	17.6767729003828	16.3702048319921
3.18922078124257	5.85901806611042	9.39592763993971	10.5861495489502	10.612478387071
5.65923533924433	7.8265501437686	9.94822978752165	11.7605328532618	13.5785335865078
4.08925456513373	7.26772860826185	9.90362639547379	11.9610580192121	12.7099905560782
12.154165002406	16.5110527008616	17.1809803277615	19.0283976573909	22.1879137661057
4.86754344434155	7.08100111750235	9.0389871296984	13.1540784577906	13.9542454026628
4.86754344434155	10.2635572428483	12.2865799555047	13.9367816772586	14.9279523749511
6.22812159534448	8.18330853485003	11.5834443981713	13.4131573433866	14.5448793632511
4.07481147582774	10.7320985266152	12.737105667733	14.4406894744366	16.0652827568153
3.56199160097771	8.06164504002157	10.318225421844	12.8647882498785	13.8141687906615
4.07481147582001	8.01264566749205	9.77367109740823	9.71951100417743	12.9800443699624
4.97407992303215	6.26609262448369	9.88448411494198	11.5230830679024	9.93646060174677
3.63343397412581	6.49302102554202	11.7736663816448	13.9688575233951	16.7747287778798
7.50461707587067	12.7053122548734	15.7004579711285	17.5530188525485	16.0079801533815
6.7163114425598	11.412690951871	14.0850275474784	15.9778832799685	17.7772644528609
3.7547125590944	7.39048556683053	10.4355032076983	12.9537204045542	16.709402199749
4.02211967264964	10.4765161788894	14.9145913623747	15.8904899577807	16.386129561217
6.15546375674143	9.05544975562418	11.0084012078654	12.74809721249	13.6582846116253
4.08925456513379	8.04305238995914	11.4509300000312	14.1859547773442	15.322344598338
8.35865935678493	8.07945423502304	11.4119679365838	13.6257457631592	15.8723195441171
3.48888466281733	7.156863115568	10.6190818493447	12.1919991488195	14.3550419297405
4.81354191767753	8.67510878503174	10.3796073111413	11.674912874643	13.0934384157634
4.52264930842534	9.56226938605198	13.0621998641143	17.3633704314168	20.6881695671912
3.48888466281733	6.06465206466146	8.59187301514584	12.8018943482006	14.3642541015393
4.81354205717838	8.51858170425544	11.2959772369829	12.2868542195312	12.9367698813575
7.50462291871963	10.6391033654722	15.6469446734632	17.9267851473677	18.6805198549592
8.02863810864039	10.4552843657691	10.7858342016156	12.4300506080385	13.6178672977896
3.82858188842837	9.40664321986549	13.3131590210757	15.6062683985613	17.0826675034528
4.02211967264964	9.56226938605198	11.2362374216649	12.1600502841362	13.0511157547757
3.86052588928058	10.2635572428488	12.9969588940209	16.2016182778723	17.7482197020633
3.86052588928064	9.04686593283844	12.2791900624021	15.9925943703699	17.6826588050261
6.15546375674143	8.91481884189602	12.4223909720629	15.2240500973083	17.6746586236328
3.56199160097771	8.05976686880916	10.1880630984499	11.0041349269375	12.7823505624338
3.56199160097765	9.40664321986549	11.8731818872886	14.4824540822017	17.9828905016837
5.55666777382987	8.12576922405123	10.4417852539389	12.1842577624572	13.0947274129567
6.15546375674143	9.93720483694807	12.4898686547986	14.3037633554105	15.0861228606389
4.81354209526029	8.06649490657259	11.908229981499	14.9084348173009	14.4646449792541
6.22812165522237	9.45360656477152	11.9619856322656	15.4155996881374	18.6521614807962
4.35979645821669	9.08759499891102	9.93905303757299	10.7930329597932	10.7528118243563
4.81354134579709	7.65033134882623	11.2812566248244	11.8067659546475	12.4760831791708
4.86754344434155	7.38125086962856	11.2995063236034	12.1634513032591	14.5626502692906
8.02863875396389	9.68056659582277	10.3639865780018	10.109414414298	12.4879789626933
6.22812164736541	7.03500474367843	9.28687275129471	12.1086084141626	15.8799662801879
6.7163114425598	9.68158353284724	12.3109042763512	14.924617061593	16.4223155775402
7.53730659356762	15.3553583268308	19.5835180464393	23.2923254999092	25.0060973231948
4.81354170481416	10.3258313507715	15.4273220759849	20.3116864919865	21.797307630414
3.40684201412304	7.05478254095863	9.1049753054748	11.4909284326033	13.1393298261576
4.02211967264964	8.82353597255957	12.9474821550046	15.6930699612698	17.6329597200323
4.07481147581953	7.73559069362199	11.6909696152048	12.3254484238781	10.9837321693987
8.35865935678464	12.2438424119389	14.7142331815307	14.0081202041644	15.6888765629733
4.08925456513373	10.6391033654722	14.7511738126236	17.3411396774008	19.9950446858823
6.68660703226448	9.10355843325971	10.8383329424626	13.2687887761385	16.9576647490881
9.97010951409663	14.4843612004805	17.2737840672187	18.3159456982122	19.1195809857977
8.35865935678459	12.9633288285746	16.3960755990929	18.5776945984895	20.7580521663289
3.77813517454268	7.58810556769089	8.57696974695256	11.9892393360073	13.0072689093586
4.35979645820964	6.98193597966758	9.70597721213818	11.8596371900337	12.6896219020922
4.41364344323233	11.444861175224	14.1510155786223	15.7596399203211	16.8979661494906
3.86052588928064	6.61529304969963	11.5358768908067	12.2678371668394	14.1971269956738
4.81354193057177	9.23386003850453	12.2902334582601	14.406805176563	18.6533715745545
4.35979645820964	11.6528015198836	13.4376494189683	12.5193455565421	16.4503156468322
3.40684201412307	6.19531086640347	7.79307917690977	10.715588000949	12.7340738820125
6.84425287419191	10.878074504327	12.6712975142602	14.4302993152756	16.6761358573586
9.97010951409658	11.7949519912253	13.4984055090868	15.3543102834614	14.5910278675738
4.41364344323188	9.81141598477751	12.4257385395671	14.2949288035699	15.2685137760078
5.55666777382987	11.9675045945361	16.1858519510787	24.9395502727673	27.2178039592733
4.86754344434155	10.2447386235374	15.7439211087779	17.7813134117131	16.4801848944174
3.77813517452665	6.11298718822997	9.30908648870212	13.1854487304508	16.6832164555662
4.81354193486561	8.47568530422251	14.2440632852663	20.5328098670419	24.9712421813105
3.60473679561659	8.09941539209382	10.9110219962974	12.6983599423629	12.6503969106543
3.4428293447624	7.53462209633511	9.31489055885203	9.95661493060345	9.76250809779788
4.81354188563807	6.81316278311249	7.7846200754542	8.93901059943238	11.4039126550518
4.10531276488504	8.99968568751643	10.0344307800614	13.4149550450463	11.3541803247729
3.18922078124257	5.48746153520426	7.21213263893844	9.66879088674978	10.5168876161716
6.06762429287505	10.2475449257295	14.8199625299818	19.108229875106	21.2190560210255
8.02863871693614	11.6198281048053	13.7984445545102	18.4568730881601	19.8573951666816
8.71703179612831	12.2491363005997	14.5677920050589	15.1847709889516	15.1364841493301
4.81354167923996	7.60236214398748	11.9747847096075	15.285347472035	16.8866290357544
5.65923533924433	9.52175637032474	13.0621998641145	15.9514152885661	16.9733811415745
4.97407992303215	9.05544975562424	12.3310177302047	12.3561655753733	14.7698543799282
4.52264930842534	8.12576922405123	8.89008493857688	9.05882031359067	9.24667356926562
4.49940548009602	7.9070759080069	10.9092766153779	13.2687887761385	14.2113090195734
7.99958399220799	12.0915498744417	14.7205521928052	15.5820392056057	15.9034485780285
4.35979645820953	11.6528015198835	17.2402920652278	20.0386742822911	22.6582554606488
4.35979645820964	8.47568530422251	11.386546172487	13.0512189906855	15.2985853274258
4.81354170871077	9.23386003850453	13.4542778315823	16.8407971926857	19.290547220872
4.41364344323176	9.68198651856557	13.3230239603683	13.3980096906853	14.3977132775647
3.86052588928055	7.97594831244908	10.5085839442876	12.1299724479694	14.7153659066619
4.08925456512657	10.639103365472	15.6469446734631	18.5813267137423	20.3586524231133
4.81354188483664	8.04305238995914	12.3310177302047	13.2270810395327	14.3236376212747
5.25979861097272	7.82655014376866	11.1923993453362	14.0135446939465	16.3267588605099
5.65923533924433	9.4821756631203	11.194579937467	13.6925950057487	17.2162971333976
4.08925456512696	6.81316278311249	9.70597721213812	13.0542898135082	14.8642385569254
4.07481147586441	9.79367297811444	11.8220559820342	13.0794313135834	14.4108601807715
4.10531276488504	7.16519463716196	11.2271035938175	13.4284599836038	14.7740917378378
4.35979645820964	6.98193597966758	8.5521210320511	9.50740484800565	10.4400359167403
3.56199160097765	7.51800656049062	10.6347796360714	13.9457759900934	17.8674306475134
3.4428293447624	6.81298778585898	9.05821233644104	11.5189934463128	13.7400132180613
4.08925456513401	7.58806000017046	11.5648683435579	14.670858211403	17.6311727464416
6.22812152267915	9.81141598477751	14.7864596965954	15.7225420779689	15.9660226412592
4.02211967264964	8.82353597255957	11.2631402688473	13.0019949670035	13.7070075329146
3.26659418791002	9.10683702810633	12.4722059000916	14.6805909089989	16.8469512729762
7.99958399221242	15.0032632603374	18.4916615584082	20.8007700868413	23.5443056791406
4.35979645820959	6.98193597966764	9.32968962170492	11.0256203480143	12.8337444380563
4.81354189965577	7.66112119233469	11.4562008215588	14.1852826051816	22.0270374568736
6.2281215862655	12.2438424119389	15.5978764719528	17.6009957133566	18.6379702346086
7.99958399221384	9.11139134739039	8.43584350542511	11.572648891998	12.9732272456297
4.97407992303101	8.93197012983211	12.3820127536677	16.4801862077996	19.634486343884
4.81354209042286	11.444861175224	14.1510155786223	18.0913849350006	21.3884195850391
9.46454584496831	15.3149057969441	16.1706233637885	17.5750580679612	16.5639491666396
12.4608711022285	18.3451386166357	19.5429503885383	17.4530049825469	17.1290304986403
3.8285818884284	7.55607662432169	10.7188570293899	13.2687887761385	15.0253410593805
7.50462336799058	11.1046852028726	13.6739614459982	15.5952993320573	17.6077897625249
6.15546375674143	10.7314106479868	12.4624971642706	11.9005661944308	12.2547974318114
8.22735073380937	10.0322737566113	11.054642851819	12.8041455951133	14.7152291011628
4.08925456513396	8.04305238995914	12.3310177302047	14.1616259007334	14.3309811083046
4.35979645820953	8.27640784132393	12.1181818129442	14.8041293825161	16.7856899782245
4.0748114758234	7.59255961711574	11.0931846495033	14.2934853193302	15.3637745200007
4.8135420863631	8.89024361517642	13.1658551002213	14.0208328164375	13.795753702651
3.86052588928061	10.263557242848	15.6051995792291	17.9328530704739	23.0605107069055
4.35979645820964	8.64602429912537	9.99749671397706	10.2329424568255	9.9852758493214
4.07481147582001	6.21680773934253	8.44648494862867	10.7419238326377	13.0268821712516
3.82858188842837	8.05976686880922	12.276255691739	15.4052162122299	18.4491584669955
4.81354209221774	9.04686593283856	14.0998142047118	21.0807878618205	24.1474021331359
4.35979645821675	9.85812648768848	14.153140571299	16.954390107988	16.9030679358381
2.7793797271774	4.66322072472906	8.1364036258031	9.33315419079054	9.01074720879274
4.41364344323239	11.444861175224	14.1510155786223	15.7596399203211	17.2858109942194
7.95866514797677	10.4926917923519	12.9418146989177	14.3436526999388	15.8538659895152
4.86754344434155	8.63603170086583	10.3338098191276	10.3909059175803	11.4027928621221
3.3644111605368	7.19242519370653	11.5737695343622	15.7110677264657	17.1978034418572
3.8285818884284	7.10804429653689	11.2713392238965	12.4719673694367	13.8139797778338
6.22812147448838	9.59983136470373	12.2357963738332	14.9629979192873	14.8367306381233
5.25979861097272	8.89024361517636	14.0561178238528	17.7555571912485	18.8010181106236
4.81354209391577	6.96705494929967	11.7682505750595	12.553741776136	12.7955196965848
4.81354194949012	7.66555531465349	10.5172526833319	13.4085704212604	14.2127892841418
6.22812165565091	8.22253122671469	10.7349768781315	12.5413220899312	12.5741781805765
4.97407992303044	8.06649490657259	9.72444441224968	10.5913624014299	11.4644894634927
6.7163114425598	11.6452536044734	17.3836546208657	21.0297278553545	20.5663597065444
4.49940548009602	10.639103365472	10.5901950081484	13.4149550450463	14.7991020490505
7.50462318598932	8.88619247071938	13.268317484182	14.2332535298547	14.7991020490505
3.90676822122975	5.67236174310364	8.94806184596467	11.1208807919836	11.2206508424147
3.63343397412561	6.81227081093988	9.15065100740412	12.6066989335652	14.6828181249955
6.06762429287505	10.0586924911375	12.7497959509699	15.5649434657909	17.608973048688
3.7547125590944	5.67177795084541	9.09721902366567	10.5586851319541	12.0965436679716
4.08925456512975	7.19565155285966	11.5648683435601	13.4285419343528	14.2159579914165
9.97010951409663	13.3688198480655	15.8404595840698	17.8459185270144	19.8513367622772
4.86754344434155	11.1777572234468	13.7476880223711	15.7013535639202	17.489161648666
7.99958399221242	12.6415657974887	15.968563712644	19.0176978515408	21.4196279144585
4.08925456513435	6.81316278311249	8.89546596291785	9.05465455690739	9.91816908014488
4.81354191045625	7.90707590800713	10.9092766153782	11.8625897622125	13.7839265033282
4.52264930842534	7.9070759080069	11.6733291932759	13.2521802887388	13.5178577252136
4.81354207843913	11.1777572234467	12.8992628419347	14.0813702895235	14.3511570392872
4.35979645820947	8.24460395417515	13.0054619301068	14.2807183287746	17.5126678218405
4.81354173103489	11.3355016738872	11.8959938439696	13.9254154105201	15.786054926002
6.2281215667403	10.8449596267023	13.2130315939449	16.5232179405756	18.5501448072034
7.95866514797677	12.268005415239	14.793457169957	17.5016973205495	18.4223973114202
9.97010951409658	11.4201919928131	15.6972331355148	18.6902404086731	19.7409393557109
4.81354174565291	9.04686593283856	11.1935225458842	15.4308751909765	16.9271672671736
5.60492119441193	10.058869076296	14.2291240425551	15.5768995503406	17.5785534271832
13.006386549345	13.118804062423	14.7588368437513	16.2970604528392	17.3068099357943
4.08925456513327	11.52564637615	14.584128070816	17.9336067189858	18.8999302873833
3.53017056093091	5.47960773339082	9.09721902366573	12.0088112730127	13.3510692236557
3.75471255909446	6.58389725050694	9.2083440443879	10.2159984893406	10.2052181725154
3.86052588928055	7.65033134882623	10.1738715272181	12.9795512819537	14.1783355148691
5.55666777382987	12.5528644470793	17.5094460545381	19.9667537690236	22.3576120201911
4.35979645821686	7.60236214398878	11.2812566248244	12.1517057578635	14.0651051819607
3.86052588928064	7.25732376128275	9.69601455346481	11.4423711317286	13.2749229488509
3.7547125590944	9.7936729781145	12.0944772304257	15.0851330164789	16.2780132680624
5.06531436941231	8.98130358419462	13.9979558730579	18.9116617168514	21.3622320769105
4.52264930842534	10.4559336377987	14.9384014161311	17.9029108449254	19.9908676393392
4.86754344434155	11.7515138054948	20.4239409987052	27.8769671014232	29.7205876663044
8.35865935678476	10.5216311631779	11.9903127522303	12.89328006983	14.8151514371417
3.77813517452375	10.7881930612289	14.7998837466749	16.7001306992745	18.4566740362374
13.00638610188	13.0310884539792	15.4161960716609	21.2491144973209	22.9272468978336
3.56199160097771	8.06164504002197	10.5199101950345	13.9852128724025	15.5570753530497
4.86754344434155	7.08100111750235	8.27223498211316	10.2745248790346	12.2065824743991
4.8135420054042	11.1777572234467	16.0218449240415	17.2268504484126	18.2494970150153
4.07481147582345	7.56896520594864	11.4964536198729	13.2385457983526	14.1444737745023
9.97010951409652	11.7949519912253	16.505976340797	15.2798672154339	13.5918408951932
4.86754344434155	10.2447386235374	12.0292577768245	12.9584008292589	13.0027908696676
4.86754344434155	8.63603170086583	11.9619856322657	12.884991733716	11.9194115609846
4.8135419273508	11.1777572234467	14.9996193886413	15.9928997557892	17.0028200032542
4.07481147585767	7.19655119622172	11.1761065524973	13.0319838572359	14.9492428016335
4.97407992303113	9.05544975562418	11.2959772369828	12.0016839368106	9.16619731906849
4.35979645820964	7.60236214398748	11.9747847096075	14.2763881476388	17.4694727087498
9.09403881489175	9.98293452782121	9.30908648870349	13.185448730447	17.1513311645983
7.50461580076473	10.8172573692332	13.7672183512321	15.6798366616662	17.1828607768392
4.35979645821681	6.98193597966758	8.71005466175865	11.9498216390648	13.5674156052628
4.08925456513327	7.62539662745007	9.7097534056287	12.9084622650655	14.2596034125638
5.65923533924433	9.70464178985316	11.6188544786902	12.6481731686063	14.539756275325
5.65923533924433	9.4821756631203	10.3319212439716	11.3383850041938	11.402792862122
4.10127484408116	7.88363759982474	8.43928103286521	10.4456893129725	12.1613239043033
6.22812147341375	8.64026336730456	11.0748573792574	12.478611521915	13.0352416598047
6.7163114425598	12.2438424119388	14.9145913623747	16.8824194879922	18.8718564056919
9.46454584496831	11.4965650619876	12.8938562828963	17.5516720255888	20.6215055710444
4.86754344434155	7.08100111750235	9.45780334159065	10.3094105004012	11.541216467896
4.35979645820942	6.76736231334456	8.04446128405255	8.67076980073273	9.43407404315712
4.86754344434155	10.3258313507627	12.0656974824506	13.9367816772586	15.8922238749581
4.3597964582097	10.1650456357174	16.4217662919356	18.3280614349146	19.6354934376843
7.95866514797677	9.68158353284724	11.4343048915212	14.014014379247	16.0171647273246
4.52264930842534	9.04686593283839	10.5903763367716	13.7262387078802	16.712415942322
3.82858188842837	8.06164504002186	11.5715488761678	14.9731386302354	15.4728242794992
4.81354170988783	11.1777572234467	11.5837563029395	12.4638436040173	13.1426293517794
4.52264930842534	9.7046417898531	12.4878808126438	14.6346412187507	16.8245923039317
4.35979645820953	7.59255961711574	11.5358768908068	15.4121079270691	19.2620974665786
6.228121662712	12.2438424119389	15.5978764719507	17.6009957133565	22.1230847391478
4.52264930842534	9.37460839471237	14.1295028436991	15.8227465815037	16.852304711855
8.02863852322884	11.9794379207041	13.7984445545101	14.8752438912907	15.8554282168101
4.97407992303147	10.9068487640566	16.6238460151535	19.4711672079924	21.8879260668552
4.10127484408116	7.97594831244908	11.2688650582733	13.5456271663364	16.957664745782
6.84425287419191	9.66717085177305	12.983782335557	15.8700787243305	18.1656097034707
6.7163114425598	11.412690951871	12.9992912707621	13.6891545961165	15.2613821729835
3.90676822122975	8.61456374581206	10.1806603410948	12.5314258466204	13.6134908451476
6.15546375674143	11.5368359178595	13.9740641401083	15.8692118377705	16.8545528766167
4.52264930842534	5.91527841535986	8.60773461870286	12.5693916006981	13.9143222292236
4.35979645820976	9.79367297811444	16.6492287230822	17.7090340641578	17.8107205505909
7.99958399222908	12.0915498744416	14.7205521930854	16.7281333330424	18.7086777200038
5.06531436941231	10.1619443220765	10.5035990745575	13.1629453033306	15.0735154544217
6.22812159457339	12.2438424119388	14.7142331815307	14.2976136521945	15.271530208529
4.52264930842534	8.12576922405123	10.9744751780554	12.9743916699198	13.9407620034594
4.49940548009602	8.88619247071944	11.8434230986964	13.8888481036676	15.2836073980688
4.10531276488507	8.61456374581206	11.5778957608217	15.2104291330737	17.5753167796286
10.3451351860643	15.221069552148	21.5333928648898	24.714620652014	26.570934000708
8.35865935678407	12.164743407856	14.8410744897861	17.0099690330358	19.0880584173254
6.228121658362	11.7991795889141	14.7620978392767	16.6199243274739	16.9958216088051
4.52264930842534	10.1122613388637	14.1677062423105	15.2947356844194	15.4258087000219
4.08925456513396	11.5256465673394	13.0558626674859	12.7351249005546	12.6609196077229
8.02863876516801	12.1244591705249	13.9650225324582	14.9210764413797	14.4474937525777
6.84425287419191	9.22390296091817	10.8611493941169	13.9764726843663	16.6743373700348
4.81354174655365	7.53181665167421	10.4678905202498	12.7563904499616	14.2233588650688
4.41364344323193	8.91481884189602	13.5820651785451	16.6024100932514	18.8099102720334
5.60492119441193	10.058869076296	12.366238910362	16.4436299221292	17.8224749831022
4.35979645821658	8.23237997431607	10.852264373769	11.9276724140851	13.2780974728969
4.10531276488504	8.59491076669343	12.9004802058165	13.9386372500776	13.9948533454768
3.48888466281733	7.88363759982479	10.3014377029586	13.118545757855	15.9511476956134
4.35979645820959	11.6528015198835	12.9253171789467	13.3630686875176	12.6382353218251
3.77813517452347	9.70464178985321	13.1674337401404	13.6330243294171	16.5706689119122
9.46454584496826	16.5683375827986	17.3727955911128	20.6262255779872	23.53943491963
4.86754344434155	8.8024450714488	11.3470226061362	13.1806606828127	14.1394271721723
6.22812165079301	7.84591111607978	10.0423346660721	11.4928678306363	12.9465216194163
4.81354198072927	11.1777572234468	14.9141004535351	17.6767729003828	17.367221738771
4.07481147582666	7.19242519370653	10.2535930599714	11.874345408013	11.8719147010288
3.40684201412304	7.05478254097341	9.06191550251009	13.6925950057487	15.0999753167836
3.86052588928064	7.97594831244959	9.62506387492971	11.2273286512194	13.680103162316
4.81354198229042	8.05976686880922	11.1935225458841	12.1196211438577	12.5403133558515
4.81354162847816	7.53181665156262	10.4678905202479	12.099129295406	13.5005452749664
3.26659418791007	9.40664321986549	10.7504006506746	12.2050008685366	14.0974933355951
4.35979645820959	7.65033134882617	11.2812566248244	11.4823348335104	12.1778582051633
3.26659418791002	6.22692962620113	9.1454363334534	10.7929999261034	12.5844927524652
5.65923533924433	9.4821756631203	11.100953990364	13.3909908411003	14.2630327289129
6.22812166116876	11.7991795889142	16.5147654533621	20.7923420225016	23.3072013890312
4.97407992303044	8.93197012983211	14.1154089137336	16.052091503614	19.0070269641259
3.3644111605372	5.97474576691133	8.3677103015371	12.4087644337127	13.7101019881848
8.02863845593731	9.68056659582163	10.4366458865172	12.2081597292976	12.4086700113742
6.84425287419191	13.0727538681836	17.3677893697808	20.5099002150428	20.5592080779282
4.35979645820964	6.98193597966758	9.52698767503222	9.97668409888632	11.6493847453194
5.60492119441193	10.639103365472	15.6469446734635	13.5531098063474	14.4758086345797
10.3451351860643	16.8462543657116	17.431774229863	19.9680448618552	16.2109112827968
6.68660703226448	10.1122613388637	13.8819956536978	15.8367947729624	16.8568727912667
4.49940548009602	6.6152930496965	8.79285626353476	9.39475827101825	9.64051477342178
5.65923533924433	10.6391033654715	16.810075096229	17.8276137263766	17.8169402690475
4.81354197695543	8.04305238995914	10.9512054660619	10.8190203041603	10.0755198232671
4.41364344323171	7.65033134882617	11.006053583503	13.374709389328	14.3209107933116
4.41364344323148	8.18330853485003	11.5834443981715	13.4131573433866	12.6664856242879
4.49940548009602	8.43244798951673	12.5003605997897	15.7198710161622	16.7035216691238
3.86052588928061	6.61529304969883	9.99086709310984	13.3739191257705	15.6365670510833
4.35979645820976	11.6528015198835	14.7770215282476	16.5896761122751	16.3136430854793
4.81354182218439	11.3355016738872	11.8959938439683	13.1918162109653	12.6531221009251
4.97407992303209	10.7320985266152	14.4533172981801	19.5205931785827	17.1849314382698
4.81354193405065	6.58389725050699	7.94833068002697	11.7011038223869	14.8707013726091
4.07481147583076	10.7320985266152	16.0035296525679	17.3923022386261	17.1827127686594
4.86754344434155	8.63603170086583	10.5903763367716	13.0781589403904	13.7273382392115
4.41364344323154	5.94317246338096	8.43396134775759	11.5651002537381	14.7811489852881
4.10531276488507	10.939113709991	16.5512443289298	17.8641003986805	18.3800150910445
6.7163114425598	10.6391033654716	13.3448367971638	16.1166221259815	17.5641900765756
7.9995839922077	11.4201919928127	13.8864478116263	14.6104799544522	14.9090475443212
4.97407992303107	8.99518750703396	10.804900858432	11.7892673419534	13.4197405341826
4.10531276488507	12.2217738330182	12.5985088821585	14.8010570062162	16.0838881427282
4.97407992303044	9.43405517214529	10.0940049249107	10.9153411040245	9.18205111728304
7.31716075820117	8.12957159701324	11.0649750228524	13.7783555463984	16.7253115954305
4.07481147583039	6.36598880522882	10.0344307800614	13.4149550450464	16.1164126246303
4.52264930842534	6.56840997042229	10.0344307800614	13.4149550450463	14.7991020490505
3.77813517454854	6.63580644085954	8.70319476239661	11.8132228295796	15.3791259882202
5.06531436941231	8.64026336730456	12.3310177302047	15.4743415868159	20.0433613594995
4.10531276488507	8.19907470592915	11.8402530523791	14.2411404811681	16.425463040795
4.52264930842534	10.4559336377987	12.2134740686289	14.0552648162737	14.0200106150526
3.4428293447624	7.53462209633511	9.86296230429735	13.4644835778079	14.102878580029
12.8361522160134	17.3961097348653	17.1727624507473	20.251923312179	18.94582877391
10.6325156491039	14.1099596863178	15.2119851659598	17.7562903218	19.7179547123484
4.02211967264964	8.09630829061405	12.1181818129442	14.5442870048395	16.916989349482
10.3451351860643	13.2713382811443	15.2529523238356	16.2651414785661	16.3131289130092
6.06762429287505	11.444861175224	16.7820268337305	19.2609421904966	19.5221237948367
4.86754344434155	7.08100111750235	8.68810521258592	7.75010020550604	7.55955973006417
7.99958399220839	11.1293750532073	14.2249915278369	15.1833903209284	15.240612348373
3.90676822122975	8.06164504002197	10.0940049249114	11.0780744256439	10.721072886262
4.86754344434155	11.067488380253	15.7250307751468	16.7378103064045	15.4803817351834
4.0892545651339	7.88363759982479	10.8141210436096	12.5735998270752	14.4632406132346
3.75471255909451	7.58806000017046	11.350288287077	15.7001824707426	19.404847553422
8.3586593567847	10.8301463376761	12.6893671612917	13.6341145877345	13.0353098160415
10.6325156491038	14.1099596863178	17.1409350055317	15.8002045985261	14.4396365693932
3.36441116053714	7.19242519370653	10.5199101950345	14.2475823650294	17.6488354126059
4.81354172476938	10.359850034078	14.0095874001333	16.7567778686679	16.8178697595333
5.65923533924433	9.79367297811433	14.8563485704334	19.7056672948098	21.0434993688029
4.49940548009602	6.42303888714838	7.89370769107074	9.7742442832693	12.8081544576803
6.22812148437612	10.9068487640565	12.8034067539178	13.5447734601652	14.1879232724798
4.35979645820959	8.24460395417572	10.9347343911044	11.7443009334283	12.6114311518646
4.86754344434155	7.85590804723267	12.0972929518491	14.4951158812107	17.299990107167
4.07481147582806	7.62539662745007	9.7097534056287	11.9609250014795	13.5226282661516
4.86754344434155	7.08100111750235	8.68810521258592	11.5350916000776	13.2411033543649
8.35865935678493	15.1789367442762	16.866268626625	18.9222143907805	19.7681936668449
6.84425287419191	9.45360656477158	12.0206805434207	14.2475823650293	17.6488354126059
5.06531436941231	9.39530485993333	13.6138165645023	15.4710140053474	13.530075142456
4.10531276488504	8.61456374581206	11.5778957608218	15.2104291330874	16.6737238464746
4.07481147582988	7.65033134882651	10.0913463747802	11.8067659559589	13.5854031716225
4.35979645821664	10.639103365472	12.1430382160666	14.9629979192874	16.9670693035735
3.77813517454126	8.23237997431613	13.7970192464597	16.072364821878	15.3853365891314
8.02863850155086	14.6844118313958	20.5730552009705	22.1981542354839	23.7653779005707
4.10531276488504	7.58810556769089	11.6617642437813	12.5581785875481	13.3718341340179
4.81354185383395	6.37206932565908	7.81116653449465	8.89740489702478	10.0390874059038
4.81354126847003	7.65033134882617	11.7354210853301	14.4977462063192	16.4628074566165
4.41364344323182	8.24460395417572	13.0901284125879	17.7233177796774	16.8971611656044
4.86754344434155	9.7950786712729	13.5207619053181	15.3590015417583	16.7267759555699
4.81354205962998	11.444861175224	14.1510155786223	15.759639920321	17.5490790998107
7.31716075820117	13.2938771269621	14.2616730489011	16.7313074486427	18.4017420505882
4.97407992303113	10.1968860296676	15.1849497643055	16.9862323245267	19.0901517231632
4.86754344434155	10.0233679180708	12.0967942019636	15.9032193810446	18.8264462678112
9.0940388148918	10.182614973018	11.9564679012556	14.9716540699137	17.4538807979224
4.35979645821658	7.38125086962856	9.44288651961813	11.6048877662772	14.9098588456803
7.50462381386723	10.3258313507713	12.587409762278	15.59790211444	16.9768079899543
4.10531276488507	7.66555531465349	10.8324616585156	12.5933096404805	13.8256140396244
4.81354194551966	7.89861996496256	11.822584702635	15.2798672154339	18.5255480553652
5.60492119441193	7.97594831244908	10.5085839442876	12.1436283844738	14.1142545087993
6.22812162638758	7.84591111607972	10.0011027419009	13.0542898135088	17.8189204634178
7.99958399220907	10.5216311631779	12.7854758086098	13.5998562697457	13.2365285052518
4.35979645821652	7.60236214398753	11.9747847096077	13.8010672435723	13.9501947772906
3.7547125590944	8.61456374581206	11.2379466348299	12.6200034629583	13.9211262168512
4.86754344434155	10.1122613388637	12.3196676819164	14.3945021595636	14.6852317949028
4.10531276488507	7.3560105619481	10.8324616586403	15.0474544600154	19.1508281139893
3.86052588928061	6.8736708710241	9.40856594311668	11.3398096664495	12.9740524382626
10.7441500874027	17.7674919733701	22.4338918712047	29.5788462062319	33.4893130999279
4.10531276488504	7.1651946371619	9.83801161855939	11.8879883670697	13.2927086392936
7.45310330066729	9.89564400341357	13.7582862372066	15.7616018898235	17.192765820273
7.31716075820117	10.0401257453717	12.7195950215466	13.8853995273712	16.4490689355168
9.87502892658648	12.8666844063087	15.0399788683367	16.1806854256943	17.0437109797192
4.10531276488507	8.12945094446439	11.4061925129488	17.1266084794722	20.9126932330839
4.10531276488504	9.70464178985321	14.4533172981802	19.5205931785827	21.5595449449778
4.10531276488507	6.7081500896611	10.4731941676449	14.6535592172423	17.0173864613837
5.60492119441193	9.28416629436509	11.7780069663694	14.5326626686696	17.4707362719221
12.5394147400032	14.6531543678839	16.7008071421997	21.1900938726533	21.2891722044599
4.813542098271	8.78064220132211	11.3744004299961	14.1127016984094	15.1837417030407
4.08925456513396	7.19565155285954	11.5648683435592	13.428541934354	12.8724003936101
9.46454584496831	10.2886566667891	8.52561892494759	10.3457646437853	11.7154730400121
4.97407992303215	8.93197012983211	12.3820127536678	14.4450340728878	17.085361397832
3.26659418791002	6.8736708710241	10.7919056921984	12.6817478057305	15.0937351126442
4.3597964582097	9.78391166914002	13.0715883559258	14.02908182638	16.8057676685175
4.86754344434155	9.70464178985327	14.4533172981802	16.8740327006141	18.7387713581606
9.97010951409652	16.057919111945	15.0999840792267	16.9506445162992	18.9982040191712
4.30446959248758	7.05214354335578	8.94518403254085	13.1931888292277	14.3266298794731
9.09403881489186	12.831127811367	15.5968704850412	15.7974511211125	16.7625069048023
4.81354193887819	8.5185817042555	11.2959772369832	12.9427944297521	16.5888294542084
4.08925456513356	8.315475853321	10.6194328299413	12.3839300398655	15.0756713377239
4.81354201237536	10.3258313507684	12.9474821550046	16.3314496545649	19.1157003918405
8.35865935678447	12.164743407856	14.3278406295742	15.0460883041503	11.5525601265443
4.81354208239321	11.1777572234467	13.9027647905835	15.2532110276521	17.6766306573272
4.35979645820959	9.56296257801193	12.1979757377414	13.1283287193011	13.0083463594817
4.81354142704845	8.05976686880922	11.1935225458838	13.2687887761385	16.9107256927297
4.52264930842534	7.19242519370653	9.83801161855939	11.8879883670792	14.7428726139613
4.81354197832354	8.23237997431607	11.6020490928619	13.2983910743127	13.9870448414281
4.86754344434155	9.81141598477751	14.2443745753823	17.8668559489878	20.0101246184573
4.41364344323199	11.444861175224	10.8255059344106	16.1796638708668	20.2356959509967
4.81354209381192	9.79367297811444	11.9472241069341	15.5613658998449	17.2116646607095
6.7163114425598	11.412690951871	16.810075096229	19.896229942788	18.4785489411361
11.4767161057894	9.28416629436509	11.6131246633951	13.6749163061337	16.652120145856
3.20404346061625	6.48321584517674	8.94806184596467	12.7527033286753	15.1820613851162
6.08618037875345	8.38888983036031	10.3668695787985	12.3360077754591	13.9502330396252
5.06531436941231	8.64026336730456	10.2510717163573	12.5139044700807	14.2099275734364
4.49940548009602	6.8736708710241	10.3347911134952	16.5059369243911	18.1453765022381
4.97407992303107	10.9068487640566	15.9949597557753	18.0019131164596	19.0407166731251
3.86052588928061	6.61529304969963	8.7928562635347	12.9983757805923	15.2140461348899
4.97407992303209	11.967504594536	15.0273164044143	16.8616353624121	18.4401872168156
12.1541647939229	16.5110527008885	17.1809803277616	19.4880767688147	21.9334309043561
3.17950703252495	7.66555531465349	10.2741382744161	14.3596354609959	18.4788635816597
4.08925456513379	11.3078323755746	14.2023811688891	15.3941727358915	18.3652845155477
6.22812165663282	7.97594831244908	10.8324616585373	12.7896443866639	15.0620996681675
4.52264930842534	6.9350116902541	9.86497610291389	13.7910201906697	15.7889105876893
4.81354163115543	11.5256464603123	11.7682505750594	15.0474544600155	18.731424347319
7.50462000740225	9.84971454563708	10.604697826737	14.7826618030795	16.4721066393976
3.8285818884284	8.05976686880922	10.9674591296865	14.5442870048444	16.9053055263304
4.81354205939829	10.359850034078	13.1674337401404	16.5152277990115	18.8019163412313
4.10531276488504	7.38125086962856	9.87907629996369	12.3875600283477	14.1705503232611
3.86052588928067	6.61529304969781	10.8324616586452	14.1547584824484	17.1843571358741
4.49940548009602	7.15816748707789	10.3130301022537	13.0065763820519	15.956345072556
7.99958399221299	12.0915498744416	15.8925362673361	19.8357090062114	19.0462272709942
6.22812148437606	9.16332159812276	12.3583508347672	14.2454387146034	15.4249067272135
3.82858188842889	6.36598880522888	9.09549635301516	13.1101312181308	16.9887443369192
4.07481147587856	6.83979569242126	10.2535930599715	13.0952591203886	14.2364217688316
4.81354197385275	7.97594831244913	11.1935225458838	12.9640928047309	14.9919413695164
4.97407992303215	7.62082939176344	9.48993829397739	10.8178276681074	11.5512819504241
8.35865935678481	12.9633288285738	16.810075096229	18.856387650314	19.9149387890144
4.07481147583871	7.97594831244965	11.6841103622331	15.034004692449	16.7086887535163
9.0940388148918	16.097661525036	17.999000589796	18.2724679497217	15.043437708611
5.06531436941231	10.639103365472	15.6469446734637	16.5403656370194	15.276383975313
4.81354197453811	7.39226130329871	8.97726534248886	12.1108597378405	14.6627081513633
4.97407992303016	10.9068487640566	12.3729210710412	12.6707448774303	14.7228100348937
4.35979645820964	7.19565155285972	10.8141210440918	10.6652073313221	10.6793599880972
6.08618037875345	9.63239100492706	13.4331133735719	16.2642615452486	18.9179520982996
9.46454584496826	16.5683375827986	20.6851148158299	17.829812966422	22.1722619491673
4.81354197046193	9.81141598477751	12.4446268687467	19.0574005760332	20.7422869270298
4.81354195266243	7.56896520594864	11.2362374216649	13.8789417263031	15.814141727121
6.22812164049088	12.2438424119389	17.0518687367722	19.5480772661847	21.2455551249155
4.0748114758602	10.7320985266152	12.7371056678763	15.8334996260385	17.8713952735621
6.7163114425598	10.1642703388432	13.3816225397429	17.0117292685446	16.7225146304936
3.75471255909446	9.40664321986611	13.7582862372066	17.9233158130157	20.0206308840418
4.81354194959812	8.12489704703859	11.8789189561405	14.987661605263	15.7727100303755
4.10531276488504	7.42679984846359	10.5561054937235	15.0474544600158	16.5730826071604
4.10531276488507	8.82353597255957	11.2631402688473	13.7756531218614	16.8307057733158
4.35979645820953	8.24460395417572	10.74781178411	10.9364024269805	12.0531393305416
5.60492119441193	9.28416629436509	12.2821793092103	14.0380436801838	16.7301511762688
6.06762429287505	8.41849081017511	10.9785782867886	13.6638579587108	17.3005281134286
6.2460887021835	11.8378693531206	13.3019562139282	15.1564239715552	16.1207603803465
9.4645458449682	15.3149057969447	16.1706233637885	14.7299407463441	16.4350960386402
3.86052588928064	10.2635572428478	12.2865799555429	14.6286469927967	17.0783912028811
4.30446959248758	6.27954068796248	7.16991113724271	7.77441122502194	8.68274285284258
3.26659418791002	6.8736708710241	9.21435380017721	10.047682792307	10.8074615774041
6.22812152341936	7.9070759080069	12.3164686781151	16.8524458740955	19.8408165032177
4.08925456513265	6.81316278311249	9.90263103144014	13.4843682657472	14.4173375843575
8.35865935678459	12.9633288285746	16.3960755990929	12.4002176054134	12.0699860364187
4.52264930842534	10.4559336377987	12.1013026252341	13.010901994062	13.6628600345132
4.35979645820953	7.60236214398759	11.9747847096085	13.3909908411004	14.2630327288744
3.77813517453075	8.82186790721505	11.7918716943486	14.6286469927972	15.8417047753696
3.40684201412304	8.61456374581206	11.2379466348323	12.6200034629579	13.5545039965294
4.08925456513361	8.22253122671469	11.3324592913899	12.1068275463444	12.1937963755797
7.45310330066729	11.9794379207041	16.647832063639	19.8694312057795	21.8986997365773
4.0892545651335	10.639103365472	11.9472241069311	15.5613658997187	14.1199671921906
9.4645458449682	15.9903642207461	21.6454331848049	24.1256869175407	25.8561784704845
4.10531276488507	7.97594831244908	11.2558772105048	12.6214328588133	13.5088639137313
3.75471255909434	5.7823109550618	10.051658008055	14.9439212762631	17.7455795442102
4.49940548009602	8.47568530422251	12.6641480509811	16.9975572041438	18.6335579992899
4.35979645821658	7.97594831244913	11.6733291932762	13.2521802887388	13.4392057077246
5.06531436941231	9.39530485993333	12.3310177302047	14.5888693742164	16.5316565488738
3.82858188842843	7.41444061674326	10.8233052525464	12.8362519065901	15.3462943743744
4.08925456513373	7.39048556683053	9.90263103144014	13.0045185178674	14.2867833167167
3.40684201412304	7.88363759982479	9.09549635301516	13.1101312181337	14.8516042823898
4.86754344434155	7.08100111750235	9.07182815099026	10.7584792160623	12.5489524037121
4.86754344434155	9.43405517214529	13.8819956536978	15.8367947729624	17.8751161377145
4.07481147583064	7.65033134882634	10.0913463747866	11.8067659546607	13.362928482488
4.81354127408446	11.1777572234468	16.0218449240416	18.6818292437258	20.6852380106124
4.97407992303221	10.9068487640565	14.1916830677758	11.9097287718568	10.5055279060808
3.9854630512786	7.1651946371619	10.6588518083585	12.3601816223336	14.1428246826183
3.56199160097776	7.97594831244913	10.5085839442877	12.3587802205089	15.0620996681674
4.86754344434155	9.12701954702982	13.21624272708	14.1774752009725	14.0922064175617
7.53730659356762	11.4995591691729	16.8659834862549	20.6302666669145	23.1238394375744
6.2460887021835	8.4756853042224	11.6733291932765	13.2521802887388	16.1438125281917
5.60492119441193	11.1777572234468	16.1775373219715	19.0244768072862	24.170126191765
6.22812142003892	7.84591111607983	9.40856594311219	11.3398096664364	12.974052438262
4.86754344434155	9.56296257801193	12.1979757377414	14.0708507419516	15.0434377086106
3.77813517451989	8.23237997431613	12.279190062402	15.7974310406831	17.6580984579293
4.35979645820947	9.56296257801193	12.9655874508683	15.8526486941797	16.6281988517516
3.82858188842889	6.36598880522882	9.79563307331864	9.3571683587279	12.9782058273433
4.81354200002511	8.51858170425544	11.9966446125288	13.8777280281788	13.5748540005729
4.35979645820964	9.70464178985321	12.4878808126443	14.6346412187508	16.8245923039318
3.82858188842843	6.58589991065361	10.0344307800614	9.72915610875106	10.4914873482203
5.25979861097272	10.1092865200325	13.0316059697791	14.9357519741297	14.7284273545038
10.3451351860643	12.2059196537728	13.0395625046368	12.6746204519753	14.5395582044082
4.08925456513333	8.31547585332095	10.7858342016157	14.6535592172423	17.0173864613839
4.52264930842534	8.89024361517636	13.1658551002213	16.0088081357036	18.9225781968859
4.97407992303107	9.79367297811444	14.8563485704335	18.5402024354798	22.9839497744071
4.52264930842534	8.31547585332095	11.6131246633951	12.9116952115966	11.4963065672524
4.35979645820964	8.23237997431607	10.8522643737672	11.4653747017253	11.6175683142242
6.22812120420548	9.45360656477152	12.0206805434206	14.2270331513048	15.4022763158437
8.71703179612831	13.1022064637979	14.6439357475134	16.6864685002908	16.1818954560813
4.81354191241405	8.51858170425544	13.1950239513986	16.9330079235593	19.0280038978756
6.06762429287505	10.9068487640565	14.8897054887101	14.7489003495778	16.7917208307794
8.02863877015574	11.6198281048053	13.7984445545101	16.8524458740955	19.0283580993887
10.3451351860643	10.4559336377987	16.4860825100731	19.5912026695115	20.7705541795905
3.36441116053754	6.42692326802847	11.5223689014025	13.8474134487224	15.2140245837647
6.22812166177982	11.7991795889139	14.7620978392767	16.6199243274932	18.1879908812033
4.52264930842534	8.24460395417572	14.507027708499	16.7114794919264	18.2811061793248
6.22812165760263	9.64072419079741	11.8333780281835	14.3577795909328	16.2156688684988
4.08925456512964	8.47568530422251	11.4791717648005	14.2168010741206	14.7197618757914
9.46454584496826	10.2886566667891	9.94687035356549	11.9172955494282	12.6056160030378
4.35979645821664	7.19242519370647	10.1738715272181	11.3188257961451	12.201182761563
4.52264930842534	10.4559336377987	14.9384014161311	19.9344007636058	23.2052294775322
5.65923533924433	8.28228206149021	12.3407287908268	15.5649053635408	16.6404630783371
4.35979645820964	11.6528015198836	15.6444261426414	18.7394729967152	20.9218581108958
8.35865935678476	9.20457461173618	10.8396268761809	13.6754745377879	14.6427283174594
7.53730659356762	10.6391033654722	15.3280191884252	17.3683417973421	18.5610015313989
4.52264930842534	7.0547825409663	9.78446516968614	12.6951482085364	15.7430446648232
14.3486976901231	15.62679780634	14.3793445743119	14.9300468598992	15.6427364173073
5.55666777382987	11.1777572234468	13.9027647905836	16.6236915871389	17.8122710575902
4.86754344434155	7.92729165593619	11.8402530523791	15.1870483176211	16.1811499150789
4.81354190751381	6.04913737240906	9.51873239356303	13.7151027940967	15.5425828739013
4.97407992303221	7.52064567167213	8.34155128911681	8.81767114666263	9.63068173743409
3.77813517455411	8.22319929457115	9.00444760194398	9.62438600840022	11.5662202498345
4.41364344323244	11.4448611752239	17.3598619073022	20.4024057351178	21.4661366180201
7.50462253046663	12.7053122548733	15.7004579711283	15.8959274836662	17.5957208980475
5.06531436941231	11.6528015198835	13.4376494189715	13.4457750007952	14.3673089834321
4.41364344323154	11.444861175224	13.8208981119064	17.7562903217998	18.7074689380925
6.06762429287505	8.78144898248706	11.3522766042954	14.1172378016522	16.0747220217832
6.08618037875345	10.359850034078	13.5968946507559	16.5006451516891	18.2051326553304
4.3597964582097	7.16519463716196	9.68949961319657	11.7658257044554	13.3436917362237
4.81354186812655	8.06649490657259	11.6733291932755	13.2521802887388	15.247845638771
6.84425287419191	11.6452536044734	14.4613681180491	17.4211329475437	19.3063894121649
4.10127484408116	7.62539662745002	10.6037801584663	18.2191532236758	20.9146381660309
4.97407992303221	7.62082939176349	11.1634246839108	13.8275297727339	16.56240189066
4.81354209490286	7.19242519370653	11.5223689014979	14.0067788729289	18.0881263563692
7.50462111918586	9.00701286214195	11.6020490928601	11.9374758369327	12.3819082124315
3.86052588928058	6.81298778585898	9.87667747796132	13.4090308343673	14.819752959762
4.41364344323205	8.14029804229864	11.3454116219813	13.4149550450463	14.0310880090333
4.81354181978384	7.19242519370653	9.25707773366196	12.9254814540413	14.9857770635106
4.08925456513361	9.13974091487455	12.4067501499877	16.6138618754971	18.18730261463
3.86052588928061	7.1651946371619	9.95766914207275	12.8178948858923	14.2765249230446
6.68660703226448	14.2946902680018	16.2891144871284	18.1321816512974	16.5980100780795
3.86052588928058	6.61529304969719	9.87667747796121	13.4090308343673	14.819752959762
5.25979861097272	6.63580644085954	7.79349360119051	8.89740489732793	10.0390874059038
6.15546375674143	12.3530720865847	19.8618864448399	26.3948821969637	27.5791139535426
3.86052588928058	7.99051180597951	12.1029397377462	12.8086111317903	14.4019599429063
6.84425287419191	14.9386900473604	17.1743793889548	19.3217536476604	20.6929411602422
4.81354209355396	11.1777572234467	12.8992628419348	11.6324533496085	13.1140537208749
3.6197219677976	8.73344349199209	11.3276421182393	13.7151027940967	15.4791933691581
7.99958399220401	9.11139134739039	12.9004802058165	13.9386372500795	14.7327924321168
6.08618037875345	8.86732244495494	11.3095900030628	13.6844666035881	16.7906909908522
8.35865935678373	9.20457461173618	12.9004802058165	18.3954032320804	20.7214906490651
4.08925456513032	10.639103365472	13.3448367971638	15.0023070710043	15.9364949567577
6.22812166067621	8.82353597255957	10.9961724932958	12.7213552877836	13.261022941515
4.86754344434155	10.639103365472	11.6004996963422	13.7546820148363	15.370533459686
4.35979645820953	7.60236214398748	11.9747847096077	13.8010672435694	15.7911933688649
4.02211967264964	8.09630829061405	12.1181818129442	13.8977407989985	14.8224187007546
3.4428293447624	5.67236174310358	6.7064137751405	8.74698190586037	9.51286125521796
3.77813517452967	8.05976686880922	10.9674591296865	12.8431366998727	15.3008931107122
4.35979645820976	8.40419247771666	12.685536115689	16.2333393786042	18.5174971486331
4.97407992303056	9.05544975562418	13.2594625518192	15.047906782219	14.9716753931294
3.82858188842837	8.82186790721505	14.0161413079821	16.9368806179211	16.6153859265376
4.81354206638116	8.28228206149021	13.1958119307772	15.5768995503405	17.5916018729938
4.81354203830784	11.1777572234468	12.8992628419344	12.6561536986446	13.4826480528341
4.81354179057774	8.27640784132393	10.7400891690281	11.5626638644208	11.8410960526394
8.02863860455358	8.83344985254246	11.9747847096076	13.4843682657473	14.8492499209332
6.15546375674143	15.1115554874992	17.0845093828573	18.1090526428354	19.6168588879137
6.2460887021835	8.56178770367416	11.1935225458843	13.6518228765152	15.9665034182257
4.30446959248758	10.7320985266152	12.7371056659005	14.0776710531207	14.9763830995102
4.35979645820959	8.04305238995914	12.3310177302047	14.1616259007319	16.1410212009917
4.08925456514828	8.0430523899592	13.6303117759742	16.0807174656887	16.9414072544714
3.86052588928061	6.61529304969628	9.4085659431156	12.1919991488195	15.8361964982032
4.35979645820976	8.82695445579657	13.3055464031331	15.4168857202627	16.9516731364413
9.97010951409652	10.702613359157	11.4537911007155	15.598417779022	18.6489183266709
4.81354207383805	8.78144898248706	14.0347076111996	16.9869009761578	19.0680362077995
4.97407992303101	10.9068487640565	14.8897054887063	22.8273991868268	25.3925498460493
4.35979645820953	7.15816748707795	9.99749671397706	12.7728829095371	13.697331538698
8.0286387319116	14.6844118313958	16.6682346152556	17.1074003018119	18.0516144427875
4.81354193283317	8.51858170425544	11.9966446125287	13.0955715494445	12.6626522954188
9.97010951409652	11.444861175224	13.2860649682167	12.8265727877329	15.1296822743981
5.06531436941231	10.1619443220765	14.3215195099928	18.4442379104231	20.6523432142789
4.86754344434155	8.67510878503174	11.1232022560901	14.4803943925168	16.0543374628492
5.06531436941231	8.64026336730456	9.93905303757299	11.6594859666225	13.464178960738
7.99958399220702	9.11139134739039	13.6303117759744	14.5656905503969	15.6297483256848
6.22812165982265	9.64072419079741	11.613124663395	13.5466218344813	14.9433099999705
4.10127484408116	10.2635572428484	13.7052925711949	16.8759130216202	18.4885449367761
6.7163114425598	8.09941539209376	10.0344307800614	14.2362266317869	16.0765369042836
4.07481147581734	7.97594831244913	10.5085839442877	12.1436283844743	11.1427572144989
4.41364344323176	9.68198651856551	13.3230239603684	14.9411191837063	17.7136147881069
4.41364344323193	6.70173033439107	10.2535930599714	11.6186534681633	14.925412871056
3.56199160097765	7.156863115568	10.5092260805559	12.4397579384472	13.7485137082979
3.40684201412304	7.05478254096442	9.79397732910076	12.9978967481279	17.0416159226085
4.49940548009602	8.10730527298045	9.90263103144008	10.8019191204547	12.3718839688503
11.476716772365	15.6149756046131	16.742760517826	19.7133654460657	21.7376732947386
4.3597964582097	7.07831539811411	8.94806184596473	10.7321502366224	12.0427220484885
6.2460887021835	8.56178770367416	10.9564485160386	14.5528945846723	16.4453328549052
4.81354121842531	8.51858170425544	11.9966446125288	14.3200193643978	16.827612885064
4.81354207884647	7.156863115568	10.6046978268383	14.7826618030795	16.3459151970188
4.81354179013067	9.79367297811439	14.8563485704335	18.5402024354815	22.9839497744071
4.08925456513373	7.56896520594864	10.8141210436062	12.9124711704651	15.212220334235
5.06531436941231	10.9396786351463	12.6738460249449	13.576256472375	13.4452551390303
7.99958399222066	9.11139134739039	10.5359454723637	12.1987235807658	12.5628867948634
4.35979645820953	8.82353597255951	11.551962896343	13.8849892383388	16.5880699250182
8.02863875255116	10.4552843657775	12.9157519530826	11.6837888446104	11.7971826257869
3.8285818884284	6.83979569242126	9.79563307333291	12.9211927272246	13.5695624460079
7.31716075820117	12.4020267707704	14.307804635196	16.6794247368532	19.2469217168624
10.6325156491041	12.4536013677233	14.4656673820632	16.3702412816937	18.5392844804279
4.81354209843118	10.7881930612288	13.1658551002213	15.844535577802	17.8607008259033
4.52264930842534	8.12576922405123	9.8432154337512	11.5034021283681	13.2456087954695
3.77813517454388	7.41444061674326	10.8233052525464	12.6229908730702	12.1228104153951
4.08925456513026	6.81316278311249	8.11875257623728	10.504224706452	15.1676138180632
3.77813517429553	8.22319929457115	10.6044648727349	11.4488967566824	13.0623239451475
8.22735073380937	10.0370177065729	11.4663461436694	12.005802043917	12.2408725698861
4.81354185748904	8.51858170425538	11.9966446125288	13.0955715494446	14.2741412084639
5.06531436941231	7.65033134882623	10.2884618549402	14.3411397995609	17.3027512277112
4.02211967264964	9.56226938605198	11.2177007719322	12.9559020737885	13.8601055208426
3.8285818884284	6.89030956633314	9.14773849973159	10.5203918086266	12.5134889854617
6.08618037875345	12.2105372813091	14.1531155372284	17.5851118956347	21.9225168500804
4.10531276488504	10.7320985266152	14.7210957573845	19.0798428364665	23.5267531866342
4.35979645820964	10.2635572428485	12.95675186549	15.7025002910776	14.0056063895001
3.56199160097771	7.97594831244959	9.62506387492999	10.5942295833254	12.3642814582858
2.87374888049879	5.60028975069821	8.11945519418515	11.5350916000777	13.4208152386699
3.86052588928061	9.04686593283856	11.8028207022456	16.2299459870652	17.7897996384455
4.52264930842534	8.24460395417572	13.0054619301069	15.0579820557788	17.2916991134069
4.02211967264964	6.01568083272855	9.70597721213812	11.8596371900337	12.8134476214158
6.15546375674143	12.3530720865847	14.1651916848588	15.8692118377704	16.8545528766167
3.77813517453939	6.56894292509492	8.70517619159705	10.0549065290577	12.2736290688256
3.9854630512786	7.24038005930117	9.62409921571754	11.4265730882883	13.1707415734214
4.08925456513356	7.156863115568	9.5257258961002	12.0277397108393	12.9453095525776
4.86754344434155	10.359850034078	14.0095874001334	16.7567778686679	19.7963826530833
4.52264930842534	10.1122613388638	13.2864896089992	15.1934963400158	16.1876318586134
4.97407992303215	8.93197012983205	11.5985166892339	13.305863278538	13.6715387615839
4.86754344434155	8.05976686880922	10.9674591296865	12.4517253171003	15.3008931107123
4.52264930842534	9.23213584151949	14.1239658775619	18.6254434419471	22.3136000271955
6.68660703226448	8.82353597255951	11.2631402688473	14.6572638094745	16.3510778920535
3.7547125590944	6.98929159334324	10.9347343911056	13.8752059834638	16.7322798174883
4.86754344434155	6.36598880522888	9.45575983646137	12.5106241732202	14.3344528266692
4.10531276488504	8.12489704703859	10.0560140247293	12.0648180903073	14.9324124777459
4.35979645821664	8.22319929457109	10.6803959086856	13.5038848796312	17.3755440837658
12.4608711022281	19.5399915440279	20.5435844460904	22.6986745611338	18.3212248280433
4.35979645820964	8.04305238995909	13.6303117759741	16.5851917297322	19.0329407279826
4.86754344434155	8.63603170086583	12.2669608455089	15.1434417760231	14.808396719192
4.41364344323182	8.14029804225481	11.3454116219813	12.403955805195	14.7619678802401
5.65923533924433	11.1777572234468	13.9027647905836	16.5773762205652	18.6349378869346
4.81354149260966	9.68198651856551	13.3230239603683	14.9411191837062	17.7136147881076
4.97407992303152	8.51858170425544	13.3816225397429	11.970763459411	12.936920581068
4.52264930842534	8.18330853485003	9.75573615849481	11.4730224945391	12.3680558321907
3.82858188842835	6.36598880522882	8.83800413945079	10.1449867766942	10.8311747223862
9.0940388148918	16.097661525036	19.0174687723294	20.9839289351618	22.7787166374676
8.02863823197896	15.354914674519	17.6835403836707	20.5159711632581	21.9880453658182
5.60492119441193	7.77120007560336	11.5223689014981	13.8270277738149	16.3966413814051
4.35979645821669	7.60236214398753	9.90263103144008	11.6324533496085	13.1140537208749
6.06762429287505	7.61925051110114	10.9347343911044	10.3064305144615	12.0848225788016
4.41364344323171	8.47568530422251	12.3310177302047	13.6518228765152	14.8932299131933
4.86754344434155	10.4559336377987	13.1103714121969	14.9935793696922	15.970743103257
4.81354174597521	8.04305238995897	12.4713543718765	15.0791955815562	17.9403324830517
4.35979645820981	7.25790318563577	11.2553012084692	14.6469488793176	16.5503426658705
4.86754344434155	10.6391033654716	16.810075096229	19.7427634356496	21.0104461287212
4.3597964582097	9.08759499891102	9.93391143716133	11.1636511424463	13.3047903817193
4.81354208542939	9.85812648768842	14.1997485903242	20.1108937655724	22.2816037623289
4.81354105835942	7.73559069362176	12.9690611500716	15.6304170449897	17.0311227800593
7.99958399222839	11.4201919928132	16.529381556447	20.1230475339396	21.9498960720314
8.71703179612837	13.1022064637978	14.6439357475082	16.6864685002908	15.3998691359357
4.07481147585096	7.5925596171158	11.1186545165716	15.4360649386739	18.9066415386329
3.56199160097765	7.88363759982474	11.8530166264404	15.4893028170433	17.7306538453461
4.10531276488504	8.56995308504963	11.673090980104	14.462139011805	16.4535874622536
4.07481147582257	7.97594831244965	12.3196676819164	13.8296850741617	14.9763591286729
6.2460887021835	8.78064220132222	10.9347343911044	13.4090308343673	14.6470833910415
4.35979645820964	8.12945094446439	11.1732660762434	13.3127600996026	19.569109736191
9.0940388148918	8.93146616312657	10.4821982797939	12.8825231518208	15.4549701619007
4.97407992303141	9.05544975562418	14.7934571699572	17.5016973223911	21.5598129331033
4.81354207474061	8.05976686880922	10.9674591296865	12.6229908730702	12.6299948839102
3.77813517454825	7.41444061674326	10.8233052525478	11.7494515544221	13.2275125205119
4.81354209826628	11.1777572234468	14.1531405712926	16.954390107987	19.0259246034905
7.99958399220429	10.5216311631779	11.9903127522303	12.4517253171002	12.6944265546796
3.26659418791002	7.88363759982474	11.4586931025386	14.0877577453189	15.0134996403334
4.10531276488504	7.77187964643338	13.3928280979394	15.5138791105277	16.5599910756855
4.52264930842534	7.90707590800685	12.3959647010191	16.2400055600052	18.5623993038666
10.762326358202	15.9797890089624	17.6461989936421	18.846305392101	19.9260508120951
5.65923533924433	7.9096700336687	10.2393623295335	15.0474544600154	16.5730826071605
4.49940548009602	9.04686593283839	11.8028207022456	15.8587399693262	21.0324414490045
4.10531276488507	9.70464178985321	13.1674337401406	16.5152277990202	18.8019163412312
4.86754344434155	11.067488380253	14.8500012837183	17.4156022456147	19.593951104173
5.60492119441193	12.718378872414	18.2822039421739	19.1652355892627	19.6770701221086
5.55666777382987	7.99498605614281	10.3734640300531	12.0660039448987	13.9092984654857
7.50462126683647	8.82186790721499	13.0054619301068	14.7808267159621	14.7562886762835
5.25979861097272	8.89625381289	11.662146021363	12.3593496990139	13.1318107714764
8.02863830743746	11.728089052197	14.406597033674	18.2565496228355	18.0301720852073
4.81354117171145	7.87336044665261	11.3030421391172	13.1361727607718	15.0756120173058
6.22812164487675	11.7991795889141	12.8654161489045	12.4127735764178	13.1843865734324
6.22812163189423	12.2438424119389	15.5978764719547	17.6686483523487	19.8052166546508
4.81354171555029	11.1777572234467	13.9027647905836	11.7870822110198	11.8766462600596
4.10531276488504	6.83742543834438	11.535876890806	15.4121079270924	17.7822230271074
4.3597964582097	7.38125086962856	10.3784334797997	10.5184207815425	11.1686732973076
4.81354186275934	10.9391137099907	13.6643217718515	16.635195537647	18.9569888709181
4.35979645820959	6.98193597966764	9.52698767503216	9.97668409888632	10.8459509049896
7.50461787227903	10.2635572428479	11.6554763121179	13.3909908411003	14.2630327288147
5.60492119441193	7.77120007560336	9.1591293068779	10.4410209963772	11.0793395964523
9.0940388148918	11.7243272766951	14.4533172981802	17.845519270035	19.9183508584522
5.06531436941231	8.12945094446457	11.0931846495033	16.3570942516803	17.7215732830177
3.56199160097765	7.31918116621694	10.4705203684032	13.1522999094825	15.0657210058862
5.60492119441193	9.28416629436509	12.2669608455096	15.8334996260344	17.8713952735621
4.41364344323108	9.68198651856551	15.8495624307825	21.7412411782333	25.1306658154064
8.71703179612831	11.2593771459682	12.3732122764627	14.9815475432756	16.9542691708775
4.35979645820964	9.03614438893027	13.3534290259011	16.0951127415311	18.7457584529672
4.81354193134206	7.53181665156228	11.1935225458836	13.3287548167841	13.618251449113
8.35865935678481	12.164743407856	13.176434514222	14.1109367371698	14.8828061653114
6.08618037875345	10.636222126859	12.7165198365715	14.8540680993414	15.8758151249244
5.55666777382987	9.6819865185654	12.0537187835691	13.2479277568111	15.1328177135127
9.46454584496826	13.4768479641419	18.1985584218561	14.4940860507771	15.129748478756
9.46454584496826	11.4965650619876	12.0630918566611	12.9468447838001	12.7967391211826
3.36441116053732	6.89030956633314	8.88485899851054	10.1072687003075	11.7689185150948
6.22812163448236	10.3258313507663	18.0647670583061	18.4954626765081	17.858641171412
5.65923533924433	12.5055764266339	14.3946406075757	15.2223577839385	17.484780606608
4.08925456513356	7.19565155285977	10.8141210440917	11.7114171785678	14.2933406733026
5.55666777382987	11.9832399166078	15.2175928442493	17.5619103441247	16.9857585853746
3.7547125590944	7.56896520594864	9.1033039297655	11.9067740921223	14.6821456009974
3.20404346061625	6.55099119051312	9.69263314250196	11.6535603035722	13.0549439005569
3.53017056093091	5.67236174310358	8.94806184596467	11.9433663581552	13.509742541606
4.10531276488504	8.12489704703864	10.7480633680485	13.9852128724023	16.2980764293691
4.49940548009602	10.2635572428478	13.705292571194	18.4462768042713	20.0917499511708
8.02863877528142	13.7498718482995	16.6298733930121	18.7005339713851	19.0542598390119
4.81354127109876	10.639103365472	12.4240268233729	13.5860163738185	14.9408036751428
6.22812164903684	9.13746039358534	12.2295091180234	14.0839503578146	15.0520239513371
4.52264930842534	7.24687315262719	10.5021804190023	12.3583561523424	12.901037752367
6.2460887021835	10.1753583684211	12.8232750316057	14.7029767905328	15.8220400199601
4.81354208281147	8.5185817042555	13.3816225397431	18.0418819962854	20.3971034613347
3.36441116053726	7.19242519370721	10.7145923944231	13.2847362838374	15.1081333430841
4.86754344434155	10.2447386235374	14.7980404315274	16.7941339827825	16.5730826071604
4.35979645821664	8.24460395417572	11.6681210075764	12.9468283887032	12.1021065519516
4.86754344434155	9.70464178985327	14.4533172981802	16.8740327006141	22.1187209303676
4.81354186500272	7.97594831244913	9.68424549593169	11.1162901427355	10.7335692556023
12.4608711022281	18.3451386166363	19.5429503885383	20.6069427057307	21.4293121542665
4.35979645821669	8.24460395417572	14.507027708499	12.9330346989433	14.3115843257584
3.86052588928061	9.0468659328385	11.6323763694883	12.2890625307476	14.4534663585495
4.97407992303147	7.52064567167207	9.87667747796127	13.4090308343672	14.819752959762
4.07481147582135	7.45511211517726	12.3196676819164	14.3945021595636	15.8014434227169
3.75471255909446	9.70464178985321	13.1674337401404	16.0416050459094	12.476083179171
4.8135420122847	10.3258313507715	13.3816225397429	16.0759334938696	17.7744899658342
9.46454584496826	10.2886566667891	11.5648683435601	14.0231280312476	12.8605636724977
3.82858188842837	6.8736708710241	9.70597721213812	13.0542898135097	14.3249745462541
5.25979861097272	10.3258313507491	14.2486883838835	18.5438541385184	19.2723662671992
4.86754344434155	9.43405517214529	11.0611006188607	10.3585372103662	10.4075518275101
4.81354208010987	11.1777572234468	13.9027647905836	15.2877737047355	17.6401766979757
4.3597964582097	8.04305238995914	13.63031177597	16.0807174656886	16.9414072544714
8.35865935678453	12.9633288285746	14.3431599786106	16.4822996993326	15.218666156425
4.35979645820959	8.99968863346021	13.1764345142219	16.9153524804938	19.0101034886994
8.71703179612831	15.7933824201796	21.7284089067595	26.14605271505	24.4885924372467
4.02211967264964	6.32203126542674	8.48026600659637	10.3644271475038	12.0695597334071
3.86052588928064	10.2635572428483	12.5859080802001	15.6279303011138	14.3881752669599
6.84425287419191	11.7234265976665	13.5585462845746	14.7136931268644	18.4119589037469
4.08925456513367	11.5256465151332	14.5841280708161	17.3079763924208	18.2393241491117
4.08925456513367	8.77109905870913	13.0607076379739	15.4568037011442	14.7046638374596
7.50460994045073	11.2519315628825	16.3135432464156	17.702168833036	19.0333552677266
4.81354157465341	9.79367297811444	14.4288024678396	18.88158124391	20.4539318804669
4.81354209112538	8.47679529766356	11.7951158890007	12.898789935289	14.3245155027513
4.08925456513367	7.90707590800685	11.5648683435589	13.7151027940967	14.9763830995099
4.10531276488507	10.639103365472	13.3448367971639	13.8882403969611	13.5313878047705
3.56199160097771	8.0641025293246	9.97570019055235	10.5472122324891	11.5889361385588
6.08618037875345	11.797373908078	13.8626307465325	14.6750372602853	17.1161697349041
4.81354195353373	8.0641025293246	10.9081184057616	12.9483588163741	14.2947983852594
6.06762429287505	8.09941539209382	10.4816544401169	10.2011700482416	11.0748238589086
3.3644111605368	7.19242519370653	11.9956106206677	14.4302993152758	14.3028951519107
4.81354195535255	11.1777572234467	12.8992628419346	13.4183296602283	14.3717589458632
3.3644111605368	5.97474576691127	7.77614228771756	9.7815024023659	11.0678116167593
4.10531276488507	6.49434152314802	10.0344307800614	14.236226631787	17.3606437765649
4.86754344434155	10.639103365472	14.1531405713001	16.954390107987	17.8161538704139
6.84425287419191	8.41631293872052	10.2187554962853	11.3154279790897	10.7781062189608
3.20404346061625	5.67236174310358	9.51873239356303	12.0583578374097	12.9114175134821
6.84425287419191	10.9396786351463	15.3593459972199	16.3096698663931	18.7684554028926
4.81354203793825	6.37206932565903	7.51959885445325	9.02615177460655	10.9442332347029
4.08925456513384	7.19565155285966	11.5648683435601	13.4285419343538	16.212384111719
6.06762429287505	8.40419247771666	10.0675672553356	12.3268189053888	12.9618931785742
12.8361522117135	15.5194663199384	14.8027730333326	14.418172178805	20.0580703807567
3.36441116053737	7.52421370292348	9.04565643451491	9.83952233729258	10.1219737860846
3.86052588928058	8.06164504002197	11.3410439316487	12.9090712369759	15.8799662801879
3.82858188842837	8.23237997431613	11.6020490928619	13.2983910743127	13.9870448414279
4.0892545651339	8.04305238995914	12.3310177302047	13.6166280621654	16.2692511050328
7.99958399221538	12.0915498744417	17.1330907887286	19.1011777969876	17.8363375285214
6.84425287419191	13.44833492756	16.3423208452533	19.4223992056537	21.5881799795936
4.41364344323188	7.97594831244908	9.6250638749176	10.9124092108461	12.0797724972873
4.86754344434155	7.52421370292348	9.97462298414297	12.6111522121425	14.5087011237104
5.60492119441193	8.04305238995897	11.2643660470117	13.6235143171496	14.7044360542889
4.35979645820964	9.56296257801193	11.306865576028	15.8500882468486	19.6347653519871
6.84425287419191	9.22390296091817	10.8611493941169	13.7151027940967	17.4004665018649
3.56199160097771	5.92697715306821	7.79349360119045	11.6256435885238	13.4709402004076
5.25979861097272	7.39048556683053	8.78547482072196	10.4601162381742	11.338236227681
4.97407992303152	9.77836684734865	14.1677062423105	16.505303042098	15.3481026142155
6.06762429287505	8.27025607370632	10.7392610976618	12.5012850815138	12.6874109024915
8.35865935678436	7.56672741754875	10.1498113437775	12.7934783296798	15.6898564211566
3.86052588928064	9.70464178985321	11.6188544786903	12.0682676675879	14.733205799427
5.65923533924433	11.1046852028726	16.6340439709305	21.8290545931483	25.2208557070732
3.86052588928064	8.23237997431613	13.7970192464618	17.024187033509	19.2620974665786
8.35865935678464	12.164743407856	14.3278406295742	15.0460883041533	12.0027653618951
5.06531436941231	7.66172728458258	9.52698767503216	12.6168708034641	13.1470137714247
6.06762429287505	12.6129192764174	15.9035250263137	19.0472530447947	22.4111007800934
5.65923533924433	10.2635572428481	12.2865799555046	13.5680853294304	14.9279523749509
9.97010951409658	11.7949519912253	13.0549167984668	14.9374384418452	13.6065325029614
7.31716075820117	11.5219333073342	14.3354907946622	16.3265796402526	17.3582861562401
4.81354164723791	7.53181665167426	11.1935225458988	12.9640928270745	12.5248383013399
3.63343397412581	6.11298718822991	9.70597721213812	13.0542898135079	17.8189204633148
4.97407992303448	8.93197012983205	9.51678816614947	12.1791083042864	13.1349585240334
7.45310330066729	13.3318126577728	18.2087847723301	20.3320059629334	21.6333360403761
7.5046210094406	11.1777572234467	16.0218449240415	18.6818292437258	24.2147388053325
6.15546375674143	11.2377678831594	14.563292076683	18.4442379104231	20.8142185423555
8.71703179612831	11.2593771459681	12.3169971383288	13.2204056898326	14.4318195251275
3.8285818884284	6.10734739262023	9.51873239356297	10.2472901239348	13.5911336135245
4.08925456512941	8.04305238995914	13.6303117759747	18.565437495649	15.382298031623
4.97407992303113	11.967504594536	15.0273164044136	16.8616353624117	17.9284811098045
12.1541646318219	18.0392362117067	16.0502970156306	14.5774342254568	13.7999828451264
7.53730659356762	11.967504594536	14.1370913138134	14.4536522331403	15.7997598011033
6.22812161233446	11.9018124505836	14.2018650478636	16.1878826113117	17.8646932302495
4.52264930842534	8.12576922405123	10.4417852539389	12.7961454204328	14.383503156869
4.52264930842534	7.41444061674326	10.8233052525478	12.8362519063081	15.3462943743758
4.10531276488507	9.70464178985316	12.4878808126438	14.0263119280406	15.4650308954761
4.08925456513356	8.0430523899592	10.6206269033468	11.5387343103098	13.0568214816342
3.77813517452057	8.12945094446445	11.1732660762451	13.3915955537498	17.5515763805067
4.02211967264964	7.56896520594864	10.173531932166	12.2845252375885	14.161316605354
4.02211967264964	8.82353597255957	10.4378599697065	11.3398096664104	12.9740524382626
6.08618037875345	9.27927258876866	11.3682057815258	12.2043603235956	14.1486558150826
4.52264930842534	9.66717085177305	11.6733291932759	12.9983757805924	13.7289638267364
6.84425287419191	9.45763502092689	13.5820651800298	18.6874198770118	20.4327197503649
5.25979861097272	9.68158353284724	13.8373524633467	15.485913199885	16.5295137615836
4.41364344323193	11.444861175224	14.1510155786223	15.7596399203211	17.5490790998107
6.84425287419191	11.7234265976665	14.4939754246362	16.3764326166428	19.3673368675734
3.72522102536396	7.21980476174258	10.173871527218	12.6059002711519	13.6325662691449
4.81354190012229	8.5185817042555	11.2959772369827	12.0016839368107	10.1485572621733
4.52264930842534	8.12576922405123	9.75573615849481	11.1963937278009	13.028658810514
4.52264930842534	8.89024361517642	13.1658551002213	16.0088081357036	18.0159191172155
3.82858188842837	7.1651946371619	7.89438994525943	10.9477933252875	13.0102390079813
4.8135416470169	7.65033134882657	10.0913463747795	11.806765956036	13.5854031716225
4.10531276488507	8.12489704703847	10.748063368052	12.6215844747932	14.6290398000302
4.52264930842534	7.15816748707789	9.73656937320737	14.0690375602061	15.3998691359362
4.86754344434155	9.27879571796632	12.9677554170012	15.9711507088092	19.2368870284525
5.65923533924433	7.8265501437686	10.6692949156968	12.4283131869901	14.2918858013028
5.60492119441193	10.058869076296	11.7507893183646	11.2705232062362	11.9545958725778
9.0940388148918	12.831127811367	16.5608449569287	18.913225494313	20.0688890725454
6.2281214563962	7.84591111607978	10.0011027418989	10.6628519746452	12.0723404630182
4.81354118162409	7.15686311556806	15.1549159690393	19.4648667125643	20.2101869598015
14.3486975874198	17.3011932343306	20.2743745291509	19.2326587502103	20.3262086596591
4.35979645820947	8.82695445579657	11.3990804032258	12.2933355594073	13.2282670184215
4.81354156810488	7.51800656049085	10.6347796360713	13.6324977532906	15.4402839463281
4.81354181810718	8.51858170425544	11.9966446125288	13.8777280281789	14.4760540696271
4.10531276488504	8.10801074227425	13.5103611971748	16.3563175008127	17.9446573523412
3.26659418791002	5.39984420082334	7.87915451040334	10.2825982592967	12.0328083077453
3.77813517450409	8.05976686880922	10.9674591296866	12.4517253171003	13.2808381927942
4.86754344434155	7.38125086962856	8.91127411531693	9.71309388124217	10.5938388514628
5.65923533924433	12.5055764266339	13.4414276980879	13.1390778682675	12.9119832087995
4.86754344434155	7.79117998935271	9.40939899700345	12.6168708034645	15.6323914620502
4.07481147582877	9.70464178985321	14.4737202603685	18.3032050959359	19.3653263751135
6.68660703226448	8.28289281486667	9.12090632437383	10.4901498368905	10.4106498044764
6.06762429287505	10.8981428961681	15.550019876215	17.5855051390001	18.6392006927255
3.82858188842846	7.65033134882628	11.7131725985773	15.094067758424	16.0045767734115
5.60492119441193	10.058869076296	12.6143792019874	14.4297972348093	14.6481621204665
6.22812160839771	7.84591111607978	11.8905333982556	13.4350136237723	16.295877398969
6.7163114425598	11.412690951871	14.0850275474784	15.9778832799685	16.95934391476
9.97010951409652	11.7949519912253	13.1585872550093	13.5914761007547	14.7037125779258
9.46454584496826	15.3149057969445	16.1706233637885	17.5750580679617	16.563949166644
4.35979645820964	8.23237997431607	11.6020490928619	13.2983910743127	14.9770227786234
4.35979645820981	9.78391166914002	16.7386961070052	20.1638377207487	24.6406761920659
4.81354208993338	8.05976686880916	10.9674591296866	12.8431366998727	15.6073697720291
3.56199160097771	5.9269771530723	8.22337221059576	11.8791943337591	13.9965286892752
4.49940548009602	10.492691792352	15.110621525492	15.0764874722965	17.1028620311268
4.10531276488504	7.15686311556806	10.6190818493447	12.9330346989433	14.3115843257582
4.35979645821669	8.40419247771666	9.87666905606653	12.4300506080386	12.9684149637621
6.15546375674143	11.6528015198835	14.7770215282476	15.7342104737623	16.9241710022645
3.82858188842843	7.1651946371619	9.79563307333319	12.9211927272248	15.2155680496651
3.7547125590944	10.7881930612289	15.257457753686	20.6862587185496	22.8263783694784
6.7163114425598	11.9624239035527	15.9406874084104	18.6988376070465	20.9044031085363
6.15546375674143	8.38449133422324	10.0913463747803	11.8141591882991	12.9091397691075
3.56199160097771	7.97594831244965	10.5085839442962	11.3710420690243	11.2873473246771
7.45310330066729	11.4435940787883	13.2794056873469	14.7375764411255	15.3197709301866
4.97407992303221	11.3078323755746	15.834750763056	18.8666463829333	19.3716725512375
3.86052588928058	6.61529304969969	9.87667747796121	12.478611521915	13.114841128203
4.02211967264964	8.12945094446445	11.2141366016556	13.9307161107558	16.5400410475037
7.31716075820117	9.79889406126847	13.0654229502805	15.9997516132698	18.0938428255226
9.0940388148918	12.831127811367	15.6171983056923	18.7057457793535	20.8876939106552
4.81354206866774	8.99518750703396	11.0407010969084	14.6781920904274	17.4463281901401
6.7163114425598	12.2373645041614	14.9703360328818	16.9032547989509	18.9171388710895
4.81354178926188	7.90707590800685	11.6733291932749	13.0542898135089	14.324974546254
4.07481147582081	8.82353597255957	13.8057987087524	15.7363499093918	19.4246598318136
3.26659418791007	7.65033134882623	10.8402681608674	14.180108646768	17.0085960667107
12.8361522108476	17.3961097348654	16.3665211697616	20.0827069708697	16.0242735468287
6.06762429287505	10.9443583681851	13.4484875912867	14.5189421596751	15.4625185288589
4.10531276488504	6.15373533678076	11.1923993453362	11.8723814319964	13.8041336584858
6.15546375674143	11.1777572234468	14.9141004535277	17.8780392823597	19.3604860495215
6.22812166131342	11.7991795889139	12.8654161489044	12.3985629395895	15.8020431030633
6.68660703226448	10.9068487640565	16.6238460151534	19.408431357555	25.3567429051279
5.06531436941231	9.90580740926055	13.3230239603683	17.3597244402043	20.8003256911599
3.90676822122975	7.97594831244965	8.25039295678039	10.4698790812014	11.6988318039316
9.46454584496826	16.6666611565897	17.6669996130255	17.6000373135547	17.3199255812094
7.95866514797677	10.4926917923519	12.0870182136005	13.2261302835333	14.9165212244028
7.50462351054318	12.6234557011509	18.9594206350796	24.4698107778778	25.6598269080951
4.08925456513373	10.7881930640286	14.8547015965655	19.8028784831017	20.8761541631915
7.50462143806106	13.8683105814668	15.6781684959293	20.0404009160301	23.5683506348782
7.45310330066729	13.3318126577728	17.2732020023851	19.4225161335639	21.6744419085165
7.95866514797677	15.9281645557642	20.887335295442	21.7726604122262	22.1980875074538
4.81354185358794	11.1777572234468	16.0218449240414	18.6818292437258	18.0350929296131
4.08925456513379	6.81316278311249	10.9347343911044	12.6498676429039	13.4897551334944
4.86754344434155	10.7881930612289	13.0054619301068	14.8027595637747	16.8042640281017
4.52264930842534	6.6372868440302	11.1634246839108	12.4124421506486	14.7674355808948
4.52264930842534	7.65033134882623	10.2643811658735	14.4382454834532	18.4140877965257
9.46454584496826	14.4593457973188	18.2002174830422	22.121036134005	24.3710578451471
4.52264930842534	9.70464178985321	12.4878808126443	14.4302993152752	15.9900276794043
4.97407992303221	11.444861175224	14.1510155786223	15.7596399203211	16.1041006125623
4.02211967264964	6.00036738050659	8.836896454797	10.7176116321456	11.8676627124377
3.72522102536396	7.62539662745002	10.0573944086909	13.7030292059378	13.55701690201
3.8285818884284	5.94052516488824	9.73656937320737	11.3531533633825	12.9475697853779
3.86052588928064	7.49147572229259	10.8881344510031	12.4715473748515	13.5430321682746
8.02863872983329	14.852499367095	16.6004743866515	18.4841001625878	19.5411599116027
6.15546375674143	10.639103365472	14.7511738126236	17.0211745139764	18.4613311146373
6.22812165154835	10.3598500340779	12.5962190355705	14.5391147154853	14.6881323988421
4.3597964582097	8.43244798951673	9.06329245348138	9.88228783884023	9.22750126360495
4.35979645820964	7.60236214398753	11.2812566248244	11.5726488919981	13.6854581931629
3.63343397412578	8.67510878503174	11.3559010507798	15.95494758615	22.0342802218896
4.10531276488504	6.33247811697851	9.62181276830052	12.8086111317903	17.4142154279144
5.60492119441193	12.718378872414	15.3175458018499	16.5835773435807	16.0686761756565
4.52264930842534	8.82353597255951	12.9929244983412	17.8424646567561	21.6807350716509
3.40684201412304	6.26328714963734	11.1634246839108	13.4987403714726	15.3791259882202
4.52264930842534	10.3258313507635	15.4273220759849	18.8671003701739	21.0422228092366
3.77813517453052	5.66151105383875	7.23788324376693	8.68721580322108	9.50526640919793
4.97407992303073	8.93197012983205	11.5985166892339	13.0576711646401	14.1033456457567
8.35865935678464	10.8301463376762	12.2669608455089	15.1434417760231	15.9244795310761
4.81354208814503	10.639103365472	12.4240268233729	12.5314258466204	13.6134908451475
4.52264930842534	9.66717085177305	11.3828682129433	13.5038848796491	14.9238524649736
3.20404346061622	5.85901806611048	9.68949961319527	13.1007436052391	14.436181844247
7.99958399221026	12.0915498744417	14.7205521930853	15.8381121499058	17.779337690582
4.97407992303152	7.24687315262719	10.0745115048447	11.8834225156374	13.18661067643
4.86754344434155	9.56226938605198	14.6650508332617	15.609031676241	16.3895450721897
10.6325156491039	14.1099596863178	17.1409350055317	16.7177927647014	17.7349103143636
4.10531276488504	7.41444061674326	10.8233052525464	11.7494515544237	11.8128442651596
6.22812166180597	8.38424513868085	10.8611493941169	12.1367455580803	12.641368210391
6.7163114425598	15.9206769890714	24.305305572992	27.8849299487141	30.3938880172179
8.35865935678436	14.4216392011683	19.2841261270572	21.486850700639	24.2463997351598
4.8135414749654	8.61456374581206	11.9966446125287	13.0955715494445	12.6504001379141
4.07481147583039	6.70173033439096	10.5561054937239	11.4837971782662	13.2489752693483
4.97407992303067	10.9068487640565	16.6238460151538	17.5465914959678	18.1587089692807
6.68660703226448	9.10355843325971	10.8387926987649	12.6621753480931	13.6106838295678
4.52264930842534	8.89024361517642	11.4191298470793	13.9694278781155	16.5193463906672
4.02211967264964	8.09630829061405	9.45917291203392	11.5967953799897	12.8040620119891
4.97407992303221	9.05504077499438	11.1732660762451	15.7284437216465	18.9611666419576
4.97407992303033	8.45924728432647	12.9004802058165	14.9629772099807	17.4915640018866
7.9995839922247	13.4842658456158	16.5265819563381	15.8476093941052	17.7889192333631
4.41364344323165	9.70464178985321	11.6188544786903	12.8371085236606	14.4486726173849
9.97010951409652	13.8822130368244	14.8675512090064	16.4662956615489	16.9696606540023
4.3597964582097	8.82695445579657	13.0054619301068	14.78082671596	17.2633383133061
5.55666777382987	10.992394189329	14.8500012837183	16.8364850465966	19.0945950041818
4.35979645820964	10.639103365472	10.9695971760339	13.9861053520796	14.8154880572794
3.56199160097771	7.65033134882657	10.6347796360697	14.421748796519	18.5886050824235
4.81354202223338	11.1777572234467	14.9996193886413	16.9978196899634	19.0790469854699
4.35979645820964	8.24460395417577	11.9873359456331	15.4402681096589	17.4807787399009
4.35979645820947	6.76736231318353	7.91048923284649	11.7744609829768	12.7319465925574
7.31716075820117	10.5879636707236	13.9653931236605	16.0794964195983	17.1274810719867
4.81354197781531	6.36598880522888	7.34665541940325	10.0887316411078	8.73044397796292
9.0940388148918	15.2406269791018	20.433408686886	24.4550959846013	26.6851930833231
4.10531276488507	6.49434152314802	9.09721902366573	11.9926890844925	14.1528387046394
6.15546375674143	11.9794379207041	17.628650535793	22.0061954171922	23.7338049988118
4.35979645820959	9.70464178985321	14.4533172981802	18.7398338119159	20.8005586913707
9.46454584496826	11.4965650619877	12.3401756013293	13.2454887791114	14.0788665685894
8.0286385736639	10.599100181293	13.2102705945913	15.0628760530719	15.8046335310123
4.97407992303073	7.52064567167213	10.0102912007138	11.9913194289381	12.314203353269
4.86754344434155	9.43405517214529	13.8819956536978	16.831692682542	17.8658134056614
4.10531276488504	10.7320985266152	13.0190315005618	16.1567402953808	19.1120308188065
4.02211967264964	8.09630829061405	11.6733291932758	14.2408726468793	16.1414436679005
5.60492119441193	7.77120007560336	9.09549635301522	10.7653665669278	13.4634240062582
4.97407992303215	10.9068487640565	14.88970548871	18.1618137227346	20.9715162296795
6.22812122093615	11.7991795889141	15.4273220759849	20.3116864919864	21.7292770687363
7.53730659356762	11.444861175224	14.1510155786223	17.0740199868407	18.6038439948834
5.65923533924433	8.51858170425544	11.2959772369829	13.4102704084833	15.3200647830214
4.10531276488504	7.25912664232806	9.60413469832611	13.2570175094683	12.379125493536
4.10531276488501	7.88363759982474	10.7236926916107	13.2940457718655	15.739768547219
6.22812165966371	9.59983136470373	14.0543158916839	15.0268034464415	13.7810543010953
10.3451351860643	13.2713382811443	13.6292635036341	11.9573805808374	15.7853587962991
7.95866514797677	13.168234412627	16.1056630368471	17.1362641970919	18.6333425353986
12.1541647565862	14.6609548779891	15.5503868151636	16.0496004686192	18.0242073002415
4.81354207830685	7.05478254096766	9.51873239356303	13.1183718202652	18.3865564744475
7.50462376343887	9.84971454563703	9.97450595363887	13.4670525711007	18.8590420394596
4.81354167682218	8.23237997431613	12.2791900624021	12.2678371668393	15.3340955574692
2.77937972717405	5.67177795084496	8.3677103015371	9.91773065397018	11.8782923856356
4.08925456513236	9.56226938605198	13.0896277331915	15.4173682612094	15.626031719602
6.15546375674143	11.1449522907578	13.1064335327519	14.0248757631928	13.8680216316093
5.55666777382987	7.99498605614281	10.0785728534518	12.8639081820107	14.0704301013716
3.20404346061625	7.1651946371619	11.9956106206678	15.9925943703701	21.8994263835014
6.84425287419191	8.41631293872052	10.0190492877883	11.996838638516	12.708808911769
4.02211967264964	7.66555531465343	9.60557230453935	10.7659153691757	11.2867498033283
4.10531276488504	10.639103365472	13.3448367971639	15.0023070710043	16.8775560355933
6.22812165987926	9.70464178985321	13.1674337401406	16.0416050459095	16.9550068639273
4.97407992303044	7.52064567167207	7.78080643892667	8.86357301779907	9.93546373062782
5.60492119441193	7.77120007560336	10.1387382246757	13.8532987717754	14.492429976546
4.35979645820964	9.81141598477751	11.7736663816448	15.632942521118	20.7528311807027
4.10531276488507	9.70464178985316	13.1674337401403	16.5152277990118	17.9039778491299
3.36441116053714	6.49302102554219	11.227103593821	14.9439212762258	17.7650766685571
4.86754344434155	10.2447386235374	12.8604637925269	14.7684889670172	15.7616524228656
6.68660703226448	9.4821756631203	13.8546711368897	16.755457494745	15.3931495874234
3.86052588928064	8.05976686880922	10.1880630984489	13.4773322521391	14.2860199761022
4.52264930842534	9.7950786712729	15.9692524925963	20.9008453959664	21.9277008867979
4.41364344323125	11.444861175224	13.2860649682167	12.8719385995603	15.0859422786329
4.86754344434155	8.63603170086583	11.2026361951979	13.03161873468	15.0620996681674
4.10127484408116	7.62539662745002	9.93216003142828	13.7631159730493	18.3764615989467
3.56199160097771	6.19531086640325	8.91401303588447	11.8153261209366	12.9790876808761
3.86052588928061	9.04686593283844	10.7434314863187	11.9759214818584	12.394024893095
4.3597964582097	6.98193597966764	9.52698767503216	11.3383850041938	12.5669771203799
4.86754344434155	10.7963024211249	14.1686978110558	17.1716466701902	19.3045036478059
3.63343397412569	6.11298718822991	10.2477444349796	15.2565389394226	19.1398391048783
4.52264930842534	10.263557242848	12.5859080802001	14.4711786705785	11.7467054702364
4.52264930842534	8.89024361517642	11.6054109712888	14.4056455040416	15.8903601444069
6.06762429287505	11.1046852028726	14.7511738126236	17.0211745139763	18.9052672750757
4.08925456513066	8.31547585332095	11.6733291932754	13.2521802887388	13.465825321062
6.15546375674143	9.56226938605198	13.7870962660436	15.6461848608978	17.5856424560715
3.9854630512786	5.70757909040333	8.75377818803884	11.7055800689054	14.4265254035105
11.4767166465101	11.3538837332723	10.5561054937248	13.8275297727339	15.3406442071056
4.41364344323148	8.36563178668359	10.1687669573308	11.3398096665414	12.9740524382624
4.41364344323233	8.18330853485003	10.9080827825495	15.3393427615716	16.4432457193562
4.08925456513373	7.9070759080069	11.6733291932766	13.4285419343526	15.814141727121
6.15546375674143	11.2486241041839	13.0558626674859	15.8872481769108	14.6207853181705
7.99958399221663	11.420191992812	13.8864478116263	14.6104799544521	17.3619427179451
4.81354178732897	10.359850034078	11.0509684570823	13.1854487304485	14.0180345401913
4.10531276488507	9.03614438893027	12.4470164168894	17.1437600114247	20.2341266878915
7.31716075820117	9.56226938605198	11.2260573304293	13.9153058486555	17.4529213393701
3.9854630512786	8.59491076669343	9.86091067672783	11.3743060103525	12.1591754444122
6.84425287419191	9.22390296091817	10.071131715673	13.8532987717752	16.3858057070429
4.81354183733163	10.7320985266152	12.7371056678953	14.0776710531171	14.5799944605933
4.52264930842534	8.12576922405123	10.5903763367716	11.4640817184552	12.9475697853779
4.02211967264964	7.38125086962856	10.1876995758257	13.6514262658269	14.4870449622764
6.2460887021835	11.8378693531206	18.4765066473404	19.7976879922971	20.9180941303775
6.68660703226448	8.28289281486667	9.12090632437383	12.353672546884	15.5425828739014
3.77813517450238	7.74480438232484	9.86920283661874	11.5686603711928	13.0853923954101
3.8285818884284	8.05976686880922	10.9674591296865	11.778566196059	11.8356535164369
9.46454584496826	13.4768479641442	14.5260850491917	15.6461848608976	16.4241514211643
3.48888466281733	7.16519463716196	9.47317880731106	11.0953203459503	11.5272588434131
2.25124321788616	4.0555881426842	7.01805080917183	9.74967013185136	11.8548382636701
6.06762429287505	7.66112119233469	9.87257965595751	12.2968987332374	15.3747290807655
4.35979645820953	9.08759499891102	10.5916518401517	11.1557569965837	11.2967459760747
4.52264930842534	8.06410252932454	10.6803959086856	12.1294544279764	11.9853530042338
4.10531276488504	7.77187964643332	13.3928280979393	15.5138791105246	16.5599910756854
4.08925456513327	6.81316278311249	9.77367109740823	9.77424428326924	12.980044369956
4.97407992303221	9.05544975562418	15.834750763056	18.6774568434955	20.9610687521642
3.82858188842897	8.19907470592915	10.5855431020165	14.6249252119925	17.8877148402798
9.97010951409669	17.2511448063018	21.9741855650732	26.026930687367	34.5752262695156
4.81354209772451	7.10804429653012	12.4713543718765	13.0986716582878	13.0517900645194
7.50462098051139	11.8516427996761	14.5712284629271	16.505724935383	18.1696648230374
4.10531276488504	8.04305238995892	14.9084259681475	17.9038756011529	20.1497105582648
10.3451351860643	12.3822759388522	14.9876263553611	17.0192601609797	18.3173887675354
3.86052588928064	6.83742543834438	8.52561892487938	11.555242035969	12.5067713933321
4.35979645821675	9.56296257801193	13.0054619301068	14.7808267159591	15.03013604966
4.35979645820959	7.9070759080069	11.6733291932767	12.7550201505704	13.655996756633
6.84425287419191	8.73344349199203	11.3276421182392	15.2719444368983	19.0712271653484
6.84425287419191	9.13746039358529	10.8769370669811	12.6763390667419	13.7807472413532
4.86754344434155	8.22319929457109	12.2507306210866	14.0319611514747	14.9573966333729
4.35979645820964	6.76736231316738	7.80151526228553	9.75644152963417	11.4283484312881
4.97407992303221	8.93197012983211	12.3820127536677	15.7974310406829	18.0430839438482
4.86754344434155	8.63603170086583	9.47803525406107	10.6377216060007	11.5218381423637
4.35979645820964	8.24460395417566	13.0054619301069	14.7808267159596	14.7562886762561
4.81354208853566	10.7881930612288	13.3467491767615	14.8722704242901	17.7656656253433
4.52264930842534	7.24687315262719	8.79420345790726	11.8311272820333	14.1337500916005
4.10531276488504	8.61456374581212	12.3164686781151	16.8524458740955	23.2507611780499
3.7547125590944	8.19907470592915	10.5855431020165	11.9474701530326	13.1395974592244
12.8272366299734	15.346128202752	15.3960617505415	16.0759334938697	17.7744899658347
4.86754344434155	8.63603170086583	11.2026361951979	12.1108703984781	14.9098588456803
8.71703179612831	11.2593771459682	15.5721330957771	21.4398296191732	21.4494419136654
4.08925456513373	10.639103365472	14.7511738126236	17.3411396774556	18.4416545651789
4.02211967264964	6.83979569242126	9.51873239356297	13.7151027940967	14.9763830995094
5.25979861097272	9.51244756224401	10.2260312738263	11.6886021755653	13.8031365934854
4.81354205291893	8.18330853484997	10.9080827825495	11.4909284326031	13.1393298261575
3.9854630512786	8.59491076669343	9.41561081627788	12.3949963841155	14.3558736061082
3.63343397412581	7.89861996496256	8.77960044697204	11.1913153698405	12.6190558338424
9.0940388148918	13.8065959344509	17.334785352874	16.3506009461801	19.1894388470583
4.3597964582097	7.95579106759567	11.0300016432742	14.8764077067535	15.0863736902537
6.7163114425598	9.00701286214195	11.4936117343827	13.2648457953711	16.7109544008372
4.35979645820947	7.53462209633511	9.93905303757299	11.6093497043646	13.1541948657577
7.27571544255886	10.4559336377987	12.2134740686289	14.1095854021758	16.3150650000274
9.46454584496826	11.4965650619876	12.8972674882526	13.8419264463004	13.6897926167211
4.08925456512947	8.04305238995926	13.6303117759745	16.0807174656886	17.6041472612172
4.81354204282218	6.70173033439102	8.20660443007785	8.89740489706338	10.7250730090839
3.82858188842843	6.36598880522882	10.4087348857944	14.9432885601688	16.970977081772
6.15546375674143	10.9068487640566	16.6238460151534	18.3942023033781	20.6088133859605
3.86052588928058	6.81227081093988	9.15065100740412	11.7744609829767	12.1770666526102
4.35979645820959	7.60236214398753	11.2812566248244	11.9466234403091	13.9337868543805
7.99958399222447	11.4201919928126	14.5070277084984	13.6329372134773	14.4648158154434
3.90676822122975	6.19531086640416	9.10497530547366	11.5651002538487	16.4489927390437
4.10127484408116	8.05976686880922	10.18806309845	11.8491303967278	13.4325424212732
3.56199160097765	7.39226130329871	8.91692472248315	10.8291558857574	12.3845982869459
4.10531276488504	7.156863115568	10.6190818493447	12.9330346989433	14.7008022432204
5.06531436941231	8.82353597255957	12.9474821550046	15.6930699612698	17.7442596105752
10.3451351860643	14.8557993881792	12.9452524462473	11.9922063328214	11.5818401383942
3.86052588928061	10.3258313507999	12.2639390390067	11.5552420359688	12.5067713933322
5.06531436941231	10.9396786351463	17.4677378974172	22.2321586800713	22.9522485848821
4.08925456513367	7.38125086962856	12.4446268687467	17.1780244515886	15.6778275718083
4.07481147583184	9.23269242075196	14.158951849249	18.8422022981091	19.6823555603128
6.2281216602733	9.45360656477152	12.7883894630523	14.7258135703703	13.537424024522
7.50461748525532	12.7053122548733	18.4486471776401	21.3854285149067	23.6410047514588
6.68660703226448	11.6452536044734	15.3280191884253	18.1321816512975	20.3124192578069
4.10531276488504	10.7320985266152	13.0190315005616	16.1567402953808	17.3974597069466
4.8135420789045	8.06649490657253	11.8905333983732	14.3411573779463	14.2783892065472
4.97407992303147	10.9068487640566	14.8897054887094	18.1618137227347	18.667259386491
9.97010951409658	13.7205668487433	15.6414258741896	16.9385105113845	17.985682274039
9.97010951409652	14.8029697588189	17.8246284071842	20.7556352483728	23.0385250100854
4.02211967264964	9.04686593283856	11.6323763694832	17.3528858199371	20.3121368911378
4.07481147582234	7.45511211513315	11.9264368674862	18.916780072931	18.2340191861413
4.52264930842534	9.7936729781145	11.9472241069305	13.7028927089743	13.295829306402
9.97010951409658	11.7949519912253	12.6508217353411	19.8222450899006	21.4013980521722
3.18922078124257	6.33599218647083	10.0004146647272	14.0682635030229	14.5642265101005
8.02863871756091	11.6198281048053	14.4226053305015	14.0690375602061	15.399869135937
8.35865935678362	9.20457461173612	9.19439479908095	10.8529797830959	12.6176683632463
3.75471255909446	9.04712587682542	12.5552360272333	15.9334816673833	18.0304080997271
4.8135419242974	11.1777572234467	12.8992628419346	15.4744056088534	21.2557145071326
4.52264930842534	8.89024361517636	11.2643660470118	12.3227372978834	13.2425767065708
7.53730659356762	9.30032664495508	14.1351245879529	18.4563073024816	20.673130867373
5.55666777382987	9.7950786712729	12.5183825634577	14.1643443402583	15.6470792994005
6.2460887021835	9.70464178985316	14.4533172981802	14.6871550720534	18.2696420103786
9.97010951409652	12.4678773710622	13.7253012444045	16.4680421152385	14.193710876732
4.10531276488501	10.9391137099904	13.6643217718517	16.6351955376455	17.8782654695967
4.02211967264964	7.38125086962856	10.0193353022823	12.5740895272951	14.4122137379214
3.7547125590944	8.0641025293246	10.9347343911045	13.9575558319017	15.5388251899467
4.07481147583226	8.23237997431607	12.2791900624021	15.7974310406822	16.7086887535119
4.10531276488507	6.75482756455995	8.42748703723254	10.0589514379853	12.4086700113735
9.97010951409658	12.4678773710623	13.7253012444084	18.0520222180318	20.1748519019027
3.7547125590944	8.82186790721505	11.2734029224173	12.6795763348921	14.1142545087992
4.08925456513236	8.15814113433839	12.2238609782879	15.3773888228906	19.4434862138803
3.75471255909434	7.90707590800707	10.9092766153785	11.6490543421466	12.1252738377908
3.56199160097771	7.97594831244908	10.604697826736	14.7826618030795	19.7723894648884
7.50462386769544	13.8683105814668	15.6781684959292	16.9094895676383	18.9082107716499
6.2460887021835	8.51858170425538	13.3816225397429	15.6600577988752	14.232921753609
3.82858188842889	9.40664321986554	12.7108869113625	19.1593032669848	19.9408031705956
4.02211967264964	9.11819281158319	13.2959765280366	15.1503123287529	16.1152028086783
4.02211967264964	9.12701954702982	11.6315124500979	11.0701460187723	12.8568039564157
4.35979645820959	8.23237997431613	13.7970192464618	14.5844820922243	17.2953196505566
7.50462033433502	9.8497145456372	11.6188544786901	12.3583561523424	12.9010377523733
4.81354193639811	7.51800656049062	10.6347796360713	13.8280378966472	17.0085960667107
4.81354209000523	7.90199762840763	9.48843780029193	11.6002312439584	14.1674171783932
4.86754344434155	12.5245266242069	18.3825965638029	20.5604192928282	22.4858012994712
4.97407992303215	10.9068487640566	12.8034067538668	13.5447734601652	13.8243636768951
3.82858188842837	6.58389725050677	8.68430794966577	10.3425465531126	12.3842311718023
4.97407992303215	10.9068487640565	14.1916830677753	15.9292318154793	17.6369804528013
4.08925456513265	11.5256465450387	13.6303117759741	18.8666463829333	19.371672551281
6.68660703226448	10.7875931355501	13.5429650579905	16.4845347423291	15.918953452404
6.2460887021835	8.4756853042224	9.28598738714243	10.0766553514886	11.3509286937368
3.77813517455047	6.10734739262023	8.07793164916205	8.57645666824226	8.8422527422465
8.35865935678532	15.1789367442763	21.3727568286252	22.978008667624	24.6379923666593
4.97407992303056	11.2486241060377	14.2023811688891	15.064730483195	12.2656957865193
4.81354183836589	11.1777572234467	13.7582862372066	15.7616018898234	17.285076406618
7.31716075820117	10.5879636707236	15.4273220759849	16.8827500132354	17.6821547368326
4.81354208840941	8.09630829061405	12.95675186549	15.4225367304438	17.9216845430401
4.41364344323176	8.25950396249249	11.0063247260823	13.4942833358151	14.888256869366
4.52264930842534	5.77368992706062	10.2477444349795	14.6334724957192	18.470586762428
4.02211967264964	8.82353597255957	13.8057987087524	16.6203502561069	17.7246460143002
4.10127484408116	9.03614438893027	11.5800694171099	13.4035378065054	15.3747290807654
4.10127484408116	9.70464178985327	13.1674337401404	18.7700652221246	17.1849314382699
6.22812164765929	11.7991795889193	15.8936410870332	18.6793532131397	21.7701476054328
4.10531276488504	8.315475853321	12.4611352383973	14.3210482840132	16.2788873027334
3.56199160097771	7.97594831244908	10.5085839442877	11.7011524246593	13.1393298261575
4.81354194933397	7.65033134882617	10.4678905202499	11.0238385373915	11.4049474773735
4.81354206208755	8.9996886342816	10.8604339089981	15.0847256337619	17.8067697398902
5.65923533924433	7.8265501437686	10.0098841617726	13.4090308343673	14.9688384993303
4.35979645820953	7.1651946371619	9.47317880731225	11.1779334947462	13.2439890889399
7.99958399220503	10.521631163178	11.9903127522304	11.5034021283681	10.0975711191177
4.52264930842534	8.12576922405123	10.5903763367716	13.0781589403904	14.7006661901174
4.81354197707242	7.65033134882623	9.28768953983445	11.240949796652	11.9353650133564
4.07481147582124	9.79517121361914	14.2703748212665	17.8751415175307	20.0319930984654
4.35979645821669	10.639103365472	13.3448367971639	13.8882403969611	15.9261774633387
4.08925456513379	7.89861996496256	12.0099884667662	14.6823396609466	19.1760542709909
9.04165400012334	13.02319174594	13.5882945598536	16.5366162794032	19.1406374520014
4.97407992303221	11.1777572234467	14.7934571699572	16.7216323599338	17.8781959730386
4.52264930842534	9.70464178985321	14.6650508332617	16.5639475000303	17.5481187678982
4.81354203600898	10.5279457973958	14.3328375726361	19.4180322172062	22.4292424122153
4.35979645821675	8.06410252932449	11.9747847096076	13.801067243569	13.788519879088
7.31716075820117	10.0401257453717	12.268224484358	14.1695609752222	13.9675784816875
6.15546375674143	11.3436904063269	14.5757726948069	15.7418302043594	16.883240447479
8.35865935678362	11.7234265976664	16.5378545246489	17.187284166343	20.5629829226873
6.84425287419191	14.8029697588189	19.9093671088242	23.2720251785908	25.6364817693691
10.3451351860643	12.2059196537728	17.621162317585	19.7603075963177	20.8703679625422
4.10127484408116	8.05716254265803	10.6046978267395	14.7826618030795	16.4721066397508
4.41364344323227	6.43438669205665	8.49437062981428	8.96143597867842	10.9540582391303
4.52264930842534	9.66717085177305	12.2592574469064	15.0813068677974	17.08038398101
3.86052588928064	6.58389725050648	8.60619771963354	12.9427944297521	13.9092984654859
3.86052588928052	9.04686593283844	11.6323763694882	14.5391147154854	15.9698056065426
4.35979645820959	6.98193597966787	9.52698767503216	11.3383850041939	11.7279829029447
5.65923533924433	9.4821756631203	11.194579937467	12.1225188906273	13.1754130435436
8.3586593567847	12.9633288285746	18.314674100756	18.071129357992	17.8237855593969
5.65923533924433	13.1913059050466	16.0821479514457	17.9029108449254	19.9050164702197
3.56199160097771	5.92697715307139	7.79349360119062	11.1470720861686	11.2737577664535
4.10531276488504	8.22253122671469	11.7279644632504	15.4635808177404	16.7822363588339
4.0892545651339	9.56226938605198	11.2177007719322	11.530733471408	12.2267443566162
4.81354145589836	8.09630829061405	12.1181818129442	13.0023136574991	14.9008728584638
4.08925456513384	10.3258313507628	13.0607076379738	13.5571127093947	14.8852854070772
4.81354201158541	7.84822569612135	11.1935225458843	12.9640928045287	14.9919413695164
4.35979645820964	11.4435940787883	16.1739291602396	19.874690821015	23.4864255337652
4.07481147583479	7.65033134882623	10.0913463747801	11.970763459411	13.3930726836464
5.65923533924433	8.09630829061405	12.1359335767996	16.1694595810147	21.8062670738874
3.56199160097776	8.06164504002197	9.51873239356297	11.2747086082236	12.5942562906441
4.08925456513379	8.23237997431607	11.4509300000312	12.8740329890649	14.3453404690174
10.3451351860643	13.2713382811443	15.9264631144153	16.7750351715238	18.8575777454238
8.35865935678459	15.1789367442773	17.4300625368543	19.5634007783693	20.6688066112938
9.97010951409658	13.9913583351576	16.9477095767159	19.8024253840974	18.9867302435216
9.0940388148918	12.831127811367	15.0999764619827	16.0273398948008	16.6216459405275
3.18922078124257	5.48746153520426	9.10497530547366	11.4909284326032	13.1393298261576
9.0940388148918	16.097661525036	14.0160048995265	15.0474544600156	18.2114300366467
4.49940548009602	8.88619247071944	12.9992912707621	16.0510517846599	18.6828465507701
4.52264930842534	8.89024361517642	9.72029771389151	9.8619954054351	10.8607599510249
4.81354164582854	10.3598500340779	14.0354231988754	18.8951222232857	22.5380659606658
3.7547125590944	9.70464178985321	14.4533172981802	17.6465147923813	19.7761555106387
6.22812165495901	8.05976686880922	10.1880630984489	10.7821451008549	11.006014968287
4.35979645821652	11.6528015198835	13.437649418973	11.6740722617841	11.6175683266176
4.41364344323233	9.70464178985316	15.8495624307823	20.5691875010049	23.4080911279477
4.07481147583172	6.21680773934293	10.5021804190022	12.5777714569305	13.4292882992229
4.07481147582072	6.70173033439102	9.1454363334534	11.094156220688	13.0963325826286
4.08925456513379	9.01838704183052	12.2056284674131	14.0417617611386	13.5010461919933
4.97407992303255	11.967504594536	15.0273164044144	17.7221304832933	19.8264290259093
12.8272364592011	17.524888027365	17.3741631592123	18.4269006480928	18.1732605535869
6.08618037875345	8.86732244495499	11.6676766529569	16.1495976168842	18.3983354486564
4.52264930842534	9.66717085177305	15.7167257333458	17.9202570718858	19.6347192383649
4.52264930842534	8.10730527298045	10.0098841617726	11.7298004639212	11.6778212990894
4.97407992303221	7.52064567167213	10.4861051225151	14.0955576843411	15.9686214271187
4.97407992303215	9.05504077499438	11.5884275975536	13.3920910297737	15.2073662526582
10.3451351860643	13.2713382811443	13.5312043383007	14.7083872220578	15.9362097555622
4.08925456513344	7.1651946371619	10.0940049249114	11.8195486701121	11.826189038229
3.77813517453626	8.38424513868085	11.3410439316487	13.2351023121583	15.1410804604114
4.10531276488507	6.89030956633314	9.14773849973159	11.4791969534948	13.2308491617595
4.10531276488507	8.1248970470387	11.3410439316487	13.5402198396121	14.9379012615029
4.97407992303215	9.70464178985316	13.9399329881897	18.6717262337269	16.5943745909917
3.86052588928055	10.2635572428482	13.705292571194	18.4568730881601	21.8498535121386
6.15546375674143	9.93720483694807	11.4367705923815	12.3105547674825	12.6910416340213
6.15546375674143	6.98193597966758	9.52698767503227	9.67631448394582	11.1303143833891
5.65923533924433	8.55063116864284	12.3310177302048	15.034004692449	20.8884615055209
5.60492119441193	10.639103365472	14.2475658538747	17.1545874531711	18.0957441271888
4.97407992303152	11.9675045945361	14.1370913138135	13.5797616468206	14.51843788203
3.3644111605372	8.99968863425647	10.2741382744161	13.2344971644725	15.2050547145867
4.41364344323279	8.18330853484997	11.2812566248243	15.2719444368984	15.804204692722
4.52264930842534	8.12576922405123	10.4417852539389	13.9764726843662	16.7499619089755
4.0892545651335	8.04305238995914	9.62506387493011	10.479001441404	11.9631971616177
3.77813517456025	9.85812648768842	9.51873239356297	11.2747086082236	12.5942562906441
4.35979645820959	10.639103365472	12.4240268233729	11.077770476396	11.8408493070016
4.81354182266665	8.59491076669343	13.63031177597	16.5851917296219	19.0329407279727
4.30446959248758	8.3947048768996	10.908149996096	12.7728829095361	13.5341764032916
3.56199160097771	5.92697715306826	6.90499279230556	7.88492278303602	8.9007745744733
10.632515649104	14.1099596863178	15.211929377255	17.1452528151401	16.9107256927269
5.25979861097272	11.4147336355095	12.8262879898895	13.8714158912168	14.0951037577863
7.45310330066729	11.5900536222977	12.5005346389559	13.4038473316276	11.2069761912302
4.08925456513356	10.7881930612288	12.2506753119804	15.8438959693576	20.915962902295
3.9854630512786	8.01264566749205	10.5181301101481	12.3072001589833	13.2383378164124
3.56199160097771	7.9759483124497	10.6638503556143	12.6032145878271	14.4421109860237
4.81354209096122	8.51858170425544	11.295977236983	12.5312103943645	14.7551018011734
3.77813517453956	7.41444061674321	10.8233052525464	12.6985988726409	15.3462943743743
4.81354202757751	7.65033134882623	9.51873239356297	13.2051564157612	14.74476613828
6.22812153084436	7.8733604466525	11.3030421391172	14.0815994222825	16.0732731780486
4.52264930842534	7.89861996496256	10.6609909834228	12.4210798159173	14.6288730044338
4.81354161881444	8.09630829061405	14.9084259681478	16.0779857708467	13.7462934825957
3.86052588928061	7.65033134882617	10.8402681608674	13.3127600996026	15.1984459959563
3.20404346061622	6.14436108151045	9.10497530547366	11.1208807919835	12.1252738378123
3.9854630512786	6.28202347229137	8.20112101445176	12.6773571535024	15.8191131893657
4.86754344434155	7.11833914963535	10.8324616586325	15.2719444368983	19.0712271653484
4.10127484408116	8.27640784132393	8.92255043184633	10.1242610592608	11.3957160641712
4.08925456512645	6.81316278311249	8.10189756999597	9.24922931805236	9.90004549262051
4.10531276488507	10.2635572428481	11.6554763121179	13.5466218344813	14.9433099999704
4.35979645820953	6.98193597966758	10.9347343911044	12.6498676429039	15.081794680066
8.0286387476811	14.6844118313958	15.4403693491373	14.3028606421883	14.2484134140898
4.86754344434155	9.43405517214529	14.4821208126424	18.8945943071085	23.3275301944675
5.60492119441193	7.66555531465343	10.5172526833319	14.6286421419779	16.4067697806276
3.75471255909434	7.97594831244965	10.5085839442962	13.0045185178745	14.2867833167167
5.06531436941231	9.10683702841521	10.9014018085416	13.6335570371623	15.6484958628986
3.82858188842869	9.70464178985321	13.1674337401406	16.0416050459104	17.8553016603746
3.82858188842843	7.90707590800685	12.2669608455089	15.8334996260344	17.8713952735622
10.3451351860643	16.8462543657116	22.1544266859873	23.9510639445843	23.1961681845967
3.63343397412564	8.75941759596856	9.32846403871241	10.9520458619642	10.7248962841862
3.86052588928061	5.62374326071449	8.28860835389543	11.3062135413381	12.0745558771594
4.41364344323216	7.92729165593624	8.7219594610545	10.2359473578914	11.0690340110846
3.75471255909429	6.58389725050688	8.69497837214163	10.2749518799107	10.9689708079325
6.68660703226448	9.13974092376355	10.9014018085416	13.0952591203885	16.8921752596568
3.75471255909446	9.70464178985321	13.1469921930627	15.8959274836664	18.7169822101164
3.77813517452347	6.10734739262028	7.43372136208791	9.75153379457521	11.423763101339
4.8135419447118	7.15686311556811	9.52572589610025	11.8153261209366	12.9790876808761
4.81354208961488	11.1777572234468	14.9141004535351	16.2580623554566	15.878879064422
6.7163114425598	9.00701286214195	11.6020490928619	12.5826433055662	11.1324496953825
4.10531276488504	9.85812648768842	12.5960374774429	16.1407821306593	14.6862897592927
12.4608711022278	19.9047686225134	21.4425994854847	23.9155201111269	24.7695777115178
4.52264930842534	6.6372868440302	9.3959276399392	13.2173866482203	16.4479683173315
4.81354174129979	6.8039454474299	11.6983689972221	16.0634339354838	18.4340477767607
7.45310330066729	11.4435940787883	16.5512443289298	20.4752898313096	22.4459820245795
3.56199160097771	7.97594831244965	9.62506387492971	11.6415151396406	13.4829256544945
3.63343397412561	7.57194434569129	10.502180419003	12.3583561523424	12.9010377523517
4.97407992303221	11.9675045945361	15.0273164044139	16.8616353624118	19.8526174911231
4.52264930842534	6.6372868440302	11.5223689014978	13.1433714630566	14.5591915773031
4.81354170632625	6.37206932565903	8.46892713217824	10.9552492524544	12.2731583309986
4.41364344323256	9.68198651856551	12.0537187835684	13.5540658126141	14.4765422601602
4.41364344323171	6.61529304969719	8.79285626353476	9.39475827101859	8.58337960714312
4.97407992303152	10.9068487640565	14.1916830677757	15.9292318154788	17.2162971333977
3.86052588928061	7.65033134882611	10.0913463747831	12.4533846967993	14.2371890894922
8.71703179612831	13.1022064637977	18.3712067694742	22.1023382502016	24.3188795308245
4.97407992302897	10.9068487640565	14.1916830677763	14.5001860440055	15.4593129312283
2.92984590383827	7.51800656049062	9.47317880731219	11.0953203459503	11.8749690820465
4.35979645820959	9.70464178985321	13.9399329881898	15.8006911077862	17.7415630531065
3.7547125590944	7.90707590800707	12.3164686781151	13.2687887761385	16.9107256927267
6.68660703226448	10.7854070691224	13.5379427422735	16.4818701880643	18.5584465903063
4.02211967264964	10.4765161788894	16.8008109091208	18.8628110223418	19.9554055574365
4.35979645820959	9.08759499891102	13.7970192464618	17.02418703351	19.0432365963418
4.08925456513373	7.24404984777505	12.3834658976457	14.466493295756	15.2863626418427
3.82858188842846	6.36598880522888	9.13864351888679	10.9466749530627	12.5075650788207
3.82858188842897	10.3258313507779	15.4273220759849	20.3116864919864	21.7292770687364
4.49940548009602	8.55502193537041	11.9477477971333	14.0940484145052	16.1232701875988
3.86052588928061	7.44014404410632	11.4810569992614	13.2909999441482	12.8370504766132
8.02863877219482	12.2789312315896	15.8139282671282	17.7503022399827	16.3342589403903
7.45310330066729	9.89564400341357	11.6438650438103	13.8746777017463	12.3519424494832
3.18922078124254	6.4947766032256	10.2169675722539	15.1330871967882	17.0531372586561
3.63343397412578	6.11298718822997	10.7188570293898	15.3576816054745	19.3824299419138
3.77813517455127	9.70464178985321	13.1674337401404	16.5152277990317	18.8019163412312
8.71703179612831	9.42508009713549	11.1947868291398	12.6498676429039	13.6134908451476
4.35979645820942	7.60236214398759	11.9747847096075	13.7262387078802	16.4152936572966
10.3451351860643	16.8462543657115	17.6684906632617	17.3341246354793	19.2751072736044
9.46454584496826	10.2886566667891	11.9747847096075	13.4189910022907	13.5008646961561
4.81354198394257	6.37206932565903	8.23330469541929	12.7728829095382	14.7006661901173
4.52264930842534	10.7881930612288	12.2506753119946	13.522497117213	12.737087068709
3.72522102536396	8.61456374581206	13.1617587126678	15.8236991533394	17.2490614546418
4.86754344434155	10.2447386235374	13.2646615508846	15.2012833171514	14.8971355777884
5.60492119441193	8.06164504002197	10.8141210436094	11.970763459411	12.5954071057424
5.06531436941231	9.39530485993333	12.5127987829312	14.3584854799789	17.370196101927
9.0940388148918	12.831127811367	15.099976461981	16.0273398947992	16.0376003692374
4.07481147583047	8.43244798951673	10.014340535037	11.5611404041832	12.8653891392373
4.8135416844442	8.5185817042555	13.4072544722956	14.2706488920868	16.457714232718
10.6325156491041	14.1099596863178	13.8176226171213	16.0416050459096	17.6520011524736
3.7547125590944	9.70464178985321	14.7240553558071	18.809260887586	24.2105152312302
4.10127484408116	7.88363759982474	10.1681820718547	12.047887154086	13.0046229701888
4.97407992303107	7.97594831244913	8.72347421820297	9.1915533266648	10.2593719732789
4.07481147582749	6.2168077393431	9.30908648870212	12.7320539431325	17.0443297978993
4.81354164868492	11.1777572234467	13.9027647905836	16.8839870360392	20.6762392723926
4.86754344434155	9.08759499891102	11.6768587919806	14.2475823650293	16.0765369042836
6.22812165187594	12.2438424119388	16.3174716045531	19.5521084570746	22.751993494619
4.49940548009602	6.11298718822991	9.90263103144014	11.6324533496085	12.2892691421403
3.18922078124257	7.15686311556806	10.6190818493447	13.7241571581145	19.1226554901847
7.50461581192593	13.8683105814668	15.6172412734969	17.7816388177527	19.5813543813554
4.86754344434155	10.639103365472	15.6469446734628	18.5813267137416	20.514104708816
3.77813517450619	8.23237997431607	11.8299308110189	15.0822064891343	16.6311041904386
4.10531276488507	9.70464178985321	11.6188544786904	13.8532987717754	14.492429976546
4.10531276488507	6.8736708710241	12.3832690737494	15.4902830956493	19.9037746180929
3.72522102536396	8.67510878503174	10.3796073111413	11.4794560934133	10.1108054229003
5.60492119441193	9.28416629436509	10.934695919856	12.6688385561915	13.5849883412559
3.7547125590944	8.67510878503168	11.3559010507798	15.9549475861501	22.0342802218895
3.40684201412304	7.19242519370709	9.25707773366111	12.5795888759853	13.7708670114302
8.02863877391013	11.6198281048053	12.4942776859357	13.8532987717752	15.7876539319382
4.08925456513379	6.81316278311249	11.8299308109984	18.0416838118555	19.1143935157553
3.86052588928058	6.16364756990339	8.35417698990392	11.0037105060931	14.4658744524338
4.52264930842534	9.04686593283833	11.8028207022455	14.8228233480184	17.1885706708721
4.08925456513401	7.49820107167585	11.5648683435583	13.6620033908036	13.8989206287584
8.35865935678476	10.8301463376761	11.3990804032235	13.2309695465389	12.032808307745
6.7163114425598	10.599100181293	11.3232734726984	12.7728829095369	13.5341764032927
4.97407992303113	9.77836684734865	15.0732225723602	17.8830679497885	18.6330313142745
4.81354209391503	7.66555531465343	11.1935225458844	13.4085704212604	14.8132162049721
4.10531276488507	6.90904628404076	10.5561054937244	13.1400943566802	14.0625518442739
9.04165400012334	11.9859194081357	15.1069215034067	18.5071611950752	18.3983354486563
3.8285818884284	7.58810556769089	9.17891956820438	11.5160558423432	14.5764889507008
4.08925456513361	7.97594831244908	10.5085839442877	11.3710420690168	11.7739175878566
4.10127484408116	8.08776774489991	10.316814154272	12.0121625002165	13.0506874055402
7.99958399222498	10.5216311631779	11.9903127522304	14.2099724532466	16.112482948221
4.86754344434155	8.38424513868085	12.5911681397472	15.2320666256267	17.2692875572679
4.35979645820947	8.24460395417572	11.9873359456331	14.1509994867753	16.0724316441334
8.02863857461637	9.68056659516714	10.3639865780018	12.3979515858039	14.5641015264331
7.99958399219952	10.5216311631779	12.0232937008959	13.7239928316484	18.9385783581707
4.81354202572879	10.3598500340779	14.0095874001333	16.7567778686679	17.7143173672843
7.45310330066729	12.4552343169108	15.2854147279438	16.279678180044	14.9819156492595
3.7547125590944	9.70464178985321	14.4533172981802	17.6465147923859	19.7761555106387
6.15546375674143	9.93720483694807	12.5011253822711	15.2718108984777	16.3588322856074
4.49940548009602	8.10730527298045	11.2141366016556	13.0445737198038	15.0515862256756
6.06762429287505	11.7497091991301	14.5679544772569	14.1838568484748	15.1352229344677
3.77813517452137	7.41444061674332	10.8233052525464	13.0045185178643	14.4222167820624
4.81354209504792	8.89024361517642	13.8904786423196	16.2195292257147	20.3739701622195
9.46454584496826	11.4965650619876	13.1221131042315	14.9733725439937	13.7528331678615
4.07481147584528	7.05478254096818	8.67871204838178	11.7953867312464	13.0366344039732
3.63343397412572	7.1651946371619	9.47317880731242	11.0953203459503	11.4007711250318
4.07481147581683	7.64691978605947	12.1359335767996	15.0351521871136	14.8733675836829
6.15546375674143	9.93720483694807	14.1200578916045	16.129846191229	18.1639447437216
4.07481147581308	6.70173033439102	11.1616638032044	14.0729091606306	11.4748002473819
4.52264930842534	6.06206004263083	9.98647466606235	12.1472470418043	14.1411241490441
6.68660703226448	11.6452536044734	13.6605797007908	18.4498945234164	20.8196657075054
3.9854630512786	6.11298718822997	9.90263103144014	13.004518517871	14.8099761345287
6.15546375674143	11.9333233717024	18.2259143661984	19.2902077416878	19.918281764868
4.41364344323165	9.68198651856534	13.9782781648902	16.7861940685824	15.212220334235
6.06762429287505	8.77109905870918	13.7782152465594	16.8044045821018	17.8763383564727
4.10531276488501	8.05976686880922	10.6976823282859	10.269345408492	11.6175682873379
4.81354169457239	6.8039454474299	10.8054696578191	11.4753423268623	12.106734175538
9.0940388148918	14.6844118313958	16.6682346156518	18.5422986310721	19.6086422230809
4.0892545651335	9.01838704183052	10.6940824028549	11.555242035969	12.506771393332
4.07481147583235	7.62539662745007	9.88448411494198	13.7295144066864	18.6436643158686
4.30446959248758	10.487919027675	13.0864312282403	14.1460021894172	14.917755778435
3.82858188842837	8.05976686880922	11.5148431708438	13.2571815126628	14.1632270500191
3.82858188842846	10.7881930612289	13.3467491767615	14.87227042429	18.1784066754888
6.2460887021835	11.067488380253	15.7250307751468	17.7622345169343	18.8451189862025
4.35979645820953	7.41444061674326	10.5561054937244	15.2853474720343	16.8866290357346
6.22812147747823	8.12945094446445	10.7021716835166	14.0111681682758	15.1379331484959
6.7163114425598	10.992394189329	13.7552353154731	15.7317055862281	15.0091093997136
4.81354193778043	8.51858170425544	13.1950239513986	16.0864545760526	18.1271690442188
3.6197219677976	5.77368992706045	10.051658008055	11.9226899667322	14.4121080710982
4.30446959248758	7.66555531465343	9.60557230453929	11.8785664431056	12.2086025214064
5.65923533924433	8.0430523899592	12.3310177302047	14.4302993152755	16.0085697846422
4.81354178359197	11.1777572234467	15.4273220759849	18.8671003701738	21.0422228092364
3.75471255909434	7.31918116621694	8.93240742614563	9.64143290227014	10.6039654001587
4.97407992303152	11.967504594536	16.7758380011643	20.9908726902849	22.6278319964104
3.26659418791007	5.85022571672516	8.60773461870281	11.9775760097388	12.0023138058847
8.35865935678464	12.9633288285746	16.3960755990929	18.4688553863828	16.9772427622815
3.18922078124257	9.13974092376355	16.7489824442717	21.514027365596	23.8870408024437
4.86754344434155	7.89861996496256	12.8898049760742	18.1880297121086	20.3815326047009
4.41364344323148	7.38530236165758	8.46195314447522	10.9124092108461	11.848931251346
4.52264930842534	8.12576922405123	11.6141142454495	12.5305885478558	11.433644752149
4.10531276488504	8.23237997431613	12.2791900624021	12.6498676429039	14.3872057903948
8.71703179612837	15.178936744276	17.8692766870485	21.0948954582237	23.3059993026905
7.99958399220986	13.4842658456158	14.6739776458779	16.4780838822307	14.9762396251512
12.1541646491057	16.586327187762	18.597357839847	20.6896263385769	19.1906549725009
4.86754344434155	7.41444061674326	10.0423346660722	12.2233080979935	13.6576681471483
5.65923533924433	8.73194874263629	12.3959647010191	15.1161774698882	16.5105293347702
5.60492119441193	9.28416629436509	12.233678366004	14.7119341875082	17.0413876246434
4.35979645820953	8.04305238995909	11.9747847096085	13.8010672435689	13.5561369536973
3.63343397412567	8.67510878503174	11.229986806257	12.9909872917814	16.6262856526691
6.68660703226448	10.7854070691224	12.6079147231371	14.5164403936019	15.5342525416252
4.08925456512952	8.99968568751643	11.0407010969084	16.8411295347328	14.4726662244902
6.68660703226448	11.9675045945361	15.0273164044137	15.488722432596	16.0341789506271
7.99958399221691	11.9142779400727	14.6356379591158	15.5964029451817	16.2512295230345
4.52264930842534	11.3355016738872	14.0561178238528	15.0127257911673	13.670882691913
8.71703179612837	9.01740549166402	10.8071117134327	13.6434113632373	14.305840249358
4.49940548009602	10.492691792352	12.2932560367323	13.0495719419139	12.8342512324089
4.08925456513401	10.639103365472	14.7511738126236	15.4694736284657	14.0621768843132
6.22812166223736	8.12489704703847	10.7480633680551	12.6153300609561	14.3266298794731
9.97010951409675	11.7949519912253	12.6508217353412	12.7596326006918	14.5652517509445
4.97407992303044	8.67510878503174	10.9874463175568	15.3143542406318	16.4130289222328
7.50462386454279	15.7201298757861	18.6937098041142	20.1134650178475	21.2063620234677
7.99958399221526	11.6528015198836	14.7770215282477	15.3375667371947	16.3039039094384
3.40684201412307	5.49753513416243	9.1454363334534	12.9978967481279	15.4638007028829
4.97407992303215	7.38530236165764	8.64791635384739	9.88253254474694	9.40679690609579
4.52264930842534	8.25950396249243	13.1282589721205	14.9498113614479	16.8515678212652
4.86754344434155	7.38530236165758	9.97031861902485	13.937251380907	15.4706670287796
4.81354176625916	8.51858170425544	11.9966446125287	13.877728028179	14.9377787737743
4.86754344434155	8.63603170086583	12.3310177302047	14.1616259007335	13.7459737360297
3.86052588928058	6.11298718822997	9.09721902366573	10.5586851319543	12.0434353574121
4.07481147582442	7.15686311556806	11.6131246634374	14.2270331513163	15.4022763158479
3.86052588928061	8.56995308504963	13.3987421821012	18.1192360017025	20.3455208650611
4.10531276488504	7.65033134882617	12.7863983787799	14.8835524175587	18.5561330513754
4.86754344434155	7.19242519370653	10.1738715272181	11.8879883670699	13.9145142645127
10.632515649104	14.1099596863178	15.2119748510572	17.1452528153828	15.3892224883325
4.97407992303215	9.22203790355081	11.7731823960644	12.6793282203448	13.3499801790951
4.97407992303147	8.24460395417572	13.0054619301069	14.7808267159622	16.4985965233685
4.52264930842534	10.639103365472	16.810075096229	18.856387650314	20.9846507808054
4.81354183833525	9.0468659328385	10.1017413398033	10.6516859628146	11.9579128859127
6.22812147823015	9.86932218875182	11.6268612039564	15.6737964172985	19.95484864836
3.20404346061622	5.67236174310364	8.94806184596467	12.5045790243912	13.4827290711382
6.2460887021835	11.8378693531206	12.7055182623362	13.5886719052201	13.6194154589808
6.22812166246428	9.45360656477158	12.7883894630523	14.7258135703703	17.6488354126059
5.65923533924433	12.8559437909687	16.7820268337305	18.6836410941448	21.0793353070835
6.68660703226448	9.70464178985321	13.1674337401405	16.0416050459095	16.955006863935
9.46454584496826	13.4768479641441	14.5260850491905	17.1676919714725	17.2566905947637
4.10531276488507	6.15373533678087	8.94806184596467	12.5045790178698	13.4827290711382
6.68660703226448	10.7854070691224	14.380832471743	16.3753537934908	16.316372801029
8.02863867089428	10.4552843657778	10.7858342016156	13.117597977786	14.1274342572991
4.10531276488507	5.85022571673528	8.0380908124888	9.29176711569892	9.13692974075184
4.52264930842534	6.6372868440302	8.1774976674422	10.8720180597511	11.7535947120132
3.90676822122975	8.36563178668348	10.1687669573308	11.8907243995786	14.0409127806238
4.49940548009602	8.10730527298045	11.2193340851247	13.0495719419136	13.8969806574861
4.52264930842534	10.4559336377987	13.8748967916919	16.8367514580592	18.9468265175232
9.09403881489175	12.831127811367	11.5973408709703	11.3531533633823	12.8154009301207
9.46454584496831	14.4593457973188	19.031383863524	20.1809333717464	19.1396104959858
3.77813517451705	10.7881930612288	12.2506753119806	13.6000520616302	14.7837180183683
9.04165400012329	14.2563865670714	15.2587771003377	17.0340992987141	15.5173001423939
8.71703179612831	12.2491363005996	15.1757607204553	15.2315010773191	16.2099187726512
4.81354209378384	11.1777572234468	15.3518804095121	22.1897917919135	25.6589721541916
4.81354203544595	8.04305238995892	12.3310177302047	14.1616259007319	16.1410212009917
3.75471255909434	7.39048556683053	9.07311976579012	12.5302831874328	12.99190402052
4.86754344434155	10.3598500340779	16.7008071421997	20.8239146719501	25.1253390097962
6.22812166075846	9.56226938605198	15.1092539462925	20.0661047890482	22.6565616975353
6.15546375674143	11.5368359178595	13.9740641401083	17.3753165973553	19.5435620946513
12.1541650562625	16.586327187762	17.7498107419708	17.8751415175307	16.8237738186723
5.65923533924433	10.2447386235374	13.0910884880585	16.0263537649877	15.2951004320246
4.97407992303044	11.1777572234467	14.9141004535351	17.6767729003828	18.7387972173825
4.86754344434155	9.43405517214529	12.0656974824506	13.888848103668	17.3672217387709
4.07481147586398	7.1651946371619	10.6349505188273	13.2327890128983	15.6087872679144
3.90676822122975	7.97594831244908	11.4537911007155	13.2864883024906	15.1828793027818
6.15546375674143	9.93720483694807	11.6271323105955	12.2571633481517	14.4618287585914
4.02211967264964	7.97594831244908	10.5085839442878	9.14712292557192	10.4922903631824
7.99958399222004	14.9822858163248	17.8981491446199	20.8100563554447	21.9051273332944
9.46454584496831	17.9586987253134	26.3955637417749	29.7771933535423	30.9566194239147
4.97407992303067	7.62082939176406	10.0231153324175	13.2185431533903	15.1413838172186
3.63343397412561	9.26860565370032	13.9841690975126	19.0704184089944	22.4624739484603
4.49940548009602	8.10730527298045	11.2193340851247	14.3592436799694	16.2606815025171
6.7163114425598	10.4559336377987	13.1103714121969	14.9935793696922	16.9592668970404
8.71703179612831	13.1022064637976	13.3179373251186	14.2550031018628	14.2042478925651
4.08925456513384	8.315475853321	11.6131246633951	14.227033151305	15.4022763158424
5.25979861097272	8.06410252932466	12.3196676819164	17.2850739208136	18.6778535719759
8.35865935678464	10.8301463376761	11.3268378761762	12.3178457275126	13.6111002470185
2.92984590383827	5.13293899449303	7.28182017412047	8.85223469271205	10.7450965065247
4.35979645820959	6.98193597966758	9.70597721213812	11.8596371900337	13.7651437853001
3.75471255909446	6.58389725050677	8.6061977196336	10.2296957881416	11.2330090236622
4.81354199295606	9.79367297811439	12.0944772304277	13.2761589922736	16.2495895513823
10.3451351860643	11.3408305901846	11.006053583503	15.5737526725532	17.5859522320144
4.81354187597395	8.78144898248706	11.3522766042954	14.218244373535	16.852442669487
3.36441116053737	7.19242519370709	10.173871527218	11.9671677407036	14.431334360689
4.35979645821658	8.24460395417572	14.507027708499	16.7114794919278	15.4413015015471
3.18922078124262	7.1651946371619	9.47317880731583	13.0189896295412	17.8029395242804
8.22735073380937	10.9784121079258	13.2923211686181	13.7346601009517	14.3177315941228
3.20404346061622	5.67236174310375	9.51873239356297	12.5314258466204	13.6134908451475
3.48888466281733	7.19242519370653	10.173871527218	12.7728829095361	13.584988341256
3.7547125590944	7.56896520594864	9.88941138741018	11.5503521044238	11.3813724039215
3.77813517453609	8.23237997431607	10.8522643737688	11.9276724140838	11.1860844361224
6.22812165841663	9.45360656477152	12.7883894630523	14.7258135703703	16.5572173588022
4.52264930842534	10.4559336377987	14.9384014161311	16.9035121234311	18.950651844019
4.81354187458703	7.19565155285966	10.8141210440931	12.3583561523428	14.1246185488767
4.07481147583903	6.83979569242126	10.2023701297337	14.1546190793936	16.4489927390437
5.06531436941231	7.16751622439358	11.5358768908074	13.6468311418777	18.8614137902137
3.40684201412307	8.05976686880922	10.9674591296866	14.5442870048455	16.9053055263351
7.99958399221862	14.6433392909192	18.3373389529082	21.4398689645885	24.7237365654631
4.35979645821675	7.07831539811411	9.45780334159053	10.3094105004012	10.9600561956603
3.82858188842843	6.36598880522882	10.0344307800614	14.236226631787	17.1730001570624
5.06531436941231	8.24460395417515	13.0054619301068	13.105739486226	14.8500248031955
4.81354201622202	7.65033134882623	9.61206923713365	12.6486624264941	14.1709307298876
4.3597964582097	8.23237997431613	12.2791900624021	15.0644029700255	16.2130371370026
3.778135174515	6.10734739262023	9.56024894707417	14.2391416534078	15.0030777827104
4.07481147582223	9.70464178985321	13.9399329881897	18.6717262337269	18.5363979094062
6.22812153640666	7.79117998935271	10.8071117134326	13.5211726477716	13.205101815484
4.81354183554612	7.66555531465343	11.1935225458837	12.5585902368791	15.2705520561379
4.30446959248758	9.70464178985321	13.1674337401404	16.5152277990219	17.9039778491333
4.81354112109523	10.2635572428485	13.705292571194	16.8759130216202	18.4885449367761
3.26659418791007	7.1651946371619	15.1549159690393	16.7951288684099	17.5532564787367
3.6197219677976	6.02516416339472	8.1964164398982	10.6402351390174	11.4581941924108
4.52264930842534	8.14896468757377	12.2912913522837	15.1002022025265	16.0934162281874
7.99958399222203	10.5216311631779	15.1748987343083	16.8930778055966	18.12578545018
4.81354209937905	7.53181665156268	11.193522545884	13.4135648847299	15.9665034182258
4.97407992303147	9.05544975562418	14.7934571699572	16.7216323599337	19.5329054421036
3.53017056093091	7.1651946371619	9.47317880731612	12.2968987332375	18.6794675862563
4.52264930842534	11.444861175224	13.2860649682167	14.6026910643891	14.3453404689996
4.3597964582097	11.3355016738872	14.507027708499	16.2390003240975	19.2257527538414
4.08925456513259	8.315475853321	12.3186894238098	15.0409515397699	14.8549581173863
5.06531436941231	11.797373908078	12.8143622922603	13.6285906421676	13.8136668230566
6.7163114425598	13.0727538681836	15.8659588051586	16.8468603341919	17.7245767956765
3.9854630512786	6.58389725050677	9.68949961319669	13.7239928316483	16.4377280308026
10.3451351860643	13.9681997909465	12.977177373935	15.7284437216465	16.229715486098
3.77813517452944	8.23237997431607	11.602049092862	12.762453516971	16.2235342179906
4.41364344323279	10.3258313507677	12.5874097622767	12.5617821932007	14.0620734528887
9.46454584496826	11.4965650619876	11.2631402688473	11.9705743302856	11.4857700929413
5.60492119441193	12.7321450802108	17.4468202252973	20.568520451396	22.8421162494377
4.97407992303044	7.52064567167207	9.22221733403495	10.0586010170801	10.5807477673835
4.97407992303044	8.93197012983211	8.9318715885621	9.79009988098369	10.438996353485
4.35979645820947	8.82695445579657	12.9004802058165	13.93863725008	13.0010154550511
4.08925456513367	10.639103365472	13.6739614459981	15.5952993320573	17.0095367313675
7.95866514797677	10.5041313842599	13.7782152465594	16.7117365277484	17.8849935654295
4.86754344434155	7.41444061674326	10.0423346660722	10.6618432186499	11.1170491960268
4.52264930842534	8.89024361517642	13.0054619301069	14.7808267159624	14.7562886762199
4.02211967264964	7.66555531465349	10.517252683332	12.5127904476283	16.1368523712935
4.07481147586617	6.21680773934565	9.1049753054748	11.4909284326031	12.9254598717916
4.0892545651335	6.81316278311249	7.92002454236297	8.68081737871245	9.89340930972378
3.63343397412564	8.12945094446457	11.1732660762453	13.3915955537498	17.5515763805066
3.56199160097771	8.12945094446445	10.6347796360714	13.1334133416313	12.6300104053727
4.52264930842534	11.6269045940085	13.1716111451959	12.8104557634296	12.5630062575732
7.50462387730755	13.8683105814668	19.0024640747727	18.7398338119159	19.7648636185733
4.41364344323097	9.79367297811439	14.8563485704335	18.2524985043235	19.8276575892537
4.35979645820947	8.24460395417572	12.1497554418513	13.6107576852786	14.9729057525371
6.06762429287505	10.9068487640565	16.6238460151535	19.4711672079924	21.8653149186199
8.02863877295147	9.68158353284724	13.2393196509596	15.5578260704096	20.144065300182
9.46454584496826	10.2886566667891	8.45584365293234	8.95794258918727	7.99989063135831
4.49940548009602	8.64602429912537	12.6934516669413	14.6288686324273	16.612044128236
7.95866514797677	12.268005415239	14.1719842404895	16.4246235063862	19.2214007961367
4.08925456513708	7.39048556683053	9.78696830804381	12.4642875686253	14.692324448284
3.75471255909446	9.70464178985321	12.4878808126443	14.0263119280407	15.2226668961374
7.99958399221123	12.2438424119388	17.2637948149812	20.4817809259402	20.476396665699
4.07481147584645	6.70173033439113	10.5561054937227	13.8275297727339	15.3406442071055
6.15546375674143	11.5368359178595	14.2116322204625	16.1058331477719	18.0392577084787
3.15527295934822	7.16519463716196	9.86296230429735	13.4644835778079	15.0001624338398
4.07481147582979	8.73344349199203	13.8904786423196	16.9629066339282	20.8012371179495
4.07481147582837	7.90707590800685	12.2669608455089	15.143441776023	15.9244795310648
3.9854630512786	7.03022955157877	8.56998927508704	10.5042129075289	12.2025895693071
5.65923533924433	10.8107676864786	14.0750309630853	18.1381862446981	19.2123276618028
4.35979645820959	9.85812648768842	11.2848498524174	11.4168910327834	11.9775843855565
3.75471255909434	9.70464178985321	13.1674337401405	13.4724715898843	14.3797882141823
6.08618037875345	11.6419869847423	16.4202854747911	17.5985427730693	18.4095913006256
7.31716075820117	13.2938771269621	16.1974678602162	17.2324371196413	16.0522867149348
3.8285818884284	7.0547825409667	8.68430794966633	12.9030998501989	16.2052999558013
4.81354193489705	8.5185817042555	11.4509300000312	11.6924655820658	14.3353331142815
4.30446959248758	6.61529304969696	10.8324616586212	14.0800517549892	15.3977804834159
8.02863877423965	10.4552843657686	12.9157519530826	14.6995430656194	16.3525685400836
12.8272366407596	15.346128202752	16.4752498631423	18.4169882864349	19.7860339810946
4.86754344434155	9.01838704183052	12.2056284674131	14.0417617611386	13.1061830024358
4.35979645821675	8.40419247771666	11.8816989624561	15.6430485490594	17.7728978508785
4.07481147582894	7.54448189973903	9.47715605400754	12.5693916006981	13.9143222292236
4.81354160421023	8.78144898248706	13.8373524633467	15.9891680629257	16.1409506848608
4.52264930842534	5.91527841535986	9.09721902366567	10.0306578133772	12.8143078090643
4.35979645821658	9.0468659328385	11.8028207022455	16.2299459870652	21.5598129331034
3.77813517452256	9.85812648768842	11.2848498524175	13.0614961878311	13.9947967831204
8.0286384875173	14.6844118313958	17.5148834500483	19.6511345045529	20.5182045836162
3.82858188842843	6.8039454474299	11.6689175511571	14.4571424219264	12.9475697853779
6.15546375674143	9.93720483694807	12.4898686547986	15.227492136142	17.9150005227613
4.35979645820981	7.60236214398753	11.9747847096085	14.7136931268378	18.411958903747
4.97407992303266	8.23237997431613	11.6689175511571	15.7266996275109	17.0040778529015
4.97407992303215	11.9675045945361	13.2050859273299	13.9153058486556	15.5107427577917
3.86052588928061	10.263557242848	12.5859080802001	15.6279303011138	16.9124724825352
4.08925456513367	6.81316278311249	9.88448411494198	16.3385761280836	18.9309891465246
4.41364344323131	11.444861175224	14.1510155786223	15.759639920321	16.8979661495027
6.22812166217091	7.79117998935271	10.8143184089033	12.5909769421372	14.5156218685958
9.4645458449682	16.5683375827986	22.9563883434606	25.0745401397436	23.3293087678578
7.53730659356762	10.2286341442582	13.5979669935653	16.9696556520062	18.8493552954357
4.08925456512588	9.01838704183052	11.5507827115032	11.6324533496085	13.1140537208749
3.75471255909446	8.67510878503174	11.3559010507798	15.95494758615	17.6079568531737
3.56199160097765	5.92697715306821	9.1011697351932	13.8634317696884	15.8392042417746
3.17950703252495	6.58589991065361	10.2477444349796	14.633472495719	19.9099923146532
3.82858188842837	5.719193544821	9.92617884782885	11.3707579417119	12.8505081431034
3.63343397412564	6.65200190238551	11.6010290461786	13.4436503790449	14.4115996338938
4.49940548009602	8.01264566749205	10.4731465716125	14.1342453534969	15.7398659358663
3.8285818884284	6.36598880522888	9.09549635301516	10.7653665669278	12.5039083472334
4.86754344434155	7.79117998935271	9.52698767503216	10.7737722822344	10.7914213702615
4.52264930842534	11.8240582229721	14.2598367779244	16.3095067657213	18.2293847380475
4.97407992303266	10.9068487640565	16.6238460151534	18.394202303462	20.1255036724878
4.10531276488504	7.82655014376866	10.2393623295336	12.8688542405148	12.2359434779925
5.60492119441193	8.28228206149021	10.672240029473	13.5033895692134	16.2752153829744
4.81354165550357	7.65033134882623	10.0913463747831	10.2296955987314	10.2140646677503
4.97407992303027	7.62082939176423	9.65828510156916	10.1933837056897	10.1356423946652
3.90676822122975	7.65033134882623	10.1700307124545	11.5597178612421	12.4437734600386
3.56199160097771	8.61456374581206	12.096794201989	14.8352062639466	19.9421284713681
8.02863854490357	13.7498718482995	17.1409061045359	20.1310614590134	21.6064111378161
2.92984590383827	5.43450802044742	7.5261135422424	11.0635542231641	11.9952889769939
3.03425958881729	5.26301916540262	8.56330560016494	10.4698790812009	11.0142936167153
4.10531276488507	7.97594831244908	9.62506387491737	10.5942295835652	12.3086454834146
6.7163114425598	9.00701286214195	10.652462457006	10.5628651829211	10.2717270088179
4.07481147581873	10.7320985266152	12.0477766875607	18.1890844667923	19.6885512616644
6.84425287419191	10.878074504327	12.6712975142602	14.4635516930475	16.5799657116172
8.71703179612837	14.548431242116	17.5318072432795	19.592381810181	21.8899298589916
4.08925456513379	7.82655014376866	11.2271035938172	13.4284599836038	14.7740917378497
4.35979645820959	7.19565155285954	10.8141210436065	11.5249596977405	13.2933522758552
3.40684201412304	8.61456374581206	11.3248392760755	14.5727206624146	15.601115937537
4.97407992303044	7.97594831244913	10.5085839442876	12.143628384473	12.8518792761005
3.82858188842846	6.36598880522882	9.51873239356303	13.7151027940967	16.9422409140348
3.40684201412304	6.19531086640438	7.69811066273678	8.23101598627863	9.28332607358777
4.8135420362226	8.89024361517642	11.4191298470793	14.1386858531283	14.0968410825078
4.10531276488507	7.82655014376866	11.9277195926815	14.6956757589527	16.3487813276047
3.86052588928064	7.97749882150913	10.7188570293899	14.1138409582186	15.5404906838133
4.02211967264964	9.56226938605198	14.6650508332617	15.609031676241	15.4653356154066
6.7163114425598	7.46579878597703	7.8999105113686	9.67906571809687	11.6005661481272
6.22812133678184	11.7991795889141	13.739019020087	15.6925308977239	16.7081785187972
3.86052588928058	6.61529304969969	9.45331151056615	13.1729030882221	15.2593110417387
6.2460887021835	12.6862341290269	17.4671640406071	19.5514962977793	21.6844652810317
4.52264930842534	7.73559069362199	12.9690611500716	18.5102501825157	20.6539928937165
4.35979645820953	8.40419247771666	10.0675672553355	11.9892174426968	16.4489927390435
4.35979645820947	7.60236214398753	11.2812566248243	10.3701331605528	9.00074154797881
4.49940548009602	8.18330853485008	10.9080827825495	11.8676097162165	11.6570046668675
4.41364344323222	10.6313302132515	12.4545067893788	15.9925943703701	16.1784349422819
8.71703179612831	12.2491363005983	14.5677920050591	16.0880262490028	17.9846454600486
4.52264930842534	10.7320985266152	14.7210957573845	17.1343516291161	19.0478388103887
6.22812166026779	9.86932218875182	12.5297717968203	15.4047970163067	17.197130813834
7.50461787227209	10.8172573692332	13.158587255009	13.5914761006061	13.5590732724151
4.81354196081031	7.9070759080069	11.6733291932752	13.2521802887389	15.1949679755871
4.52264930842534	7.63602531103118	11.551962896343	13.7969199023324	15.3979329416514
4.52264930842534	7.24687315262719	9.1049753054748	13.2687887761385	16.5799657116172
3.75471255909446	8.06164504002152	9.9235940733671	11.2747086082236	12.3620469212553
4.86754344434155	7.90707590800707	12.2669608455097	15.1434417760231	15.2885103280499
9.97010951409652	8.89024361517642	11.6733291932761	13.2521802887389	13.4392057079353
4.35979645820959	8.24460395417572	13.0054619301069	17.8393138181838	19.132854066039
10.3451351860643	13.9681997909467	20.0398231363689	21.3948361934802	20.5256407132859
3.56199160097771	7.1651946371619	9.47317880731225	11.0953203459503	13.626640581268
5.06531436941231	9.39530485993333	13.8739984898147	14.8281770493105	13.9943437502747
3.90676822122975	6.58389725050665	8.6061977196336	10.2296955987337	10.8488484219363
4.3597964582097	8.22319929457109	12.2507306210866	14.0319611514747	15.8937378459415
4.08925456513361	7.0169972239687	9.74892924014188	13.9796018473057	15.2962869184076
3.72522102536396	6.55275252244417	8.0155602174533	8.87565621993713	9.80263980501968
7.31716075820117	9.05544975562418	13.2594625518192	15.0479067822191	16.15255607328
3.63343397412567	9.79367297811439	12.501125382271	15.0851330164789	16.2949967362423
10.3451351860643	14.2194569763557	16.176901397588	15.0479175897894	15.7986408561308
4.35979645820953	8.24460395417566	12.4368894149648	18.0215802411334	22.2443861649435
6.06762429287505	10.0586924911375	12.4878808126443	14.0263119280407	16.0274818797607
3.26659418791002	6.22508823039664	8.77219094204509	12.3029995572147	16.4166283566313
3.82858188842843	7.01699722396859	9.31763426166219	10.1483156175951	11.0177163596375
4.07481147586481	8.64602429912537	10.9347343911044	12.7620613361299	15.229622493512
4.81354156859533	8.61456374581212	13.1617587126668	17.9094347209235	20.250454979381
3.77813517451824	6.10734739262023	9.51873239356303	13.117597977786	14.00033300812
3.77813517451415	7.51800656049056	9.53043253286523	13.6191044233779	12.5210103094431
6.22812165279169	11.6419869847423	16.5984863558427	20.3927295079291	23.502060177085
5.65923533924433	7.9096700336687	11.9956106206678	11.8774074525435	12.2810253350297
4.07481147582243	6.70173033439119	10.2535930599714	11.5205766878587	13.642270635668
9.46454584496826	13.4768479641439	15.257457753887	21.6189012139307	23.4894907686207
6.08618037875345	9.7374213156196	13.3816225397429	16.3272268745001	17.6935949457242
4.81354207966223	11.1777572234468	13.9027647905836	15.6681694831806	16.5073497820925
3.56199160097771	5.85022571672027	8.3677103015371	12.1537050510168	13.507660102647
9.0940388148918	11.7243272766951	13.8652175877774	15.8526486941797	17.9009989425838
8.71703179612837	14.548431242116	15.9949597557752	17.8919868860121	18.9383548297459
4.81354208302878	7.38530236165718	8.46195314447522	11.5651002538487	13.325164504613
4.07481147582337	9.70464178985321	11.6188544786903	12.7213552877836	14.2035847958276
3.7547125590944	8.82186790721505	14.0015035395642	16.9509201705589	16.6729324624904
4.35979645820964	7.19565155285972	11.56486834357	13.4285419343539	16.7069089711186
6.68660703226448	11.6452536044734	14.7210957573845	18.3360359076931	20.5234303659855
6.22812166057395	12.2438424119389	18.1909549359693	21.3448721024864	27.6238417280121
6.2460887021835	8.23237997431607	10.9092766153783	12.2475318498967	13.6643689713277
4.81354197171254	6.37206932565908	8.11875257623973	10.6637688582007	12.5472908040637
8.71703179612831	13.1022064637978	16.6637694671683	18.6818292437256	19.3392773952087
4.10531276488504	6.8736708710241	9.35204667171803	13.5233209633148	15.8936086662812
7.50462381873865	9.05544975562418	10.9605559702474	11.6017511757256	13.4901922596133
3.82858188842843	5.78231095506186	7.24470853094147	7.36920856315129	9.62030189318887
12.8272366049487	17.9788605940449	23.4532019758672	28.328011349021	32.2306686333264
3.63343397412567	8.05976686880922	10.9674591296866	14.5442870048454	16.9169893495447
9.04165400012334	13.02319174594	12.9004802058165	17.770428419987	19.3147600031443
8.35865935678453	14.4216392011683	17.3291459053823	13.1694920650534	13.0348688657132
8.71703179612831	13.1022064637979	17.7825461920364	20.9296145376101	24.2612998460256
3.778135174515	8.23237997431613	11.6020490928619	14.2475823650292	17.648835412606
4.81354192201468	6.83830322846222	10.7370279834412	13.4047562997658	15.43295204854
9.0940388148918	10.058869076296	11.7507893183646	13.5255178821516	14.4480467910204
5.65923533924433	9.69744424478444	12.6414857440543	14.8494495847361	17.5248919364386
6.2460887021835	7.77500421977049	9.33400166571596	12.5428952943535	15.7242898157624
3.9854630512786	7.19242519370653	10.1738715272181	11.874345408013	12.8134476213689
10.7441500874028	16.7805287053125	18.7177399470154	19.6704776616929	21.8401375541324
3.63343397412567	6.49302102554248	11.5737695343616	14.2427665180635	17.3602921030572
6.22812166136134	12.2438424119389	16.9733450952904	21.629069259193	18.3385536958025
3.18922078124254	5.08453789640771	8.45513649305002	11.5925623699	13.7056676755363
6.15546375674143	9.93720483694807	12.5011253822711	16.2427096534879	18.2790988173412
4.35979645820942	8.82695445579657	10.9674591296866	14.5442870048395	17.222124966243
13.0063865497586	19.5686358203567	26.6803505684418	25.2718049025033	24.4784527804055
8.3586593567847	15.1789367442762	16.1117629211286	14.1818437551574	16.4927999529218
4.07481147582311	10.7320985266152	12.7371056659061	13.6030487841022	14.3524521035905
3.7547125590944	9.7936729781145	14.8563485704332	22.0478685790448	23.7807376431695
3.75471255909446	6.58389725050711	11.8905333983695	14.7550162428887	16.9000357315546
4.10531276488507	6.15373533678076	9.30908648870354	11.3809533134091	13.4127633794053
5.65923533924433	12.7729632623488	15.6089177361152	17.6121833142258	17.6875166856217
4.86754344434155	6.49302102554208	11.7736663816448	13.9688575233951	13.5046991972118
4.35979645820959	7.60236214398759	11.8299308110184	15.4913270437616	17.2553141404844
4.41364344323142	11.444861175224	14.1510155786223	14.2672129276579	15.166707033898
7.50462256898476	10.7875931355502	13.0843554507246	13.7213840906051	14.1424301181289
9.4645458449682	9.42953694120678	9.66889569759763	11.4630289094807	13.3328437971022
5.65923533924433	8.36563178668348	12.0808061079908	14.225498553142	16.5345413390422
4.81354209850673	6.61529304969616	9.87667747796121	13.4090308343673	12.7313886600293
4.81354154416351	6.48321584517674	10.4731465716126	12.6972378835529	16.3769838573018
5.60492119441193	8.45924728432647	12.3757334353276	15.2090653479735	18.3760276461916
4.52264930842534	8.12576922405123	11.8333780281835	14.3577795909325	16.2156688684987
4.08925456513361	10.639103365472	12.424026823373	14.4068051765631	14.9419020792009
4.81354186910681	7.53181665156262	11.1935225458844	12.9640928047091	13.5561369536957
8.02863843107104	9.68056659582163	10.652782459493	14.2732025533693	15.2861607795088
5.65923533924433	10.2874896646765	14.7640501450683	17.7259843343447	16.7728905434781
4.81354186225377	9.68158353284724	14.1824624456317	16.173649887312	17.7299717774429
6.2281216621563	7.84591111607978	10.8233052525478	12.8362519065902	15.1827833371275
4.02211967264964	8.09630829061405	10.8758326795796	12.6236975142687	13.9387430827214
5.25979861097272	10.7320985266152	13.6007304747918	15.908650442793	16.7220915060474
6.84425287419191	12.5803087883041	14.4568960290254	15.4311109926044	14.0787933390891
4.08925456512969	7.39226130329871	11.3232734726985	13.0831363566856	14.0013920091066
4.4136434432321	7.97594831244913	11.6841103622278	13.8943137223698	15.8646284714035
4.35979645820953	6.98193597966758	8.59359734258254	11.0793937837673	12.8640097542692
10.3451351860643	12.2059196537728	13.0395625046337	14.5774222260362	17.2909603979131
4.81354177409747	9.85812648768842	11.2848498524174	11.901020356594	12.8445408395576
4.49940548009602	7.38125086962856	10.8324616585313	11.4095767770369	12.8889712783467
4.49940548009602	8.05976686880922	10.1880630984499	12.5479962688104	13.5019387832801
5.60492119441193	9.28416629436509	11.7780069663694	14.5661797730201	14.8075918452164
6.2460887021835	10.7320985266152	12.3832690737494	13.8465787098096	15.3791892258553
3.75471255909446	9.70464178985321	12.4878808126443	14.0263119280407	15.1145673138271
11.4767164823708	12.9199810291897	12.4153711707226	16.1166221259892	18.5013895104711
9.4645458449682	9.42953696397615	10.0143405350371	14.5528945846723	16.0162442283039
4.81354161767206	11.1777572234468	14.9141004535269	17.8780392823596	20.799550970127
3.82858188842843	9.70464178985321	11.6188544786905	13.1356703465474	13.9301967979412
3.75471255909446	6.75482756455995	10.9347343911044	12.6498676429039	12.6256471903324
4.41364344323222	7.3853023616573	8.46195314447522	9.03097178964663	10.1402218348034
4.41364344323222	11.6528015198834	17.2402920652278	19.6467007187468	19.3609442493813
4.81354136309488	7.55607662432175	11.9316078659235	13.3629492887866	15.5425828739014
4.81354202587374	7.42046587238633	10.0293028995954	13.0209681535746	15.9813204398714
4.41364344323159	10.3120781833407	12.8733460169262	15.8200534560199	18.2837362366726
3.56199160097771	7.55607662432169	10.6251871081704	13.5155825740381	13.6576379377257
3.4428293447624	6.81227081093988	9.39592763993926	13.1742166847399	15.1470389354525
6.2281216241982	10.2635572428479	12.2865799555047	13.5680853294304	14.8783111408305
3.77813517455002	8.23237997431613	11.602049092862	13.2983910743127	12.5179603457871
3.20404346061622	5.85901806611042	9.28687275130181	12.1086084141626	14.5374942171701
4.52264930842534	7.97594831244908	10.5085839442877	14.2030668656312	16.7973152492606
3.7547125590944	5.6717779508453	8.14590983815924	11.0975252088426	12.4584918531205
4.08925456513361	9.70464178985321	13.63031177597	16.5851917297392	17.6656922590525
4.81354181555633	7.65033134882611	10.1738715272181	11.37719459212	12.3950454791359
4.35979645820959	7.60236214398878	11.9747847096094	14.4705993796024	16.1020458264114
6.7163114425598	11.412690951871	13.1827553407459	14.8484483888429	17.691433078607
8.02863875321373	12.2789312315901	15.8139285962124	17.7503022399827	18.0237961041992
5.25979861097272	8.89625381289	12.3404004713713	14.6969541398861	16.0412600910586
4.35979645820964	7.07831539811411	10.5021804190024	13.7239928316481	18.9385783581707
4.81354209459829	11.1777572234468	14.7210957573844	16.428111310759	17.4357160049352
4.97407992303221	7.52064567167207	10.0423346660721	11.4909284326032	13.1393298261576
5.60492119441193	7.78574070142867	10.6347796360713	13.6324977532905	14.7376078307174
6.22812165774599	11.9018124505836	14.64859197	16.6475347216122	14.6481621204666
4.52264930842534	8.89024361517636	13.0054619301068	13.1057394862689	11.895820433537
6.22812160173135	7.84591111607978	10.1874983470354	15.034004692448	16.686328114688
4.10127484408116	7.32000214187281	9.47251472976393	11.187679929193	12.0922292739502
7.45310330066729	9.89564400341357	12.5367876634672	15.251615033418	16.2480929274908
4.35979645820964	8.61456374581206	13.9818847953054	18.1912214974847	25.7200550230615
13.0063864213024	17.0571740352971	18.3283275833275	19.3847452807559	19.0280731857288
4.0892545651335	8.09630829061405	10.402333693024	11.9160568124054	12.819421558436
3.26659418791007	6.81298778585898	9.05821233644104	11.970763459411	12.9369205810622
4.81354204689654	11.1777572234468	14.9141004535351	17.8780392823597	20.7995509701271
4.10531276488504	8.23237997431613	11.9445702138174	14.7130233602006	15.6901443344429
9.97010951409658	12.4678773710622	13.7253012444081	13.8777280281789	14.8867155375261
7.31716075820117	8.75941759657354	10.1308979406741	12.5314258466204	15.3183275084889
6.68660703226448	9.86932218875188	12.4163424166838	13.3995823487901	13.408509520352
3.60473679561659	8.05976686880916	11.8367223173254	12.9818137887729	14.0247004697995
3.75471255909446	7.90707590800707	11.6131246633952	14.4332875650159	14.4655077261334
3.7781351745482	9.85812648768848	12.596037477446	16.1407821306593	18.9969131150972
6.08618037875345	10.314029718124	12.1951555533825	12.0779751476292	12.5808343108164
4.97407992303147	10.9068487640565	12.3729210710413	14.227033151305	15.4022763158425
4.35979645820942	8.67510878503174	11.6020490928601	15.4744056088533	18.6691592047347
6.22812146881313	9.59983136470373	12.1430382160667	13.741680426417	15.2043785929574
4.86754344434155	8.63603170086583	11.2026361951979	13.2437586466315	15.5696590309871
4.0748114758342	10.7320985266152	12.7371056678557	14.0776710531219	15.4191032633244
4.35979645820953	7.55607662432169	11.1745431412102	13.841151720172	18.4479644266544
4.81354167079434	8.5185817042555	13.3816225397431	13.2687887761385	16.5799657116172
4.10531276488504	6.15373533678076	8.5521210320511	10.0765008570708	10.9237459078406
4.81354155636421	6.75482756455995	9.1914436065299	10.8766530984958	11.7635465590167
3.86052588928064	7.05478254096971	10.5787390842335	14.045553810666	17.9412769270276
4.10531276488507	7.90707590800702	12.7863983787799	17.5851118956348	19.4972476329115
9.4645458449682	10.2886566667891	12.9004802058165	18.3954032320804	24.6610176372687
4.41364344323256	8.91481884189602	11.807761501438	14.5378483105296	18.2845498031693
4.10127484408116	8.64602429912537	9.20307720992037	9.29491318881753	9.15935231079447
3.72522102536396	7.51800656049096	10.5195411789575	11.858721499282	11.9218121352129
8.02863872446716	11.1777572234468	13.9027647905835	15.6681694831805	14.4644971768352
4.07481147582021	7.19242519370653	9.3959276399392	12.7728829095371	14.7006661901173
4.10127484408116	8.61456374581206	12.096794201989	15.7418791562433	17.7845733104983
6.7163114425598	9.00701286214195	11.2734029224172	14.418713512991	16.6454925818024
4.81354205254411	10.3598500340779	13.7479826218573	17.6832141974193	16.0855856221568
4.41364344323171	8.14029804229864	11.3454116219814	12.9546805179791	14.2728471341263
5.25979861097272	11.9568201572619	15.4601716375586	18.2743230750513	20.7205179959481
5.65923533924433	10.2874896646765	12.9380425596987	14.8191598881137	15.7953941878635
4.02211967264964	8.43244798951673	10.3721161926929	12.0774404618694	12.9734623069513
4.08925456513384	10.7320985266152	14.7210957573918	17.134351629126	19.572816826928
4.81354209815976	8.04305238995914	12.3310177302047	15.99259437037	20.2693575784671
4.10531276488504	6.56894292509133	9.44288651961813	12.3220321081161	13.2135236104489
4.41364344323199	8.18330853485003	11.5834443981713	12.6556549898785	13.5647773614562
4.81354209501211	11.1777572234468	13.9027647905835	15.6681694831806	16.5073497820925
8.02863875203764	11.6198281048053	13.3374619412292	16.0062941037726	18.2158161660025
10.3451351860643	15.221069552148	14.8074093583401	16.8036041641613	18.8831031373164
4.08925456513361	5.92697715306826	9.92617884782891	15.1950502458899	17.4478178039627
7.27571544255886	9.51244756224401	11.3814710394755	12.3712017384262	13.3743012184909
12.3491849797521	19.9685095243522	21.3622702816199	24.8028268584052	28.4335798921651
3.63343397412564	7.49147572229248	10.8881344510031	12.4715473748516	14.1098414768718
4.86754344434155	7.92729165593624	10.7730962674814	13.4149550450463	16.1832139932889
3.77813517452665	9.85812648768848	12.5960374774431	12.8365216388597	13.0798573460288
7.9995839922272	10.5216311631779	11.9903127522304	13.1166923209584	14.6868549098553
4.35979645820959	6.76736231311497	9.94866749077931	11.349438274422	13.0967441042534
4.49940548009602	8.05976686880922	10.9092766153782	12.2475318498983	13.4475222719885
3.82858188842843	8.23237997431607	13.7970192464597	18.1463190268698	21.4841231951715
8.71703179612831	15.5388963993582	16.9271887791346	17.9452449105002	17.8755767702201
8.02863874618919	14.6844118313959	18.6074674748884	22.2556239585203	25.1712528330845
4.52264930842534	8.89024361517642	12.4713543718765	15.0791955815562	17.9403324830517
3.82858188842843	7.49820107167585	9.81477714744437	13.9796018473095	15.2962869184075
6.08618037875345	9.11819281158319	11.7076128582381	14.5727206624124	15.6011159373872
8.22735073380937	10.4741887141137	13.2037644707052	15.3719458372016	16.8491912621697
9.04165400012334	13.02319174594	13.5581175598523	15.4146885141493	16.2082279798493
4.81354168205701	9.04686593283839	11.9966446125288	13.525332506798	13.5195202583697
7.95866514797677	15.9374574645763	20.5305590173328	22.3697544770941	23.5774326069533
4.08925456512657	8.315475853321	12.4942776859357	14.3397264699727	16.2675310357938
4.08925456513373	7.90707590800685	13.0106216101224	16.0160201651204	18.172279677594
3.53017056093091	5.85022571672999	8.14639832401764	11.5291858262378	14.925154160515
12.4608711022283	17.875535611494	19.4629889872136	22.7957894004569	24.0165857222165
3.1892207812426	5.66151105383875	9.86628571018537	11.5896040281675	12.2458938507522
3.72522102536396	6.9350116902541	9.30704005990049	11.9050478581425	13.7653386524389
6.22812165924427	8.12945094446457	9.86146650934893	11.0918991351689	12.3355528644595
3.53017056093091	8.35479027596119	9.93729711337107	13.1826279517925	13.5274524882127
6.2460887021835	9.22203790355081	10.9347343911045	13.0045185178693	15.229622493512
4.10531276488504	10.9391137099882	13.6643217718517	16.635195537646	18.3117212173185
7.95866514797677	13.168234412627	16.0787879273353	17.0270769192899	19.0046964325793
5.65923533924433	7.8265501437686	9.41835869460414	10.2553223694586	10.7584559576994
4.97407992303152	9.90580740926066	11.6371418515487	13.4983629860186	15.4690280311245
3.26659418791007	4.65510301322479	7.28182017412036	11.7913024323595	13.9073747306102
6.7163114425598	9.00701286214195	10.652462457006	14.236226631787	16.0765369042836
6.06762429287505	8.63603170086583	10.3338098191276	11.2273286512194	10.3092040218517
3.8285818884284	7.1651946371619	10.2460746918836	15.2770343022177	18.5414196883095
7.95866514797677	10.5041313842599	13.2174076415457	15.8922012168626	18.528837815879
4.86754344434155	9.43405517214529	12.0656974824506	13.9367816772586	14.9085868295788
9.97010951409675	11.7949519912254	12.6508217353402	14.2216325159876	17.9086978930101
5.06531436941231	8.47246382759045	10.5085839442877	12.143628384473	12.7343389894166
4.81354180694854	6.37206932565903	10.0344307800614	11.5651002538476	13.3251645046348
4.07481147582206	7.65033134882617	10.2535930599715	12.9512744289215	15.1063032485944
3.82858188842843	8.99968568751649	10.1308979406741	12.5352476564398	12.019846950135
4.08925456513043	6.71377678593262	8.34543270847519	8.99193017047827	7.6331370233209
3.7547125590944	6.65481462093345	8.52797178579328	11.0041349264786	13.2639646916169
4.10531276488504	8.61456374581206	13.1617587126668	17.9094347209236	20.2504549791125
5.06531436941231	8.15814113433839	12.7863983787799	18.0989430795983	20.4697325007832
4.10531276488504	9.13746039358534	14.3699657299804	20.4258167931011	23.7970195868932
4.86754344434155	12.3822759388521	15.2529523238355	18.0598873192591	19.4122385660459
3.9854630512786	6.3220312654268	8.29232260747455	9.72101585070692	10.8240124141757
8.35865935678441	9.20457461173618	10.9791514697467	12.9397534089825	15.741279168887
3.82858188842843	9.79367297811439	12.0944772304288	15.2309288724132	18.3418315862767
4.81354193836626	8.5185817042555	13.3816225397429	14.5853251080576	12.9940795248634
10.3451351860643	13.9681997909465	15.7250307751468	18.7980776304645	18.5615522968766
4.07481147586262	10.7320985266152	16.0035296525679	19.8275138388521	20.9999736907326
6.15546375674143	8.8024450714488	13.1339804934142	12.4504621794727	13.7732141250431
4.10127484408116	9.03614438893027	14.6054597736183	16.6081066634412	18.7086067911184
4.35979645820964	8.3947048768996	14.1295085621504	15.2228350966196	15.870347221415
4.52264930842534	8.05976686880922	10.9674591296866	14.5442870048456	16.9053055263362
4.52264930842534	10.4559336377987	15.5440044689082	17.5970837491976	16.808836727269
4.52264930842534	8.89024361517642	12.9690611500716	15.6304170449895	17.0311227800593
6.2281215987154	9.69744424478444	13.686493258806	16.9350949392878	19.3881693294541
4.35979645820976	10.2635572428482	15.416196071661	16.8907454964317	17.9560962520274
6.7163114425598	11.412690951871	13.8573635381681	16.3157493244368	17.3196378489955
8.71703179612831	15.5388963993583	18.3712067694817	19.2591650866802	19.2025606207293
6.22812166117774	10.7881930612288	14.7864596965953	16.6428913138835	17.522986849321
6.84425287419191	13.44833492756	20.3577452840069	22.025523544379	25.0076679782153
4.10531276488507	7.53301533800322	10.8789005946604	13.5956172486345	15.2439126876616
4.81354170996667	8.17419994796984	11.0509684570816	11.7618044630025	12.9994846680242
4.81354193411738	6.5492565537586	10.216967572253	15.133087196788	17.0531372586561
4.35979645820959	8.23237997431607	10.8522643737681	11.1775828439586	11.8640109993078
6.22812146513883	9.64072419079741	11.3732588187844	11.6993038030261	14.2327746764983
3.56199160097765	7.49147572229248	8.53086729631451	13.1054402638997	14.5755961707266
3.82858188842843	6.36598880522882	8.68430794966622	12.5106241732202	16.2673384477687
4.10531276488504	10.3258313507686	12.2639390390067	13.5571127093947	13.6694948110185
4.81354189433353	11.1777572234467	9.67630191090234	10.9750630528202	12.7083322491058
4.49940548009602	10.1258662621889	15.6544970354972	16.6834624463017	17.4709849985004
4.07481147581538	7.73559069362176	12.9004802058165	13.9733475807855	12.0169528040082
4.86754344434155	10.0370177065728	16.2825459697194	18.123485668913	18.3558154202901
4.10127484408116	7.53301533800322	9.59234879986667	11.2914898844681	13.0310055804912
6.22812161888709	12.2438424119389	15.597876471952	18.0037252764922	20.5144799560888
8.02863857072816	10.8107676864787	14.9285541554982	18.5251156235893	20.9998394945023
6.2460887021835	8.78064220132217	11.173266076245	13.2776140078672	19.5691097361928
7.9995839922135	8.7680974204049	10.1538753531228	12.0357888462091	13.5545039965249
4.02211967264964	8.82353597255957	11.2631402688473	13.0019949670035	11.5544046031436
6.22812149606233	10.2162139892349	14.6528545435461	16.616240037661	19.6301320187951
4.52264930842534	11.6528015198836	13.4376494189703	14.3070689541059	15.2810402829753
3.8285818884284	6.58389725050671	10.9347343911045	12.6498676429039	13.4897551334944
3.60473679561659	7.06016365799599	9.59509443758554	12.3837178011198	13.6372718375608
3.40684201412304	5.7900061921373	8.69497837214163	12.5795888759853	13.7708670114303
4.35979645820964	10.3258313507679	15.4273220759849	20.3116864919865	21.7292770687364
8.02863837776334	11.6198281048053	14.4226053305015	16.5097756919823	16.0765369042835
4.52264930842534	8.54550568168094	11.9747847096075	12.5679312175137	12.5722441889188
12.1541649873504	15.720129875786	16.7002871888149	16.6253071947916	17.29782784332
4.81354171488101	11.444861175224	14.1510155786223	15.7596399203211	17.5949080595273
4.08925456513009	7.97594831244965	9.87667747796155	13.4090308343673	14.8197529597621
3.77813517453774	7.41444061674326	10.8233052525464	12.6229908730702	14.0723067762372
4.08925456513293	9.13974091487461	10.9014018085416	14.6046196181647	16.0504149792365
3.56199160097765	7.5180065604909	10.0102912007138	13.1854487304469	16.7095632188232
3.77813517450573	7.74480438232484	11.8402530523791	15.1870483176211	17.1393869824948
7.50462284224801	12.7053122548733	15.7829091025241	18.7109776892214	21.5806558649397
4.10531276488507	8.12489704703847	10.0560140247293	14.1038038865791	15.834407778192
3.7547125590944	6.59781255040446	9.4005847935361	11.354067406543	12.2333252154403
6.06762429287505	8.41849081017511	10.852264373768	12.0357888462091	12.9464619318831
4.81354208416263	11.1777572234468	12.8992628419344	9.41862406049574	9.54045600455845
4.07481147582288	6.95726718063327	9.88448411494204	12.6085957541702	15.9768477572166
4.35979645820953	10.3258313507699	14.8437233628475	18.9002035772503	21.5746323310422
6.06762429287505	7.96356994291506	12.4307667823048	16.6146539862652	18.1464333458935
9.04165400012334	14.2563865670714	15.8591993294435	15.5668817508251	15.0594383684409
6.7163114425598	8.82186790721505	10.4407120878724	13.546541203673	15.0484732556758
4.52264930842534	8.89024361517642	12.0843093256732	14.8567756083072	16.5026623163994
3.77813517450414	5.67408860165705	7.63563840240442	9.03183744799037	9.67314826082594
4.10531276488504	7.65033134882617	10.0913463747801	11.9373053932642	12.9475697853779
7.45310330066729	12.4552343169108	17.1743793889548	20.9649120432055	23.3074305010352
3.7781351745528	7.64691978605947	10.0514455752826	11.9602366542031	13.8313841497359
4.08925456513361	7.19565155285989	11.5648683435687	14.095557684341	15.6637299650839
4.35979645820947	6.98193597966764	7.99165212196795	9.13708454039016	9.97153326731842
4.81354155471911	7.19242519370653	10.7145923944231	12.4167502217275	13.3028616103319
5.60492119441193	9.28416629436509	11.7780069663694	13.6290934902715	15.513088547908
6.84425287419191	8.41631293872052	11.9747847096075	13.8010672435689	12.2262010528256
4.35979645820953	8.47568530422251	13.2023662200439	15.8933207250035	18.0054375642794
4.86754344434155	9.43405517214529	11.1755916663628	12.08360730277	12.1282572748959
7.5046229354694	11.2519315628822	14.8742425462199	16.3019836703277	19.6646037275063
7.99958399222135	10.521631163178	10.6044648727349	13.8382037529019	16.0940457833264
4.41364344323244	7.65033134882623	11.006053583503	13.7030313181809	15.6249377936439
4.35979645820959	6.00436469004291	7.86341125858229	9.11809575278591	10.3839607703187
6.2281214783896	12.2438424119388	15.5978764719529	17.6009957133566	16.2945666061212
4.07481147582715	8.61456374581212	11.324839276077	14.5727206624147	15.6011159375095
4.97407992303039	10.9068487640566	12.8034067539033	13.5447734601663	13.6441874595553
3.86052588928061	9.70464178985321	12.4878808126442	14.0263119280407	15.114567313827
4.10531276488504	8.0616450400218	11.3410439316487	11.2344799468187	11.7923298929803
7.50462269636057	8.23637009082324	11.9747847096085	14.2702748823217	12.2829488863558
2.92984590383827	6.03483220685405	8.70859948064685	12.581092404837	13.9582132977734
3.77813517452404	8.12945094446445	11.173266076245	14.7550162428895	17.5515763805067
6.22812163185654	9.70464178985321	14.4533172981802	19.5205931785827	22.040218753025
3.7547125590944	7.58806000017046	11.5329380501846	14.670858211403	16.6047200665893
4.8135420030838	7.53181665156262	11.1935225458849	12.9640928027364	12.5248383014404
3.1892207812426	7.88363759982479	10.1681820718546	10.8588231105535	13.7280778022223
4.41364344323262	10.3120781833407	13.1617587126668	17.9094347209235	20.9929842729481
5.25979861097272	7.51800656049096	10.0102912007135	11.0107002934479	12.3645886762711
9.4645458449682	13.4768479641416	14.5260850491914	14.7669236453274	15.5360967109931
9.97010951409652	16.0579191119449	21.3186694072304	26.2003491333359	25.5280414514231
4.0748114758309	7.97594831244913	10.5085839442876	12.1436283844729	13.7133682593314
4.81354200756397	8.5185817042555	11.2959772369829	12.1134079441128	13.6083863926701
3.40684201412307	5.93701353719513	7.60478281827932	9.80186661426154	10.8892889904923
4.52264930842534	8.24460395417572	11.6681210075857	13.3995823487901	15.3179992799204
6.15546375674143	8.05976686880928	10.9674591296865	14.544287004844	16.9053055263299
4.86754344434155	9.43405517214529	13.8819956536978	17.057194579381	17.8370016915945
6.2460887021835	11.5472684142975	16.214105543174	17.9746663572051	18.6158944895531
5.65923533924433	9.4821756631203	11.9277195926815	13.7583318263688	15.3689341514042
4.35979645820964	8.2446039541752	14.507027708499	17.0656594178732	19.8037448536146
4.08925456512986	8.61456374581206	13.1617587126668	15.823699153296	17.2490614546381
7.50462313457268	8.23637009082324	9.93293363265542	10.9081014026526	12.1024955271338
4.0892545651335	7.59255961711591	10.0344307800614	13.5923385975196	14.4640317819119
8.35865935678379	10.8301463376762	12.2357963738331	14.1091763078285	16.0097685163288
4.81354202269631	10.2635572428482	13.7052925711949	13.5667261293302	13.655996756633
4.41364344323097	7.59255961711563	11.0931846495033	15.7030787126984	16.8293526301144
4.07481147582769	7.19242519370653	10.173871527218	12.5795888759852	14.4313343603375
3.72522102536396	7.1651946371619	9.47317880731242	11.0953203459503	11.8533535646
8.71703179612837	11.2593771459682	12.3169971383321	15.0474544600154	16.5730826071604
4.08925456512941	10.3258313507629	12.2639390390067	13.5571127093947	12.2592554778258
4.86754344434155	10.639103365472	12.424026823373	13.5860163738184	12.7700953774034
6.15546375674143	10.1642703388433	14.5907937603964	17.5746326376778	20.7846763867194
3.63343397412569	6.11298718822997	9.90263103144014	13.4843682657474	17.0591767968507
3.86052588928058	6.10734739262023	8.06959993220778	8.57985112129637	8.58701175427899
2.87374888049882	5.67177795084484	7.09908893134428	9.72101585070686	10.4674664484422
4.97407992303215	7.52064567167207	12.331299564797	13.7560516810138	14.7382310505467
3.75471255909446	7.66555531465343	10.2741382744164	13.017583512423	14.0081526204787
4.41364344323154	8.18330853485003	12.4594047687906	14.0813702895231	16.9967036183197
9.46454584496831	15.31490579693	16.4420504126561	19.425175570962	21.5235751126875
4.08925456513379	7.10804429653007	9.59234879977862	14.1546190793937	17.1513311645981
4.10531276488504	8.06410252932454	10.9808194548067	15.2594519895285	18.1160507579454
4.81354098261994	7.53181665167426	11.1935225458989	10.8918309176417	11.741148754722
3.7547125590944	6.81227081093988	9.09549635301516	12.0357888462091	12.9464619318874
4.41364344323171	9.55889581634739	11.8789189561404	15.8232693105941	17.6763006461061
4.08925456513344	10.639103365472	12.4240268233729	13.2687887761385	15.0253410593827
7.99958399222686	10.5216311631779	12.7854758086098	13.5998562697457	14.0777751991395
2.87374888049879	7.66555531465355	9.60557230453935	10.7659153691757	14.0815968775673
4.3597964582097	6.98193597966758	9.52698767503216	9.67086070024573	10.355323318308
4.07481147583252	9.70464178985321	13.1674337401405	18.7700652221246	20.9877167390914
4.86754344434155	10.0370177065728	15.7988305598101	17.3239983375775	18.6691198029988
7.95866514797677	14.0800978373501	17.0802062249267	21.6189012139307	20.1415051680074
4.08925456512969	10.639103365472	14.7511738126236	17.0211745139763	18.0305374829663
3.63343397412569	7.18142680263173	10.4693925415505	11.6324533496085	15.1828793027819
4.86754344434155	8.63603170086583	11.2026361951979	14.3596354605613	19.0853400375642
4.35979645820959	6.76736231285503	8.20794649848909	10.9364024269805	11.4711929857617
6.22812164919048	11.3355016738872	17.4868859332806	25.5610062741406	27.9988885943
7.45310330066729	13.3318126577728	19.2176769739167	23.0808604688044	28.8953418565698
4.81354201360733	7.26772860826185	11.1579526685921	14.6981190592207	16.7219581701859
4.35979645821646	7.05478254096585	9.29274062262749	11.9869455574344	16.6993562355688
4.86754344434155	7.07831539811411	8.64679531282133	9.29567483114693	10.2753602286211
9.0940388148918	9.70464178985321	14.0571385619484	21.1374316513867	22.6942973008081
4.41364344323216	9.81141598477751	12.99298190052	16.9518372842898	17.1330121548228
6.06762429287505	10.8981428961681	12.7224239348367	14.1695609752221	15.9275364478718
3.40684201412301	7.1651946371619	9.47317880731237	11.0953203459503	11.8749690820465
6.84425287419191	8.41631293872052	11.6760071350373	13.4850871365213	14.8770504775351
6.7163114425598	12.2373645041613	18.7666503641162	23.0067657206547	29.6363533938923
4.81354188958329	8.78144898248706	10.482198279794	13.0952591203886	15.9987620076575
4.52264930842534	10.7881930640286	11.5706649263958	13.381087658695	14.6990544220021
5.06531436941231	8.12489704703859	11.8789189561404	15.1942024998825	17.1896284422297
3.90676822122975	9.30006780973838	13.5372218396501	15.7713922183603	17.2098198261464
3.18922078124257	5.20787136274146	8.60773461870281	10.2145047734862	12.8473100304842
5.06531436941231	8.47246382759045	10.4522485369474	12.9211927272247	13.0247718578165
4.35979645820947	6.98193597966758	9.69035638675336	14.011513517197	16.8297619413497
9.0940388148918	10.7963024211248	11.5053211128996	13.7304866650206	15.1984872159782
8.35865935678441	9.20457461173618	10.9791514697469	12.4299168527356	12.1067341755381
7.504623500256	11.2519315628821	13.1247102121184	13.5860163738185	14.2765249230864
4.08925456513356	9.1397409237635	10.9014018085416	15.8388149629954	17.1105449633219
6.7163114425598	10.599100181293	12.9822229809338	14.8310680263118	16.7697101620442
6.228121484376	10.3565485887888	14.013014420924	17.0255219922556	18.6582466727344
7.31716075820117	8.95713940777256	13.3928280979394	14.4702305949506	15.4083955427955
4.9740799230305	10.9068487640565	12.8034067542417	14.4658197283051	15.4685150100804
4.10127484408116	8.27640784132393	12.4762552999587	14.3464446379515	15.062642922714
4.41364344323171	8.18330853485003	10.9080827825495	12.5314258466204	13.6134908451475
4.0892545651339	8.15814113433839	11.6560734782475	14.8307551343398	17.2851022030845
5.60492119441193	10.8449596267023	13.461419637487	14.3835598378795	17.2439437752665
4.86754344434155	7.53181665156234	8.90312330815817	10.3625586022886	12.2336907285948
5.06531436941231	8.64026336730456	11.0748573792574	11.9371289360759	13.9881700670211
4.35979645820947	10.7881930612288	13.3467491767615	19.0002615935002	20.3382007583077
4.41364344323239	7.38530236165661	9.29274062262743	12.3536725469465	15.5425828739013
5.25979861097272	8.23237997431613	9.39502804075977	11.2288240010607	12.8494230035391
4.52264930842534	8.12576922405123	9.65853794534814	12.3949963841144	13.2639646916176
3.86052588928064	7.66555531465343	10.2187554962852	14.4947691078222	17.5988678634806
7.95866514797677	12.268005415239	13.5229837840471	15.6594326586953	17.609437879009
3.6197219677976	7.19242519370653	9.70597721213812	13.2687887761385	17.747645851177
4.86754344434155	9.43405517214529	11.560823375079	13.4000751979848	15.3397865048696
10.3451351860643	11.3408305901847	11.130533706946	11.9276724140848	13.2780974728875
4.35979645820964	7.77187964643338	13.4072544722956	16.1805163877406	17.6011923285532
7.31716075820117	14.1971130352085	17.5630892703332	19.7862063694105	22.4460323687671
4.86754344434155	9.01838704183052	13.299308870457	16.1445316608697	17.1431182370438
10.3451351860643	13.44833492756	16.3423208452533	20.569187501005	24.1238427721404
3.53017056093091	5.85022571673505	7.38509042864496	10.1841534153536	13.7663471908305
4.86754344434155	7.08100111750235	11.8226115885151	13.1688945269195	17.3812138329355
3.9854630512786	7.65033134882623	11.2260573304293	14.2362266317871	22.052722737506
3.86052588928058	6.56894292509133	10.0940049249114	10.5856160869588	11.8718130643615
8.71703179612837	15.7933824201795	19.3377618865118	19.0220644273666	20.4378381577643
4.86754344434155	11.2486241050913	14.5841280708161	18.1627046691806	21.1967545663618
5.06531436941231	9.39530485993333	13.4374326716469	14.2471140131171	14.9877791300565
4.4136434432321	9.79367297811444	11.8220559820342	13.1699744779301	14.7346690926731
3.26659418791002	7.65033134882651	11.2260573304293	13.915305848655	15.5107427577685
4.35979645820959	11.6528015198835	13.4376494189701	18.6424678370205	19.704656001025
4.81354163108563	10.5279457973958	14.9224286831526	16.8623827615831	18.7484282132243
4.35979645820964	6.76736231309059	8.76870623041719	9.90517022916583	10.9849578314422
8.35865935678413	10.8301463376761	10.8141210440879	13.7158576779747	13.3410759963843
6.7163114425598	11.412690951871	13.8573635381681	15.750585499793	16.8611120862549
6.7163114425598	10.2447386235374	12.9403691443406	15.283628286789	17.3211059773298
4.10531276488501	10.9391137099863	13.2133990238066	14.5797399608897	14.3967843790358
4.97407992303027	7.52064567167213	9.90263103144014	10.6844488585783	11.7400623232863
4.81354189349651	8.17419994837013	11.9957849974737	14.5207550011327	15.5367223984169
9.97010951409658	13.7205668487433	18.6074674748885	20.7338002542908	21.8368267097178
4.81354129920379	8.19907470592915	11.0084012078653	12.3636603097623	13.2951873911501
4.81354193318685	7.53181665167421	10.4678905202499	11.0238385373917	11.7375328387386
7.50462249729793	12.6234557011509	15.3633301094183	17.3000524277888	18.1490389494259
4.52264930842534	8.89024361517642	11.4191298470793	13.2204056898326	15.1049615066521
10.3451351860643	15.347640464771	17.3810092491652	18.4879506385792	19.3550415032579
4.08925456513384	7.15031070781089	9.00411207938475	10.9126837877649	12.2792455840377
6.2281213720488	10.3258313507727	14.6298605367324	22.4599308103228	25.3512688372545
2.87374888049882	5.6717779508453	8.21387722565311	10.0004206915232	11.4534701681881
4.02211967264964	10.3258313507714	14.2269176335417	16.8477462637646	18.836403244406
6.22812162628554	7.84591111607978	10.0423346660721	11.5247076723787	12.7234284476834
3.56199160097771	5.6234615939693	8.23330469541929	11.1208807919835	11.7585939898538
3.75471255909446	7.97594831244908	10.5085839442878	12.267962531887	15.0620996681675
6.22812163677577	12.2438424119389	10.9744751780553	14.069037560206	13.8920254332181
4.52264930842534	9.08759499891096	11.7842843827668	13.9412333036358	14.9126966092969
8.02863792826059	14.6844118313959	16.0432773322594	17.9374154575033	18.6846712081497
4.02211967264964	6.54972688663713	8.11901979013413	11.0635542231641	11.9952889769939
6.7163114425598	12.2373645041614	16.8475048562829	19.6901787223885	18.3640244065203
3.90676822122975	8.23237997431607	12.7055182623362	14.2812756128124	15.4036979236876
8.35865935678396	10.8301463376761	12.1430382160667	14.1307019668437	16.4453328549052
4.86754344434155	9.43405517214529	13.8819956536978	14.853462304402	14.8970382461506
4.97407992303221	7.90707590800685	12.266960845509	15.1434417760231	16.3970667574271
3.86052588928055	8.73344349199203	14.4016496415179	17.4521335712901	19.6312555037904
7.45310330066729	9.89564400341357	11.0931846495033	13.0201502607817	13.6056979719935
4.02211967264964	9.11819281158319	10.7449253713466	12.6059002711527	15.1351126892507
4.4136434432321	7.65033134882617	10.3130301022536	12.8137436297012	17.1591231686825
9.97010951409658	16.0579191119449	16.810075096229	19.896229942788	22.0654259840679
6.08618037875345	9.7374213156196	11.6055971790316	14.3289383198653	17.0597201841628
7.50461989655753	11.2519315628822	14.8742425462199	16.1495976168841	20.7028450568102
4.41364344323176	8.22319929457109	13.0901284125879	15.8381121499058	18.4919953367117
4.81354166137493	7.51800656049096	9.98412333506036	12.8777888057688	14.0637744525904
3.82858188842846	9.70464178985321	11.1555349263753	14.5687469937607	18.0884977018443
9.4645458449682	12.6234557011509	13.5255214547398	11.6819600663765	11.7375328387386
7.50462382627416	8.23637009082347	9.45780334159065	11.1775828439592	9.4710842426839
4.35979645820964	7.05478254096482	11.2260573304293	13.1171878893152	16.8187993410326
4.81354202948489	8.06649490657259	12.309480427454	15.1388123181699	18.1554381238116
5.60492119441193	10.058869076296	15.2709920289811	18.9158599227535	19.6201538629165
5.06531436941231	8.64026336730456	10.2510717163573	11.3532895128718	12.217640569746
5.60492119441193	9.05544975562418	13.2594625518192	15.0479067822191	14.9716753932914
4.81354209581292	7.38530236165673	8.89546596291797	9.42973265358688	10.1604200739502
9.97010951409658	14.4843612004804	17.1078293234217	17.8332307646382	18.1642217708619
6.22812149934117	8.05976686880922	10.9674591296866	12.4517253171002	12.6944265546796
3.8285818884284	8.0641025293246	10.9081184057615	14.8412482291191	17.1257729042285
4.35979645821664	11.6528015198836	15.316936008211	21.6374044117191	21.3614207552212
7.31716075820117	9.79889406126847	12.6300351973455	15.5631143246268	17.9176665559766
4.97407992303152	10.9068487640565	15.9949597557753	19.0220644273666	20.0812680622674
7.99958399219997	13.4842658456158	19.3160871928651	24.3495598293369	26.4901979517924
4.81354140861424	11.1777572234468	12.8992628419348	14.2976136521945	14.309304220512
6.15546375674143	8.91481884189602	10.2090791348923	11.3707579417119	12.8505081431034
7.95866514797677	10.9099358183807	16.4579419440166	16.0143632846612	15.4291730166416
10.7441500874025	18.894099257334	24.9760009055099	20.6669391228486	19.6105505920957
8.3586593567847	12.164743407856	14.8410744898351	17.0099690330017	19.0634972986368
7.50462384500912	11.8516427996761	16.4541624397493	19.5093490319159	19.4790925192249
4.35979645821669	8.61456374581206	11.5778957608218	13.0406684049636	15.2416261802587
4.02211967264964	5.67177795084507	8.46892713217829	10.9552492524543	12.9656665375759
6.68660703226448	12.3019967463337	15.5196330746519	18.1627046691805	16.7824106403917
4.52264930842534	6.8039454474299	10.8054696578192	12.0682676675878	12.6079849279849
4.08925456513384	10.639103365472	12.424026823373	13.5860163738186	14.9408036751428
6.06762429287505	11.444861175224	13.2860649682167	14.6026910642695	16.1776161911711
6.7163114425598	13.0727538681836	14.7457790090867	15.7074687998863	16.4011831911656
4.02211967264964	8.09630829061405	12.1181818129442	12.0282318430585	14.6134740733062
4.86754344434155	10.7963024211249	17.384850626948	19.2718501936705	17.4278780060019
3.6197219677976	7.51800656049096	10.0102912007134	13.917233876334	16.3444022229926
7.31716075820117	10.0401257453717	11.5358768908083	13.6557152590558	16.419576477647
4.81354205839767	6.37206932565903	9.88448411494198	11.6001311404708	13.7133682593315
5.65923533924433	8.43244798951673	10.8285704501199	12.1786231975872	13.1257890245927
3.40684201412304	7.03022955157877	9.51873239356303	12.5314258466204	15.5412267344813
4.02211967264964	8.12945094446445	10.5937602724412	14.9377299687857	20.5715199153378
3.82858188842846	7.19655119622172	11.5715488761663	15.8342464801197	14.570364269997
3.72522102536396	7.25732376128275	10.1605258630448	12.1695133380653	13.6033157668197
3.63343397412567	8.67510878503174	11.3232734726985	15.8287133194959	17.8125032144772
4.52264930842534	7.62539662745007	9.77965519744964	12.043655864998	13.3464679067899
6.2460887021835	8.59017135387313	10.1738715272181	14.2216325159875	17.0239912066473
5.25979861097272	7.84822569612135	9.57855076225792	11.4508405182794	12.4421060153475
7.99958399220577	14.6433392909192	20.1915223355583	19.8967470571392	21.7492985521402
12.8361522163393	17.3961097348653	18.2103463600051	20.6512762939089	23.8138203324939
4.81354130939638	8.51858170425544	11.6681210073173	13.6920829564829	18.2550391810788
3.72522102536396	8.01264566749205	11.2484573542147	13.7005367750808	15.6468448679583
9.04165400012329	14.2563865670714	15.2587771003376	17.0340992987158	17.361828869493
7.50462386644114	9.84971454563708	12.0959533081327	14.6535592172423	17.0173864613838
5.60492119441193	8.28228206149021	10.2535930599715	11.5320199327983	12.9256506726402
10.3451351860643	12.2059196537728	13.8739984898146	17.1847676238336	16.708178518802
7.50462140716257	11.2519315628822	13.1282589721206	14.949811361448	16.6044732008087
8.71703179612837	13.1022064637979	16.6637694671683	18.6045112373236	18.1720211622108
8.35865935678498	12.9633288285746	18.3146741007561	15.0148620338817	14.8828061653115
4.49940548009602	9.04686593283839	12.3310177302047	16.2299459870652	19.2235074657531
4.81354209309814	9.70464178985327	10.467890520248	12.099129295394	12.8781090579004
4.35979645821669	7.19242519370647	9.52698767503222	11.3383850041959	14.7348254342992
4.10531276488504	9.70464178985321	12.4878808126443	14.0263119280407	15.114567313827
3.77813517455087	7.58810556769089	10.6110697590527	12.3574422745725	13.2696638216364
5.06531436941231	9.43405517214529	9.50625028484461	12.0812028723406	13.0223693841643
3.18922078124257	7.5180065604909	9.9125588291347	12.470735188792	13.8621092852483
4.35979645820936	8.61456374581206	11.6681210075758	13.6907614938245	14.9252866021423
4.10531276488507	10.2635572428484	12.462522722635	9.80228482763914	11.0769559804758
4.81354201975728	7.90707590800707	12.2669608455089	15.8334996260384	17.8713952735622
4.07481147581714	6.70173033439107	10.2535930599714	13.3909908411005	15.8856469684907
5.60492119441193	11.6419869847423	18.0401317560257	21.1393647930649	23.3159635603294
4.10531276488504	7.65033134882623	12.3807737748625	15.0474544600155	16.6134604086006
4.86754344434155	8.63603170086583	11.2026361951979	14.236226631787	19.1786102306636
6.06762429287505	8.8024450714488	9.63151371568262	10.1955599587578	11.308059341662
4.52264930842534	9.66717085177305	14.9571956856589	17.9220102346029	18.9604848329171
4.02211967264964	9.79517121361914	12.8938562828963	15.6573288050846	18.5008633074823
4.02211967264964	5.9269771530723	8.94806184596467	11.970763459411	12.9369205810725
4.08925456513379	7.82655014376866	9.9482297875216	13.2173866482204	18.2152106431022
4.35979645820959	8.23237997431607	10.8522643737685	11.7658257044554	13.3436917362236
3.75471255909446	8.22319929457115	11.09920889692	14.7966983305893	15.8800161014781
4.08925456513373	6.6534084579252	9.73656937320737	10.7187906889827	9.51993697106104
12.3491849797521	18.0697417078631	20.6007843820872	20.4472892738774	23.8647993534494
8.22735073380937	8.86732244495499	9.63942224864178	10.2890605969969	10.9425243165604
3.86052588928061	7.90707590800707	10.9092766153781	8.68384998751975	7.87542734895072
6.22812166158184	11.318845036389	15.715235122364	20.4892898692996	22.8241786276789
4.81354193485168	8.12945094446445	11.1227311205934	12.2560412199119	12.8075244956368
3.75471255909434	6.58389725050711	9.13272995758217	10.8291558857574	12.3845982869418
7.99958399221248	12.0915498744416	11.8611128407246	11.5552420359689	12.9475697853779
3.63343397412564	7.65033134882623	10.8402681608674	12.6038461137773	14.2996740296178
4.08925456513367	7.97594831244913	11.6733291932757	13.4285419343541	12.8724003936101
3.63343397412578	7.51800656049096	10.2477444349806	13.8676518360232	15.4441288616653
3.77813517453922	9.85812648768842	13.5848190725314	15.504610135774	16.5030816167787
4.81354177154316	8.61456374581212	13.1617587126668	15.8236991532959	17.6696251740173
3.86052588928058	8.06410252932454	11.5358768908051	15.7733854253042	20.6843775888789
10.3451351860643	12.2059196537728	13.4674953711187	16.2843336569726	18.2763657901417
4.52264930842534	8.12576922405123	9.88448411494198	12.8930102032324	14.9688384993303
7.53730659356762	10.6201754967317	12.6237483532121	13.682108185263	15.5852150363047
10.3451351860643	13.9681997909465	16.6627346762027	17.6960418414154	17.7650195126541
3.56199160097771	5.92697715307236	7.79349360119051	10.8366923416472	13.7936343926953
5.06531436941231	7.97594831244913	11.2686932566422	15.439254828457	17.2428442653666
4.10531276488504	6.8989004440154	11.1923993453362	12.9796901139362	17.7828194993656
10.7441500874026	13.9190192041659	15.7051348021118	18.632080501468	20.1455044024711
4.52264930842534	8.54550568168094	10.556105493724	14.3198640852104	15.8964051519175
6.22812165871824	11.7991795889143	13.5452146614055	14.1933415846976	14.2630327287936
4.86754344434155	10.2447386235374	13.2646615508846	16.194902226305	18.2797191028167
3.82858188842843	7.10804429653012	12.4446268687486	14.9570787538431	16.52724531055
6.84425287419191	13.44833492756	15.3660587365598	17.3669336799767	18.4030033233952
3.63343397412569	6.8039454474299	11.8299308109982	18.0416838118094	22.347873254894
3.82858188842843	6.36598880522888	7.99873345961055	10.1185466786927	11.8640109993078
4.52264930842534	9.37460839471237	14.6231532978985	15.5994898577931	16.3201690680542
6.15546375674143	10.7314106479868	13.9567165532517	15.8515753259547	17.8356557223978
4.10531276488504	8.06164504002186	10.1874983469531	12.7672192381008	15.3553261100298
3.7547125590944	7.62539662745007	9.70975340562876	10.2159984893408	10.2052181725154
4.41364344323171	7.45511211517714	11.9264368674876	18.9167800729312	15.9545240244806
3.63343397412578	5.7823109550618	10.5021804190025	11.0345408417417	10.5323338345893
4.52264930842534	9.66717085177305	11.3828682129433	13.1836126688219	14.1198573973013
4.81354171823978	11.1777572234468	12.8992628419347	13.4183296602283	12.130426908357
3.77813517450903	6.11298718822997	9.40058479353615	12.478611521915	14.0130956485777
6.22812158949614	12.2438424119388	14.7142331815307	17.3736711099905	19.509980116304
6.06762429287505	9.70464178985321	11.5732120449533	12.8041455951133	13.7536183925855
4.81354209718108	9.56226938605198	13.3816225397429	15.6600577988752	17.630778244022
7.31716075820117	11.5219333073342	14.3354907946622	16.3265796402524	17.4066890180141
4.97407992303221	11.9675045945361	16.0432773322594	14.1286089718876	16.0346217847404
9.97010951409669	14.4843612004804	15.8689102965911	16.8024117272529	15.6617290007719
4.41364344323182	8.18330853485008	13.0997530377359	15.6553144547131	17.8412510694168
3.82858188842869	8.27025607370632	10.8522643737679	13.1101312181309	14.793367460222
3.77813517453728	9.70464178985321	12.4878808126443	14.0263119280407	15.2226668961374
10.7441500874027	18.4479771627811	17.9322807429209	20.6862274261159	20.7989035375094
7.50462384753666	9.84971454563708	12.0633659377451	15.8717824811151	18.9788019715772
4.81354128037282	8.51858170425544	11.8434230986963	16.2695532277735	18.1111540485233
7.99958399223158	14.6433392909203	16.4793179350879	17.3087442150243	18.0023609708323
3.90676822122975	7.65033134882617	10.0913463747816	12.0754506279073	16.1666982573507
4.52264930842534	8.18330853485003	13.5820651800323	16.6024100932515	18.8099102720402
4.10531276488504	7.62539662745007	9.77965519744976	12.043655864998	13.8031365934854
4.52264930842534	7.88363759982479	9.10497530547366	13.2687887761385	16.5799657116172
4.10531276488501	6.16364756990333	8.35417698990392	11.0194731098655	11.5937825613537
6.68660703226448	10.7875931355501	15.4757736150534	19.1736187943255	22.6186197227863
4.52264930842534	8.89024361517636	10.1308979406741	12.0882768225414	14.5018359952769
3.63343397412564	7.49820107167585	10.8410835692129	13.4906973380381	15.0253410593766
2.83706806692334	5.08387551165947	7.55319020188205	10.3031975757667	12.2749897001743
4.10531276488504	10.2635572428468	13.1674337401405	16.5152277990119	18.8019163412314
9.46454584496826	13.4768479641443	14.5260850491914	17.1676919714725	17.8553016603926
3.63343397412569	8.05976686880922	11.6983689972221	13.9688116509843	15.2157548661604
3.82858188842837	7.64691978605947	11.3739928318956	14.7498302100749	17.8143537814493
4.81354208355134	8.06649490657259	12.309480427454	15.1388123181699	17.1384639664757
4.35979645820959	10.1642703388432	12.7242129552566	15.9407234722238	17.9991997765338
5.06531436941231	11.9859194081357	18.531705581619	22.3944438300987	24.6974329671353
6.22812163482757	9.45360656477152	12.0206805434204	14.4705993783793	19.5029408190009
4.08925456513356	7.19565155285972	10.8141210436169	11.9560412710101	14.1508859705169
11.1493421094453	18.9947781437522	21.4891302673889	22.6073620236857	22.6915924253841
4.08925456513367	8.04305238995903	12.3310177302047	12.1232231627538	11.9918689822988
4.41364344323176	10.3120781833407	14.4560885008405	18.4017235593675	21.6337764360314
3.86052588928061	9.79367297811439	12.996958894023	16.2843336569749	17.8896779481662
6.68660703226448	10.9391137099901	14.5070277084991	17.0656594178737	15.4584617069914
6.2460887021835	11.8378693531206	12.7501678462799	12.7859516848576	11.8341435908184
7.31716075820117	8.22253122671469	10.832461658558	12.5933096404807	13.9073747306101
4.49940548009602	7.15816748707789	9.69035638675336	11.137551374903	12.9769380417594
7.27571544255886	14.1505558184485	16.3525449897669	17.6781319369045	18.5222939765391
4.08925456513384	7.90707590800685	11.6733291932758	11.5648216070253	13.4292882992228
4.35979645820942	7.60236214398753	11.9747847096085	13.8010672435696	14.1001237756709
3.77813517451665	7.41444061674326	10.8233052525478	11.7494515544233	13.5700096317037
8.35865935678487	12.164743407856	14.3278406295742	15.092129332948	15.255736625327
8.35865935678339	10.8301463376761	12.2357963738331	14.9629979192871	16.6872189285052
5.06531436941231	8.64026336730456	12.3196676819164	16.9841955562478	18.9633915561603
4.52264930842534	8.12576922405123	10.5903763367716	13.2479277568111	16.2052999558352
4.9740799230305	10.9068487640566	14.8897054887101	18.1618137227365	20.9715162296795
4.08925456513253	7.59255961711574	11.1634246839108	13.5923385975196	14.4640317819114
5.60492119441193	7.5880600001704	9.73656937320737	11.2942004828759	13.074239115192
4.08925456512952	8.47568530422251	11.5669730617961	14.3062063028896	15.3811895810153
3.7547125590944	7.56896520594864	10.3649344449079	12.0489064206956	13.8233011944185
9.4645458449682	13.4135627558249	16.2124005315601	15.3522850298694	17.0280588074625
10.3451351860643	13.2713382811443	13.8262767732662	15.7804219317613	17.8181845038154
4.07481147583047	8.61456374581206	13.9818847953054	17.0911188051617	18.729461069104
7.45310330066729	13.8997427923594	14.86978383867	15.6290007376691	15.994791122795
6.7163114425598	8.82186790721505	10.8758326795796	13.4188239515868	14.5084943500742
7.99958399222027	12.0915498744417	17.1330907887286	19.1011777969878	20.3425798539758
5.65923533924433	13.1913059050466	18.2719657631073	22.9197766224246	25.9430293411178
4.10127484408116	8.22319929457109	12.3196676819164	15.419007425226	17.8349290147884
4.35979645821669	8.04305238995909	11.9747847096085	13.8010672435692	15.7911933688649
8.02863876178611	10.4552843657685	11.4343048915212	11.6561462817058	12.282783024278
4.86754344434155	7.79117998935271	10.8071117134327	13.6434113632372	15.5956591973852
4.86754344434155	7.08100111750235	8.89546596291791	10.8913183150663	11.1131220177455
4.10531276488504	7.66555531465343	10.2187554962852	15.0819655236054	19.5108688720453
3.75471255909446	6.5838972505066	8.68430794966628	12.5139044700807	14.2099275734357
4.08925456513379	8.05976686880916	11.8434230986963	16.5681977772362	20.3841127882305
9.4645458449682	10.2886566667891	12.5183825634576	17.0862237955164	19.9023800224111
4.81354209603495	6.6029033306188	9.96063375065097	12.5274204799144	14.3789845488952
8.71703179612831	11.2593771459682	13.1339499419367	15.6563925921092	18.8842013132477
3.82858188842894	5.94052516488824	9.73656937320737	14.0690375602061	15.3998691359415
4.10531276488504	10.9391137099915	13.6643217718516	16.6351955376461	18.3117212175468
6.15546375674143	11.1046852028726	13.6739614459982	15.5952993320573	17.2948911015418
3.9854630512786	9.13974091487461	11.3682057815258	13.9996176126728	15.0197239025329
3.15527295934822	5.75339098308132	8.23330469541929	12.0660039448987	13.9092984654861
4.07481147585395	8.23237997431613	11.6020490928619	13.9549804859163	15.9528739462222
4.08925456513367	9.70464178985316	14.7240553558093	14.3337735638174	14.1428813616396
6.2460887021835	8.63603170086583	11.2026361951979	13.03161873468	15.3791259882201
4.52264930842534	7.19242519370653	11.0643955043278	13.8536006274196	15.5699897487406
5.60492119441193	11.1980000117335	14.3455729607786	18.5102501825157	22.9429744612904
7.99958399221708	14.6433392909196	17.3453329750779	16.7472587922092	17.7322506822809
9.4645458449682	14.4593457973188	15.0334445274804	18.0121512848301	20.2498798526789
4.0748114758301	8.23237997431607	13.7970192464618	18.1463190268697	16.2606932418166
4.02211967264964	9.56226938605198	10.9961724932957	12.5777714569306	17.0275139906744
3.63343397412569	6.65200190238551	9.51873239356303	12.5314258466204	13.6134908451475
9.04165400012329	14.2563865670714	15.2587771003377	17.0340992987137	17.3618288691566
8.02863854343934	10.4552843657686	10.7245626042285	11.4988256176343	12.8986234524241
4.97407992303147	11.9675045945361	16.0432773322594	19.0710199384715	20.1304181435823
11.4767167562286	17.4810374698212	15.135438253846	17.8281738475389	19.9566109727708
4.35979645820953	6.98193597966758	9.52698767503222	11.0094292761788	12.9688819333751
4.97407992303221	11.9675045945361	15.027316404414	14.4094859237461	14.8905628183206
4.35979645820959	6.98193597966758	9.52698767503216	9.79093100024414	11.2704314149566
4.08925456513344	10.639103365472	13.3448367971638	15.0023070710044	15.9364949567577
4.81354175525541	8.06410252932454	14.2269176335417	16.0370064836669	20.6020193677393
4.81354207071666	8.5185817042555	13.3816225397428	16.3272268746514	17.3676891442045
6.06762429287505	8.41849081017511	11.6131246633952	15.0610692840941	19.1418853344757
4.81354207874716	6.98193597966758	9.52698767503216	11.1187550347883	13.1838799093469
4.08925456513344	7.05478254097136	9.21148519651121	12.0660039448988	13.1621607783583
4.81354209760929	5.96699786718023	8.46892713217824	10.5062081809868	13.6085589743519
4.86754344434155	7.08100111750235	9.45780334159065	10.1185466786926	11.4861482488399
3.7781351745395	7.156863115568	11.6131246633952	15.0989077970764	16.3585688929672
5.65923533924433	9.4821756631203	10.3319212439716	10.2359473578914	11.0690340110846
8.02863875350221	12.27893123159	15.8139285962112	17.7503022399827	18.2208249070594
4.4136434432325	9.68198651856551	12.0537187835711	12.4959770537103	12.4454140517628
5.55666777382987	7.62539662745007	11.3184612644864	12.7162586956753	13.9329592259311
4.10127484408116	7.53301533800322	11.6132960593864	15.3003933667734	18.4079058227635
4.81354209595332	7.90707590800679	10.3307101489538	12.4990830042245	14.1112834312362
4.81354205991931	11.1777572234467	13.9027647905836	15.6681694831806	13.5561369536993
10.3451351860643	12.2059196537728	12.5960374774476	12.3583561523423	13.5522927939753
4.35979645820987	6.76736231319774	9.51873239356297	13.7151027940967	16.9422409140348
4.81354173493412	8.32153045434973	9.14317032481364	9.82316591852918	10.8616682752042
6.15546375674143	8.38449133422324	9.99019953862006	12.482657964507	13.4350981404128
9.4645458449682	11.4965650619876	12.8972674882498	14.6918918283175	15.6360200857288
4.02211967264964	8.09630829061405	10.4738304703456	14.2362266317871	16.0765369042835
5.06531436941231	10.9396786351463	14.8563485704334	15.2381642096009	15.1012475406711
3.82858188842846	10.3258313507727	12.5874097622757	15.468907365356	17.0717640562526
4.52264930842534	7.39226130329871	11.5358768908068	13.6557152590558	16.0679142568789
4.3597964582097	8.05976686880922	11.9747847096076	14.2702748823218	16.8734631550759
8.35865935678424	12.164743407856	14.8410744897862	17.5609488529461	19.6960763238671
4.41364344323176	9.04686593283839	13.099753038664	15.6553144547131	16.1887225935525
3.90676822122975	7.85590804723267	10.3620264332835	12.3321004985698	14.0868186332938
4.10531276488504	8.12489704703876	12.3310177302047	14.6572638094741	12.4984034051105
7.27571544255886	12.3076602413113	15.1312089705918	18.0109653417701	20.4852911843817
4.41364344323222	8.18330853485003	11.4509300000312	11.6508407176465	13.6612241412075
4.97407992302971	10.9068487640565	14.1916830677781	13.211074727982	15.2543337383367
4.07481147582939	10.7320985266152	13.0042353677068	18.1095205326055	19.9122646176227
5.06531436941231	10.9396786351463	13.3019562139282	15.1564239715551	17.0999959873313
4.49940548009602	8.88619247071944	10.5901950081484	11.6217538767601	13.0837235453597
4.81354188805585	11.1777572234468	15.3518804095303	20.162682233401	22.5608851965745
7.45310330066729	11.444861175224	15.110621525492	17.9224472752995	20.0992977754352
6.06762429287505	8.41849081017511	10.1116819925522	11.9972171840034	13.1846535268772
4.35979645820959	9.79367297811439	14.8563485704335	19.7056672948104	20.7959489247638
7.31716075820117	9.79889406126847	10.992531330436	14.6452446694555	19.2372015256961
3.9854630512786	6.19531086640512	8.81554458024402	11.8952992243968	13.0917328972537
8.71703179612831	13.1022064637979	14.6439357475113	13.409513636808	15.2416261802588
4.07481147582621	6.36598880522882	9.8844841149413	14.5528945846723	16.0162442283121
8.02863858546505	12.4552343169108	15.8139282671219	18.2052527039854	20.3476477885977
4.35979645820953	7.0169972239687	10.2460746918836	13.1356703465473	13.9301967979558
4.35979645821658	8.23237997431607	9.92370122038579	10.792478271104	11.3918166720181
3.9854630512786	8.06410252932454	10.9081184057616	15.4308751909765	19.044507302514
4.08925456513043	8.09630829061405	11.6733291932755	12.7550201505704	13.0644613964223
3.63343397412578	6.11298718822991	9.90263103144014	13.0045185178648	14.2867833167167
4.10531276488507	10.9391137080105	15.2463056481429	19.6704776616928	21.4369540599669
4.81354192507661	8.19907470592915	13.1064335327518	16.4197624769835	18.4449263178358
8.02863865380118	10.7881930612288	13.3467491767615	17.314905520476	19.7314211572428
4.52264930842534	8.0641025293246	10.9081184057626	11.9996255263999	13.0133347993753
9.04165400012334	13.02319174594	11.8919598287083	12.6672045049285	13.4316190170827
4.07481147585608	5.48746153520426	9.10497530547366	13.0189896295414	15.5392557437101
6.06762429287505	11.7497091991301	14.5052589997749	16.7177927647013	19.6844471858844
9.09403881489186	16.097661525036	19.1853974987163	22.6550936197563	23.8928586893261
11.1493421094453	14.562478369999	18.3733458696326	20.5177476783163	21.6282146532843
4.07481147586716	8.64602429912537	11.1819222373268	12.7320539431324	16.1409506848607
3.86052588928061	10.2635572428486	14.2525428021848	19.1830188706072	22.9874905075917
11.1493421094453	18.9947781437522	25.0583055504548	33.171593844137	28.5325482616819
4.08925456513396	11.2486241050913	15.8925362673291	19.8357090062394	19.2783782066722
6.22812165341077	8.23237997431613	12.279190062402	15.0644029700256	13.9749225528855
4.97407992303221	8.24460395417566	11.6681210075854	12.9468283887016	11.7467054702363
4.81354205354211	8.06649490657253	11.2995170461152	14.0508166843808	16.0097685163287
6.68660703226448	10.7854070691224	13.4821776435151	15.4311244550371	16.2285674346085
3.82858188842843	7.65033134882623	10.0913463747815	10.8001298983677	10.2248015945087
4.86754344434155	7.59255961711568	10.1874983467612	15.0292814557362	17.3446832386049
3.6197219677976	6.4947766032256	10.0506611091081	10.1673735839427	11.4795352763464
10.632515649104	12.1058072751575	12.0423047868669	12.0273413480868	13.8599997913539
5.06531436941231	6.45142756638597	7.18438735141314	9.85669271905545	10.2586110888313
4.4136434432325	6.43438669205665	8.59187301514584	10.5706740985996	11.5677684933874
4.81354206251547	8.5185817042555	13.3816225397429	15.6600577988752	16.8514810613368
7.45310330066729	13.3318126577728	17.0675611949033	20.2319863180219	22.0724007781029
5.06531436941231	11.5256465765403	13.055862667486	14.2560275621427	14.8437717477399
4.07481147583363	6.83801378670387	10.6617875243278	13.3027961787404	17.294471977028
4.41364344323205	8.28228206149021	11.3454116219793	12.9546805179791	13.8311303014426
4.86754344434155	11.1777572234467	14.7980404315273	15.7901609093967	15.0139543404978
3.82858188842837	5.71919354503444	8.79708408551386	9.39388076470681	9.96567515029932
5.06531436941231	8.64026336730456	11.9747847096076	13.8010672435731	13.3436917362237
5.60492119441193	10.8449596267023	13.461419637487	15.3168972373153	16.2795806204269
8.02863873265591	11.6528015198835	13.7984445545102	13.8532987717754	14.4924299765491
4.81354152525984	6.58389725050688	8.7740572116258	9.67906571809692	11.1762984619834
7.31716075820117	12.3299490846009	13.8113260182824	14.8019624690688	14.6101101120055
8.22735073380937	10.6362221268589	13.876300420521	16.5066819326948	19.1922590012063
8.22735073380937	9.23213584151938	11.027693214271	13.7510092752973	15.7045467878636
7.95866514797677	15.0032632603374	16.0121965022472	16.1216816904377	16.9564464461392
10.3451351860643	17.9011336591165	19.6550334264815	21.8904388265461	25.3578619112864
6.08618037875345	9.7374213156196	11.64438632203	11.2473493443761	10.9150870557348
4.08925456513401	10.639103365472	12.424026823373	12.7351249005546	13.8652091363153
4.41364344323188	8.61456374581206	12.9004802058166	15.7418791562432	17.3062778035105
3.75471255909423	9.70464178985321	12.4878808126443	14.0263119280406	15.114567313827
4.81354205514521	8.51858170425379	13.3816225397422	16.3272268744498	17.6935949457041
5.60492119441193	8.51858170425544	11.9966446125288	13.8777280281789	14.4644971768351
3.75471255909434	5.26301916540251	7.8791545104034	11.8311272820337	15.1783618571339
5.60492119441193	10.058869076296	14.3747890740339	15.3172171637265	15.2470554827707
4.52264930842534	8.12489704703847	11.564868343559	13.726339057376	16.8013764892311
9.46454584496826	11.4965650619876	14.507027708499	17.0656594178705	19.8037448536146
5.06531436941231	10.1619443220765	12.7198251547787	14.3134063445375	16.3116397949058
3.86052588928061	8.09941539209382	10.9110219962974	13.5653163813967	16.4274803959714
3.7547125590944	6.56894292509492	8.57847178299005	10.5529966787555	11.0784493712096
4.30446959248758	12.2217738330182	17.0005859742339	19.0173412624401	20.7096115691056
3.26659418791002	5.85901806611037	9.31888318158042	10.360099328724	10.9274068535611
4.10531276488507	8.67510878503168	9.80805332113903	11.4375288857889	12.8952568583759
4.81354180358147	9.6819865185654	13.3230239603684	14.9411191837063	11.7081572459682
7.27571544255886	12.8559437909687	16.3613523595877	18.719586485155	21.2223992374197
6.84425287419191	10.9523370956942	12.7464693721348	14.6412492071855	16.0732442605854
4.52264930842534	8.54550568168094	9.77137262038013	12.4087095112496	12.7914038346817
3.86052588928058	7.65033134882623	9.23432430435417	10.109414414298	10.5533957245466
5.25979861097272	9.51244756224401	12.3596099817896	13.9907377296362	14.7535858933294
4.52264930842534	6.8736708710241	9.21435380017732	10.8937848812602	12.6581896477542
4.10531276488507	7.63602531103112	12.7863983787798	17.5851118956348	21.1483628937425
4.35979645820959	8.61456374581206	13.1617587126668	17.8452254452162	20.4188746113188
4.08925456513384	7.90707590800713	12.2669608455088	15.8334996260385	17.8020675648871
4.35979645820947	6.98193597966764	9.52698767503222	11.3383850041931	11.5889361385588
5.06531436941231	7.60236214398753	11.9747847096075	13.8010672435695	15.3458865207372
4.41364344323148	9.6819865185654	13.3891911159153	16.5844290291621	19.5637003123052
4.52264930842534	9.52175637032479	12.1949481485695	15.2853474720343	17.8486374819981
12.1541649785146	11.9142779400726	14.2525428021848	17.2214148358664	20.4023512009167
3.1892207812426	7.62539662745002	11.2260573304293	13.7295144066865	22.0527227375058
9.0940388148918	15.2406269791018	21.2437413705785	24.2788155869065	25.5783976460029
4.35979645820959	7.60236214398873	11.9747847096093	13.8010672435927	13.5561369536973
10.3451351860643	12.6234557011509	14.4389191283104	16.125887792843	16.7528151932353
4.97407992303147	7.62082939176429	10.0004146647277	14.7966983305893	15.8074421919217
4.10531276488507	8.09630829061405	9.66889569759769	11.5042059312548	13.3692075929874
7.50462063066738	8.23637009082296	10.1168027869792	12.2902601681459	13.1486787136054
3.63343397412575	5.67177795084496	8.18437872590403	9.57787892734473	11.5191484293284
6.22812165257471	10.3565485887888	13.0548307781743	15.9437553000356	16.9576568555054
4.813541807712	8.51858170425544	11.9966446125288	13.8777280281789	15.7931903830754
6.7163114425598	11.412690951871	14.0850275474784	16.717921294504	18.7448352361009
7.31716075820117	11.5256464941191	14.2023811688892	15.2618416539095	16.2741518414769
4.81354102502814	7.58806000017046	10.920591583734	13.9673977680394	15.7389879636855
8.71703179612831	9.42508009713549	11.1947868291398	13.5155825740381	14.3463893072704
4.07481147584292	8.67510878503174	11.3559010507798	13.4202029904607	14.7773076826151
4.08925456513424	9.46951696945433	13.1134242000792	15.1899486997363	15.1424062031832
7.50462387631836	13.8683105814668	15.6781684959292	15.8489951632269	18.5837306355676
4.86754344434155	9.04686593283844	11.8028207022455	13.2998065009969	15.5446556826098
2.87374888049882	5.67177795084484	8.11875257623626	11.8132228295796	15.3791259882202
3.77813517452228	9.85812648768848	11.2848498524174	14.7348898691652	16.7420173523073
8.71703179612831	11.2593771459682	14.4533172981802	15.6563925921198	15.2867921603357
4.81354209194103	11.1777572234468	12.8992628419348	14.0283065083886	16.5799657116172
3.82858188842846	10.3258313507706	12.8494039843484	16.0759334938696	17.7744899658342
4.97407992303113	11.9675045945361	14.1370913138134	15.42372800061	14.114721262034
3.86052588928061	7.65033134882657	9.90263103144014	13.5033895692134	17.6387805619973
4.49940548009602	8.23237997431613	12.2791900624019	15.7974310406831	18.0430839438482
4.08925456512611	8.12945094446445	11.5648683435602	11.1048378303847	11.6852722096469
4.81354183950657	6.37206932565903	7.9296766047616	9.73846525839804	10.4565834765051
6.68660703226448	9.10355843325971	10.6190818493447	12.9330346989434	12.9631138928712
4.41364344323165	7.60236214398748	12.4713543718765	13.8010672435691	15.7911933688649
4.81354204923429	6.37206932565903	9.1049753054748	13.0189896295411	15.5392557437101
6.06762429287505	10.0586924911375	12.7497959509699	14.6601802126293	15.6516029545535
4.10127484408116	7.19565155285972	10.8141210436066	12.5735998265841	14.0200106150525
6.08618037875345	9.04686593283839	11.8028207022455	13.9179066694304	17.255355425239
4.81354187656069	7.53181665167438	9.13875143389276	9.78490474371324	11.0227729392961
4.10531276488507	9.0468659328385	12.2584739629421	16.2234373937795	17.6936526837906
4.35979645820953	11.6528015198835	14.7770215282476	16.5896761122751	17.538573608654
4.35979645820936	8.82695445579657	15.6474376038162	19.4225522258632	20.9033178151319
4.10531276488507	10.9391137080103	14.3516164496652	15.9899906819437	18.7263996923638
4.35979645821658	8.24460395417566	14.5070277084991	15.3057219006387	17.8601541049277
4.52264930842534	9.30006780973838	12.8867417044777	15.9032811088272	18.2730692152979
3.63343397412578	6.11298718822997	9.4005847935361	12.0507595238239	13.6366082908968
6.2460887021835	8.78064220132217	12.1699297066122	15.63137763297	17.2130497615741
4.97407992303016	7.25732376128275	10.0344307800614	11.7886564794388	13.6337730059251
4.08925456513396	8.04305238995909	10.6206269033468	14.5528945846723	18.7303020444331
3.63343397412569	7.62539662745002	9.7097534056287	12.1711072556933	15.1676138180306
4.81354171881497	8.02677291845265	10.9347343911044	13.2994873256915	14.6236180281089
9.46454584496826	10.3120781833407	13.4072544722957	16.1805163877407	17.7953634461917
4.8135417101517	8.67510878503174	11.3559010507798	13.4202029904607	16.6761358573557
4.41364344323159	11.444861175224	13.2860649682167	14.6026910641814	19.5567418800755
4.10531276488504	9.56226938605198	15.9684278157333	17.9597154686518	17.8537609051477
3.7547125590944	6.56894292509492	10.0940049249111	12.3985629395896	14.5374942171701
4.10531276488507	6.49434152314802	9.83801161850482	13.0542898135105	14.8642385569253
4.97407992302902	7.52064567167213	9.90263103144014	13.4843682657467	14.8867155375133
4.08925456513282	9.70464178985327	13.1674337401406	16.0416050459097	16.9550068639377
4.86754344434155	7.08100111750235	11.7736663816448	13.9688575233952	15.325570666436
3.86052588928061	9.70464178985321	12.4878808126442	14.0263119280407	15.1145673138253
4.0748114758276	8.09630829061405	12.2669608455089	13.6906973083878	14.9650407879635
4.52264930842534	7.73559069362176	12.9690611500716	17.9754573376201	19.0842736018003
4.97407992303044	11.444861175224	14.1510155786223	18.0913849350007	20.6773666401687
6.08618037875345	9.27927258876866	11.5648683435591	14.7348898691652	15.2003119376189
4.10531276488504	7.90707590800707	12.2933121587766	16.274952410718	17.8713952735621
3.86052588928061	7.90707590800707	12.266960845509	15.4121079270694	17.7822230271117
4.10531276488507	7.77187964643332	13.4072544722956	16.1805163877406	19.6986467658294
4.97407992303101	7.52064567167213	11.5223689014977	13.8474134487224	15.2140245837631
6.06762429287505	11.9675045945361	14.1370913138135	14.0417617611386	14.5988311016454
6.06762429287505	12.6129192764174	15.9035250263137	17.1708857617783	18.2360902537802
10.3451351860643	12.2059196537728	10.4799850947492	11.874345408013	13.5849883412559
4.49940548009602	8.10730527298045	13.0607076379739	15.4568037011443	15.0588235928901
4.08925456513356	9.23269242075162	12.2312254292244	15.1308682083073	13.9924439744285
6.15546375674143	8.38449133422324	11.4908975856167	16.9094895676384	19.7807539968636
6.7163114425598	9.47286484003178	11.1392438581877	12.4025947977957	12.2341261924736
4.10531276488501	7.65033134882611	10.0913463747815	11.8879883670681	13.9145142645127
6.22812163495445	7.84591111607978	10.0011027418985	12.1367455580802	13.2256209308435
7.53730659356762	13.5614000508865	17.4966892809067	19.1115936028115	21.1392652085316
5.06531436941231	10.493007040185	12.6986709041023	14.5888693742165	14.6082565573438
3.86052588928055	9.85812648768842	12.5960374774461	12.6358519930101	15.1820613851161
7.9995839921956	13.4842658456158	14.6739776458624	14.0507053840015	13.8820813369126
4.10531276488504	8.12489704703859	11.8929365983471	14.6006494576106	16.596193995352
5.60492119441193	7.77120007560336	9.52698767503216	11.4909284326034	12.6254851386081
4.10127484408116	9.70464178985321	9.69503072633307	11.7794188760388	13.3214916436217
4.10531276488507	8.23237997431613	11.6020490928619	13.2983910743127	15.2470554827712
3.86052588928061	10.2635572428481	13.7052925711949	16.8759130216202	19.5912261181994
5.65923533924433	7.8265501437686	10.7422886624005	13.4888083501571	15.4075363513464
4.52264930842534	10.4559336377987	13.0621998641144	14.9701259304838	16.4499456688513
5.55666777382987	10.7881930612288	15.2574577532994	21.6189012139307	23.8566137406094
8.71703179612831	14.5484312421161	15.8488389320282	12.5012850815139	11.9417129905215
8.35865935678453	11.3355016738873	12.9992239340557	15.2568262482631	16.8580517619037
3.56199160097765	6.33599218647083	11.2260573304292	15.4024006867348	17.0208571962195
4.81354209403122	8.51858170425544	13.3816225397429	18.0418819962838	20.2357468283865
7.31716075820117	14.1971130352085	20.3048420674289	25.9921792884193	29.4725857011546
4.52264930842534	8.54550568168099	11.027693214271	12.8242107323628	14.2291814033017
4.97407992303039	9.6819865185654	12.0537187835688	13.2752017185794	13.4161426261448
11.4767167729001	16.776848394313	17.750845013387	16.2334352987064	14.2687624583016
6.06762429287505	6.83521015934951	9.51873239356297	12.5314258466204	13.6134908451475
3.7781351745196	9.70464178985321	11.6188544786904	12.6229908730702	12.1228104154806
4.52264930842534	7.31918116621688	11.560823375079	11.2940158570102	11.7106076573608
7.50462260035971	11.067488380253	12.8943739459207	13.8444234787438	14.0069228883742
4.81354209169945	6.38252297837022	8.59359734258254	9.31067004729067	10.6075658364562
4.35979645820942	8.27025607370632	9.52698767503222	10.9024774453835	11.4164118891917
5.55666777382987	9.79507867127302	12.2902334582601	14.0380436801839	16.2899381187798
10.632515649104	14.1099596863178	15.6089177361152	17.6121833142254	19.6308408049163
4.97407992303221	10.9068487640565	14.8897054887101	17.5155340722451	17.9047031970333
11.1493421094454	12.9137688220544	15.0528363556663	15.5389803752983	12.7547852107281
9.0416540001234	11.131836868511	11.8555233528513	14.2475823650292	17.2177363447962
6.68660703226448	9.0875949989109	8.18478796179062	8.34378401518228	9.43677688000031
8.71703179612831	11.2593771459681	13.620414451364	15.1942024998825	19.087199985203
5.06531436941231	9.39530485993333	11.0478051234201	11.9098667501863	13.6867229853459
3.86052588928064	6.83830322846222	9.96448930615492	12.5587812472955	15.0437017297467
4.8135415192034	7.53181665156274	11.1935225458844	13.4135648847297	15.9665034182258
4.10531276488507	6.96705494927096	11.25001495506	13.3577365966574	14.851262453514
8.35865935678459	9.20457461173623	10.9791514697469	12.7043944403275	15.0240770237568
4.10531276488504	9.70464178985321	10.0560140247293	14.1038038865798	16.3131658351715
7.53730659356762	10.1245633281885	12.0852583284172	13.3603020578699	14.7004952825389
3.56199160097771	7.62539662745007	12.4265096051403	19.3130419286155	20.2615068673978
3.72522102536396	8.12945094446439	9.8614665093491	11.0918991351685	12.3355528644596
4.35979645820964	8.23237997431613	11.602049092862	13.0952401789752	16.2314935365353
4.81354173472937	11.444861175224	16.2652412534061	19.5942778200496	19.744006616329
4.35979645820953	9.70464178985321	11.6188544786902	11.4339602535996	12.0725185579518
4.35979645820964	9.0468659328385	10.7434314863186	11.9759214818587	12.6222443128491
4.41364344323182	9.85812648768842	11.2848498524175	14.1321535637107	15.1357995955433
12.4608711022277	15.6313809611457	17.1162040089687	19.1632262298489	20.2494807703002
3.77813517450772	7.41444061674326	10.0423346660721	10.2657800420689	10.16533645829
4.52264930842534	9.66717085177305	15.7167257333458	22.3050603221517	27.0492562975452
4.10127484408116	5.43450802044748	6.84176390359079	10.7786642045788	11.8327418098515
3.75471255909423	7.90707590800713	10.9092766153783	11.6490543421466	13.4759966516554
4.52264930842534	10.9523370956943	13.6697138849585	15.7725711484314	16.7925987137685
7.50461902121322	9.8497145456372	11.2959772369823	12.961108636617	14.6048711425242
5.06531436941231	8.12576922405123	11.2543647364282	13.0576711646401	14.0023189909285
4.07481147582877	6.58389725050671	8.60619771963366	8.76816917570108	9.24736011215327
4.08925456513344	10.639103365472	12.4240268233729	12.1594865654457	12.3990764659328
4.3597964582097	7.60236214398759	11.2812566248244	11.6740722617841	12.585932137923
9.46454584496826	11.4965650619877	12.8972674882524	14.5563099903781	13.9064884398842
4.86754344434155	6.4832158451768	9.51873239356303	12.5314258466203	15.5412267344777
4.52264930842534	10.7881930612288	12.2506753119754	14.613718338202	15.6795425970602
12.1541648636382	17.5530711607213	18.0383862291607	21.0519418044633	19.0850111594722
8.02863836923473	13.7498718482994	15.1307456590825	17.6767729003828	18.1166328326007
4.81354194250281	5.90683947760454	8.16759524052839	9.71888488345451	11.1481890713653
9.97010951409658	14.562478369999	17.4007953652678	19.5008524412557	20.5891266669043
4.30446959248758	8.61456374581212	14.8598525623823	17.9038756011524	20.0281380306235
4.81354193473754	6.61529304969696	10.832461658675	13.84221293389	18.8201649858401
4.41364344323148	8.14029804225493	12.4594047687903	14.0813702895234	15.4474352765419
3.86052588928064	7.25790318563577	8.79101452211768	10.1992428735613	10.9693301071093
4.07481147585423	7.1651946371619	9.4005847935361	12.478611521915	13.114841128201
8.71703179612831	11.1777572234467	13.9027647905835	14.6694118744308	16.6216459405275
3.7547125590944	8.22319929457115	9.79841668370523	11.457846812703	12.3229430942956
4.30446959248758	8.3947048768996	11.2483933129186	14.3126708305546	15.0827225484437
4.08925456513373	7.19565155285954	11.5648683435592	13.4285419343527	15.518874070818
9.0940388148918	12.8311278113671	15.099976461981	14.1266772035414	16.0842678606024
5.06531436941231	7.16751622439358	9.52698767503222	12.5479962688104	15.0784679328982
4.81354206517079	7.65033134882617	10.8402681608673	15.3247347298795	17.8821829197049
3.36441116053794	7.19242519370704	7.87570036930481	11.015116829792	13.2359444682432
4.49940548009602	10.9391137080101	15.0879708900129	17.9558317361383	21.1558635882162
3.86052588928064	6.61529304969832	9.87667747796132	12.7728829095367	13.772321832046
8.02863869033649	14.6844118313958	16.9277695396665	19.4110405781506	16.2582921076582
4.10531276488507	7.1651946371619	11.1923993453362	12.979690113936	15.6637280555129
4.81354159216079	6.37206932565903	8.70460757790886	11.1271530998349	13.4392439155367
4.49940548009602	8.05976686880922	10.1880630984489	12.0567728301423	13.5694342410251
4.10531276488504	8.0616450400218	11.4908975856159	13.4435593916826	15.2006159031056
6.22812166175009	12.243842411939	14.7142331815307	15.9540775916032	17.186184634761
4.08925456513367	10.639103365472	15.6461662995247	17.8697577229548	15.9393361732743
3.77813517429405	8.40966273329065	12.501125382271	15.2718108984777	15.7160823833343
4.35979645820953	6.36598880522882	9.10497530547366	10.7321502366224	13.2133148190163
4.35979645821669	9.13974091487461	10.9014018085416	11.6925664501234	11.4502914043271
4.10531276488507	7.1651946371619	10.3684102788375	14.545543723667	16.9081146469337
4.97407992303135	9.90580740926066	11.3739928318956	11.8679727367464	11.144508722911
9.46454584496826	9.56226938605198	12.0967942019636	12.4557690515683	13.0947274129564
4.86754344434155	11.067488380253	16.6912891304322	18.7697470867906	19.8448334767031
5.25979861097272	7.78574070142867	11.7623183812429	13.5481246029272	16.3807838794603
8.35865935678487	9.59983136470379	13.9818847953054	16.4206797739981	18.8842013132477
5.65923533924433	10.8107676864786	14.8958592824807	15.891421908757	16.064522368058
4.81354207759335	8.5185817042555	13.3816225397429	15.6600577988752	16.8514810613389
4.86754344434155	8.63603170086583	11.6733291932758	13.5851812299509	15.5289976299132
4.97407992303113	8.24460395417572	13.0054619301068	14.7808267159606	17.7564955729534
4.10531276488507	6.81298778585898	9.10497530547366	13.2687887761385	16.9550941922824
4.07481147581797	8.75941759497556	12.3747412239824	14.1836572754185	15.6951639950369
3.63343397412581	9.79367297811439	14.8563485704334	18.2524985043235	20.0652763694169
11.4767166578705	13.6724142356521	13.0409856352269	13.6290934902716	12.8465483307472
4.08925456513373	11.2486241050913	14.584128070816	13.5911243574229	13.4393040004959
5.06531436941231	10.1619443220765	14.3215195099928	19.2640300838995	19.368946312904
7.99958399221015	13.4842658456158	16.5265819563381	17.6567202125562	20.4566798106292
4.97407992303113	7.97594831244913	9.90043040466333	13.4466796325739	15.4103443970567
7.99958399220549	11.4201919928117	14.4745424129788	17.4357992362544	18.8049534039451
7.50461873835604	8.23637009082336	11.4509300000312	10.0854979235669	10.432123366367
4.08925456513435	9.13746039358534	9.97048976737096	14.1859547773442	13.6942672499227
5.06531436941231	11.3355016738872	11.8959938439761	15.7838974200482	18.2740058231935
4.86754344434155	8.63603170086583	10.3338098191276	12.1198490532112	12.1614312372193
3.77813517452466	6.10734739262023	8.07062637834389	10.1214661712065	12.0901890800307
3.36441116053737	8.05976686880922	10.7320190662194	18.2191532236757	20.6861181294819
8.02863877322818	13.7498718482996	17.1409061045358	21.3964162605382	23.4037920763944
4.35979645820964	6.98193597966764	8.34786040986774	12.942794429752	13.6463563328419
4.35979645820964	8.12945094446445	11.1227311159054	15.2507395002355	17.0438222611524
5.06531436941231	8.04305238995909	12.3310177302047	14.6822726288266	16.8992494297867
12.1541647542612	13.5141494405985	15.0943062521421	17.0974986869658	18.142102617145
3.56199160097776	7.39226130329871	8.91692472248315	10.9105358230727	14.4453513697865
7.50462373266191	9.84971454563703	10.5285207348979	12.0950714341528	13.7770305823279
6.68660703226448	9.10355843325971	11.6768587919806	13.7228264916728	16.0324252746972
4.10531276488507	7.1651946371619	9.47317880731129	13.1540784577905	12.9988056950756
3.75471255909434	9.70464178985321	12.4878808126443	10.8321799363003	13.0524497579571
6.08618037875345	8.38888983036031	12.8351740705406	13.9117794858213	13.6163575461378
11.1493421094454	11.738669731047	12.8288228577553	14.4288344046369	15.2076879749004
4.35979645820953	8.24460395417572	13.0054619301069	14.3346779747401	15.9735297263343
3.1892207812426	5.66151105383875	9.10497530547366	13.2687887761385	15.0253410593803
9.97010951409658	11.7949519912253	12.6508217353402	13.1284422677774	13.0947274129566
4.30446959248758	8.02677291845265	12.1166410230063	15.3419864937536	16.7421921451592
4.02211967264964	10.7881930640285	13.3467491767615	14.214296309571	14.7662838546006
6.22812165993008	9.64072419079741	13.8652175877796	15.7018606155646	15.1785688955169
3.8285818884284	7.10804429653007	12.1441353396664	15.6747498239876	15.9250253532522
4.8135418943649	8.23237997431613	13.7970192464599	16.0723648218779	15.3406442071058
4.81354199677196	11.1777572234468	16.0218449240415	19.3492860667274	21.7644221814332
3.56199160097765	6.33599218647083	10.2668356035441	15.7828995377341	18.2027201856346
9.04165400012334	13.02319174594	14.7980404315273	16.08288310726	17.5947873846654
6.84425287419191	8.41631293872052	8.13203636129168	10.8159564225198	8.64282611409317
4.97407992303221	9.77836684734848	12.3732122764627	12.6345087313215	14.8082684181961
5.06531436941231	7.01699722396859	10.1091518755588	12.5810924048369	14.4093751493816
5.06531436941231	10.9396786351463	13.5581175598521	15.4146885141492	17.1438617144482
4.81354209513222	8.78144898248706	10.8396268761809	12.6323187570356	13.7501271711378
4.35979645820981	7.60236214398753	11.9747847096075	14.2680343582153	17.404860822918
4.0748114758282	7.53462209633511	9.88448411494204	14.5761292137777	16.9887443369192
7.50462386785256	11.6528015198836	17.2402920652277	19.6467007187468	14.4179875752395
3.56199160097771	8.05976686880922	10.188063098449	10.7821451010001	10.2416667186092
4.02211967264964	8.82353597255957	11.2631402688473	13.0019949670035	13.906488440062
3.40684201412307	8.06410252932454	10.5408794732829	13.9575558318988	15.5388251899467
9.97010951409652	13.3688198480655	14.9384014161311	16.903512123431	17.8607008259033
4.52264930842534	8.12576922405123	11.6909696152045	13.6703326647524	18.2204975858886
4.08925456513361	8.05976686880922	12.3310177302047	14.1616259007318	16.9051755899083
3.6197219677976	6.32203126542674	12.1140336143417	13.9471557493831	14.2159579914165
4.97407992303221	9.05544975562412	14.7934571699572	14.5562152486893	15.5156502280301
4.52264930842534	8.89024361517636	12.4562452257431	15.970222660386	19.0178533200759
3.72522102536396	8.01264566749205	12.2530160743307	15.0813068677974	18.097085921141
5.55666777382987	9.02845323560382	11.9121860883422	13.9712020861762	17.3010941653285
6.08618037875345	8.16761576092983	9.88448411494198	14.5761292137783	15.8271631939234
4.10531276488507	7.46680827121475	9.95766914207269	15.268256934174	18.9741930186975
9.0940388148918	16.097661525036	21.7344126598958	19.9639831132005	17.8736022251569
4.86754344434155	9.43405517214529	11.987335945633	16.2257261730231	17.8320516579236
4.81354189968545	6.38252297837022	9.1914436065299	10.9609756649832	12.0513191350054
5.60492119441193	7.77120007560336	9.33676502602481	12.0989738767028	13.279458281452
3.56199160097765	6.81298778585898	9.05821233644104	8.78462439570171	9.24408032912783
4.08925456513373	6.36598880522882	10.0344307800614	12.0567728301442	14.9495002670216
3.72522102536396	8.05976686880922	10.9674591296865	14.5442870048437	16.9053055263259
6.15546375674143	7.62727713362102	8.40169927268681	9.72101585070686	10.4674664484384
5.55666777382987	10.7320985266152	13.0190315005615	16.1567402953808	19.1120308187969
4.81354198941551	8.51858170425385	13.1950239513986	16.0864545760526	18.1271690442188
4.97407992303033	8.93197012983211	12.3820127536678	14.6352103754909	17.6449054258132
4.52264930842534	8.12489704703859	10.0560140247293	14.1038038865797	15.8344077781916
6.06762429287505	12.3465869258504	15.2162495765853	16.025119732031	16.7666810918802
4.52264930842534	6.6372868440302	9.1011697351932	13.8634317696884	15.8392042417856
7.53730659356762	9.30032664495508	10.173871527218	13.9549804859167	15.9528739462225
4.08925456513379	10.639103365472	12.4240268233729	12.1594865654466	11.1226234303771
4.81354196775891	9.37460839471237	11.2959772369828	12.1294544279612	11.9853530042948
9.46454584496831	10.2886566667891	10.9081184057616	11.9996255263616	10.2792268751369
4.10531276488504	7.63602531103106	12.5403920451488	15.5460763836363	15.3242585870366
3.56199160097771	7.97594831244965	10.5085839442962	12.1436283844764	14.1142545087992
4.41364344323136	11.444861175224	14.1510155786223	14.410513038421	16.4116238610628
4.81354174681849	7.24404984777499	11.9409123001345	15.6305172722872	17.6520011524736
4.81354175151006	8.5185817042555	11.9966446125288	13.8777280281789	14.7991020490505
5.65923533924433	11.5915005571298	14.3493166619951	16.3118327018953	17.3316363341569
4.10531276488501	6.49434152314802	7.95427967054275	10.1977065191257	13.0496831055809
4.81354189543316	7.97594831244913	11.1935225458845	12.5585902368791	14.3434819167749
3.36441116053737	8.7594175950868	12.3257546933343	14.9498729173627	16.8890335410257
4.35979645820947	8.82186790721505	13.7081132518572	15.8134672181752	18.7973029568152
6.06762429287505	9.40664321986554	14.7476195786911	16.716609410496	17.7393660766114
10.3451351860643	12.2059196537728	13.1674337401404	13.9673977680394	15.4189927656517
6.7163114425598	10.4765161788895	13.0899758847563	14.9623462883089	17.1369103018006
4.81354196286986	8.12489704703847	11.8789189561404	13.946958141581	15.2928946775542
4.81354187208348	8.06649490657253	12.3310177302047	14.2362168806566	17.683282478525
4.08925456513379	7.16519463716196	9.47317880731208	13.1854487304464	16.7095632188232
9.97010951409658	12.4678773710622	13.9027647905836	15.6681694831806	17.4357160049268
9.4645458449682	11.4965650619876	11.2848498524174	14.6286421419779	18.3796275662776
4.10531276488501	7.41444061674326	10.8233052525464	12.6229908730703	12.1228104152852
3.3644111605372	8.05976686880922	8.71698734771854	11.0315294228965	12.0113547811783
9.46454584496826	14.4593457973188	19.031383863524	16.984067028007	17.9633911043504
4.52264930842534	7.53462209633511	9.68949961319521	14.2475823650294	15.9527482298407
3.40684201412304	5.20246943597402	8.7344993095125	12.0115951648054	14.1299199279692
4.3597964582097	8.09630829061405	10.7320190662193	14.3387362801674	15.1990780612713
4.07481147586842	9.2326924207523	15.7167257333457	21.2704909911345	23.6532614200897
8.71703179612837	9.42508009713544	14.0824378306244	15.001062562345	17.02729711165
4.81354201645684	11.3355016738872	16.0218449240415	19.7588326112461	23.5018896332856
4.97407992303118	8.93197012983211	11.8487783628671	13.5744181672525	15.0766017091758
3.9854630512786	8.61456374581212	12.2669608455089	13.637197002195	14.5939620082664
4.81354183690308	9.79367297811444	14.8563485704335	18.5402024358856	20.8353814494428
4.97407992303215	7.62082939176332	9.68949961319521	13.527649244864	15.7922684899519
5.25979861097272	9.28800397577561	12.1080872232931	13.126875749311	13.6069992965901
4.97407992303044	7.62082939176338	9.65828510156888	13.0189896295412	15.5392557437101
4.07481147581169	7.0169972239687	10.2460746918836	13.1356703465474	14.56084051388
4.97407992303221	9.79367297811444	13.2594625518192	17.8677464329401	19.2924181729694
9.97010951409658	17.2511448063018	23.0892423481507	25.1894467284246	27.6709921618562
3.75471255909446	7.90707590800707	11.6733291932759	13.2521802887389	14.029716097835
3.48888466281733	5.43450802044742	8.2182767816264	10.0565361935405	11.3603965948145
3.9854630512786	7.65033134882617	10.0913463747803	14.236226631787	16.7571304058345
4.07481147584403	6.21680773934293	9.00670720463711	11.3222691918182	12.9863540873017
6.15546375674143	11.1777572234468	13.9027647905835	15.6681694831806	16.8980656185093
7.50462346879999	12.7053122548734	14.8742425462162	16.3019836703226	13.9434353625713
7.9995839922201	12.0915498744416	13.8404736401421	15.4800279310557	18.9515762425921
4.81354209038403	8.31547585332095	12.5804694224039	15.3440224826331	18.1785535594311
3.77813517452466	10.7881930612288	15.2574577539776	18.5653781074377	17.0998999913274
3.6197219677976	7.27154023256924	11.2703990605046	14.0231280312476	16.7460931019529
4.86754344434155	8.93372368825584	11.09920889692	13.0542898135095	14.8642385569254
9.46454584496826	14.4593457973188	14.6650508332618	16.4515632797685	17.4742317620387
4.30446959248758	7.97594831244913	10.5085839442876	12.1436283844729	12.8518792761013
3.86052588928061	6.61529304969685	10.8324616585341	12.5933096404783	13.599757750723
4.0892545651339	9.40664321986549	9.98242663795236	10.8396661416413	12.74287860503
4.10531276488504	7.41444061674326	9.16612761267567	10.692638098463	12.5163736935777
4.35979645820947	7.60236214398748	12.3959647010192	15.1161774698882	16.51052933477
4.41364344323193	8.23237997431607	11.6020490928601	14.2047794712277	15.1862006747505
5.60492119441193	9.28416629436509	12.3407287908267	14.14899012937	16.3316704382991
4.81354194424927	8.78144898248706	11.8905333982532	15.2946743486712	16.62715458037
4.52264930842534	7.2677286082619	9.4338485460338	11.1149285272013	12.8592025158657
4.0892545651339	8.47568530422251	10.9564485160387	14.6452446694555	19.2372015256958
4.35979645820964	10.1026619996262	13.0266115635332	14.0798960069018	14.6657069559047
4.35979645820964	7.97594831244965	10.5085839442962	11.3710420690243	10.1289237273172
9.04165400012334	16.0128772223911	15.3782099455502	18.2997578257157	20.5971578766278
4.81354209866419	11.1777572234467	10.0344307800614	12.0567728301423	14.9495002670216
6.2460887021835	7.03022955157877	9.09549635301522	13.1101312181309	16.8585253246046
3.20404346061625	5.45450360903317	9.87666905606642	13.692082956483	16.0878326309357
4.52264930842534	7.49138495035226	11.4320288518775	13.9254154105201	15.7860549260018
4.41364344323148	9.68198651856551	13.3891911159155	17.3114637579593	19.7459578334177
4.08925456513333	7.97594831244908	9.62506387491766	13.1540784577905	13.9542454026871
4.35979645820947	10.7881930612288	12.2506753119766	11.7355967742325	12.6026640350446
4.10127484408116	10.1485680969039	14.6404725028138	15.6290007376691	15.8252610250523
4.49940548009602	7.3853023616573	9.97031861902479	10.7901183976572	10.9600561956604
4.49940548009602	7.15816748707789	11.6131246633952	14.2270331513033	16.1277148643821
9.46454584496831	14.4593457973188	15.6469446734637	18.5813267137419	21.0014727243349
4.86754344434155	7.08100111750235	10.9054336659698	14.9619087763085	18.1656097034608
4.49940548009602	8.10730527298045	10.6145952487341	12.0357888462091	12.9464619318854
3.56199160097765	7.9759483124497	10.5085839442962	10.8826728315011	12.5892383006106
5.25979861097272	7.10680774914442	9.79634882879668	10.6742410676928	11.1750642096183
3.63343397412564	6.89030956633314	9.4005847935361	12.478611521915	13.035241659514
3.77813517450642	7.41444061674326	8.86898810913181	11.0041349269408	13.2639646916165
4.35979645821669	9.70464178985321	12.4878808126442	14.0263119280407	16.0274818797626
5.60492119441193	10.3120781833407	13.4072544722955	18.3954032320804	20.7214906490651
7.50462334277108	12.2217738330182	13.8443904386974	17.8422011366869	16.3284079048262
4.86754344434155	10.9391137099855	14.3516164496652	17.2312916961552	18.8190414376086
3.82858188842843	6.81298778585898	9.68949961319663	11.7658257044554	13.1519426339293
6.68660703226448	10.992394189329	14.7038192623403	16.7549352760218	15.9087058404593
5.65923533924433	11.5915005571298	18.2259143661985	20.3684789530191	21.4780924292376
6.22812164410402	9.45360656477158	11.9619856322656	14.6748325124979	18.4770969891467
3.86052588928055	7.16519463716196	9.94339675502232	12.7728829095379	15.0682905495207
3.86052588928067	6.61529304969969	11.5358768908068	12.2678371668395	14.0155877565832
9.46454584496826	17.9586987253134	20.6861434385495	21.2055871587243	24.3350163334435
7.53730659356762	11.5722325059186	13.6460363817347	14.7391193202917	17.3838027696394
4.41364344323159	11.444861175224	14.1510155786223	14.2672129276788	15.1667070338979
3.75471255909446	7.90707590800707	11.5608233750791	13.4000751979848	13.0963973284089
5.60492119441193	11.1980000117335	14.4955158185684	17.5041040438661	17.4152206747675
3.86052588928064	11.3355016738872	15.9392920477724	19.7339898836597	24.3507889073333
3.86052588928058	6.61529304969781	10.9347343911044	14.7550162428896	17.1843571358741
5.06531436941231	7.66172728458258	9.98576075425962	11.4668600834258	14.0020728228733
4.41364344323182	10.2635572428483	13.7052925711939	15.9004360792746	18.032657423244
4.81354189586256	6.81227081093988	9.74336263559042	11.827287207581	12.7334283203039
8.35865935678487	12.1647434078559	14.3278406295742	15.0921293329473	17.0844937385374
3.82858188842843	6.10734739262023	7.35433095020409	8.90538874768424	9.35144734277014
3.36441116053726	6.8989004440154	9.40576131298292	11.3475948547041	12.2267405775083
4.35979645821675	8.05976686880922	9.79563307331796	12.9211927272247	14.7441872757049
3.26659418791007	6.33599218647083	11.2260573304293	15.4024006867349	19.6400693253939
12.1541647566017	18.0392362117068	19.006536381145	21.2167441369706	20.0422551418468
3.86052588928061	9.70464178985321	13.1674337401404	15.1673472590559	16.1139301607616
7.50460666247108	11.9675045945361	16.7758380011427	17.1813127518723	15.4593129312605
6.22812160679831	7.84591111607978	10.0940049249111	13.7151027940967	14.4847287147632
4.08925456513361	6.81316278311249	8.89546596291791	10.0026040163413	11.9434749127874
3.63343397412569	7.51800656049102	10.6347796360714	13.6324977532905	14.9985245454447
4.10531276488504	10.93911370999	13.6643217718517	16.6351955376467	18.0443396116335
11.1493421094453	16.3672850629187	17.4671640406071	18.5036702404441	18.5247574887371
9.97010951409652	12.4678773710622	13.1282589721205	15.5839451370303	16.7109891264167
4.81354189981732	8.67510878503174	11.229986806257	13.1685473937384	20.8932605980191
7.50461927206538	11.1293750532075	14.507027708499	17.0656594178737	14.967046781043
6.84425287419191	9.04686593283844	11.8028207022456	16.2299459870652	19.2235074657536
7.50462325210646	10.7320985266152	13.9126018648773	16.9274998740557	16.210511491385
4.81354189223231	8.51858170425544	11.2959772369829	12.8045786201849	15.2613821729834
4.08925456512947	7.65033134882611	11.5648683435587	14.6964117995781	18.0189995782902
4.35979645820964	9.81141598477751	14.5070277084985	18.5737836190021	23.8266614702454
6.68660703226448	9.32419808694851	11.5380442262402	13.7333317083082	15.0947098722997
9.46454584496826	11.4965650619876	14.9084259681475	17.9038756011531	20.028138030623
9.46454584496826	13.4895029165074	16.9051846426457	20.2975057947782	22.2301263233946
4.35979645820976	7.60236214398753	11.9747847096076	12.5933096404777	12.8920677910538
6.22812156968399	7.84591111607978	9.76344601586379	11.9869455574316	16.0864678647515
4.49940548009602	9.27879571796626	13.2023662200438	15.7974310406834	18.043083943848
9.97010951409658	12.4678773710622	13.7253012444037	20.3647130082161	22.5755121952053
4.02211967264964	7.41444061674326	11.5486466166763	14.6286469927989	17.0783912028811
4.35979645820953	7.60236214398753	11.2812566248244	12.6498676429039	14.3872057903946
3.63343397412564	7.97594831244913	10.5085839442875	13.1854487304485	14.6076580011137
10.3451351860643	14.4704747626588	17.4300625368543	18.4895672469751	19.3566279098991
3.9854630512786	6.54972688663713	9.09721902366573	10.5586851319543	12.0965436679909
4.4136434432329	8.25950396249243	10.6418206809861	14.5528945846723	17.7476458511782
7.31716075820117	14.1971130352085	16.7331048931444	18.2870888111984	21.7452039367616
8.02863848147553	10.4552843657686	10.7858342016156	12.5485705818427	13.4658253210621
6.15546375674143	11.2377678831594	12.2238609782879	13.4029339789259	13.9739379482259
4.81354194117625	11.1777572234467	13.9027647905836	14.6694118744313	13.921483541115
8.02863877128954	14.1971130352085	15.9541687538514	17.9845800609814	19.0412111549251
8.02863867009057	9.68056659582163	10.3639865780018	10.0118927472544	8.8460051789508
3.86052588928058	9.04686593283856	11.6323763694882	13.525332506798	11.908822163369
9.46454584496826	11.7515138054948	13.6233755129168	14.9623462883088	16.0614488916146
3.72522102536396	7.25732376128275	8.11945519418515	11.5651002538484	16.5748933128327
8.3586593567847	13.0861966789692	15.0277734037952	16.2484380935515	14.9488108428694
5.06531436941231	8.64026336730456	10.2510717163573	11.9461123310809	12.8290846036372
4.52264930842534	8.09941539209382	10.0858481080408	11.7813831977695	13.0509128787386
4.81354156088844	8.12489704703864	11.8789189561405	16.2257261730232	18.7580848532814
4.35979645821658	11.6528015198836	14.7770215282476	16.5896761122751	19.7024374283815
3.40684201412304	8.05976686880922	11.6131246633952	14.2270331513058	14.8585629199063
4.97407992302936	8.09630829061405	12.1181818129442	13.0023136574991	13.8986970225403
3.90676822122975	9.70464178985327	12.4878808126443	14.7721269111482	16.484320522147
3.82858188842837	5.92697715307236	8.34524039007255	11.5967953799894	12.8040620119866
5.25979861097272	10.4964131108926	11.8014790538634	14.5131102058212	16.4386879286926
4.52264930842534	6.19531086640291	8.55212103205105	10.6792932652609	10.9146825029641
4.07481147583059	6.83979569242126	10.556105493724	13.4398385489545	15.5524718094915
4.08925456513259	8.04305238995909	12.3310177302047	14.1616259007333	14.5374942171699
4.0892545651335	6.81316278311249	9.88448411494198	12.7563904499615	14.2233588650689
4.81354179674628	10.3258313507686	13.0184739213861	14.5155719799733	15.2947664544449
10.3451351860643	17.9011336591165	21.7883472116122	25.4948886031476	29.3566182751093
4.81354208563658	11.1777572234467	12.8992628419348	13.4183296602283	16.2127356045091
7.50461657171843	10.8172573692332	13.7672183512322	11.1695937001505	12.5102015664887
5.06531436941231	10.3258313507684	12.2639390390067	14.1038038865798	15.8344077781925
3.82858188842894	7.01699722396853	11.7682505750595	14.4814330251226	15.9155137617765
7.31716075820117	12.4020267707704	17.5726999586298	19.7436335012474	20.731945782014
6.68660703226448	9.0875949989109	11.4295929486081	12.529700896489	13.5956436835395
4.8135414378558	9.68158353284724	14.1824624456317	16.924128453996	19.0527871592257
4.10127484408116	9.81141598477751	12.99298190052	14.4327303024462	17.1750541845198
5.60492119441193	7.77120007560336	10.5561054937239	15.2853474720343	16.886629035756
4.02211967264964	7.20603495054621	9.13864351888691	10.946674953139	12.5213262174321
3.86052588928061	7.19242519370653	11.484067487283	16.9285118425213	17.9878841887709
7.99958399221487	9.11139134739039	11.2631402688473	16.1495976168843	18.3983354486564
3.53017056093091	7.88363759982479	9.30908648870354	11.9972171840042	13.1846535268778
4.81354208947096	9.78391166914002	14.7614968475758	17.3284315709391	20.071956391233
6.68660703226448	10.7854070691224	13.7870962660436	16.592038874392	17.5763290197245
4.49940548009602	10.7320985266152	16.0035296525676	17.3923022386263	17.1827127686722
3.40684201412304	6.89030956633314	10.3426751592594	11.0436725955328	10.105289842564
4.07481147582476	6.21680773934003	9.88448411494136	11.52308306789	13.4292882992229
4.07481147583042	7.19242519370653	10.173871527218	13.4090308343673	14.819752959762
3.77813517451222	7.97594831244913	10.5085839442876	12.1436283844729	12.8518792761002
6.22812165883488	10.8449596267023	16.1775373219715	18.2997578257157	16.748920342961
9.46454584496826	13.4768479641425	13.7870962660436	14.7111306894737	13.0511157547755
4.97407992303221	11.9675045945361	15.0273164044141	16.861635362412	17.9284811098044
4.35979645820959	9.11819281158319	12.2507306210866	13.7801961121745	12.950622355398
7.27571544255886	11.7458328402462	11.8252135078657	11.8462230990909	11.7456070667429
5.06531436941231	10.1619443220765	13.2933099830702	16.0954577332152	18.9997965199555
7.99958399220009	12.0915498744416	13.840473640141	15.5956173508387	16.2245403073715
4.86754344434155	10.263557242848	12.5859080802001	13.3739191257704	12.6265788800296
9.97010951409663	16.0579191119449	21.3186694072303	22.1027202128131	24.6666553074081
4.35979645820953	8.61456374581212	12.2507306210866	13.0406684119872	15.2416261802591
4.97407992303221	9.13746039358534	11.6853451133606	13.5109934956047	15.2442166947844
6.2460887021835	9.22203790355081	13.8905398995742	15.8171980844974	17.8608542276801
6.68660703226448	9.86932218875177	11.6268612039564	13.2493807055276	13.2610229415151
6.68660703226448	10.9443583681851	17.2755236771244	21.3629403703691	22.805338808025
11.4767167482253	13.6724142356522	11.7780069663694	14.4575647510438	15.400447075346
4.10531276488504	10.9391137099905	13.2133990238066	14.57973996089	15.9570562240823
3.7781351745445	7.05478254097306	9.68949961319527	14.2475823650293	15.2675307088948
4.81354208503745	6.37206932565908	8.60773461870264	9.60196694312737	9.27024815406497
3.86052588928061	8.05976686880922	10.8233052525464	12.6985988728678	15.3462943743744
5.25979861097272	11.6528015198834	12.9253171789467	19.5846406616755	18.8314725614372
4.86754344434155	10.2447386235374	12.4250388144141	14.4705993796026	15.5225687385691
6.2460887021835	10.2635572428482	12.2865799555046	15.1704890359314	16.1622384636958
4.30446959248758	8.03389512063279	12.3834658976455	14.466493295756	15.2863626421088
4.35979645821652	8.24460395417572	15.3547638944262	18.3363650939004	20.8060233221973
4.86754344434155	9.43405517214529	11.5608233750791	12.5314258466204	13.6134908451476
4.86754344434155	9.43405517214529	11.5715488761674	15.8342464801197	17.7646048211105
4.41364344323154	8.91481884189602	9.48864088878599	10.8317431610635	11.4908887846303
3.77813517452876	7.41444061674332	10.8233052525464	13.7173871751809	15.8262115563839
4.10531276488504	6.49434152314802	9.83801161855945	15.0819655236054	19.7486011729944
4.8135417524328	6.70173033439107	9.1049753054748	13.2687887761385	15.0253410593799
7.50462369189637	12.6234557011509	14.4389191283105	16.125887792843	17.1130862555757
4.10531276488504	7.65033134882651	9.23432430435412	11.970763459411	12.9369205810725
7.45310330066729	9.06751741464586	11.2812566248244	12.2878598030572	11.3669664793854
4.81354151481708	11.6528015198836	13.437649418971	13.4183296602283	15.2586058572043
4.52264930842534	9.70464178985321	11.6188544786904	14.7230155838294	19.5217248211131
4.41364344323222	6.43438669205676	9.10497530547366	13.2687887761385	15.0253410593751
4.08925456513361	6.71377678593257	8.34543270847519	8.65211796843937	10.686826494066
4.81354208321704	11.1777572234467	16.0218449240414	17.2268504484126	18.262775827081
6.15546375674143	8.38449133422324	9.18087075242056	12.6059002711527	15.5524718094915
4.02211967264964	6.22508823039664	8.73543160471132	11.081635725077	11.1188372846495
3.20404346061622	5.67236174310364	7.6064640732389	10.8116552352	14.8689264245285
8.35865935678481	15.178936744276	16.1117629211286	14.1283237509471	14.1531719582165
4.0748114758224	7.45511211517737	10.2082060122736	11.6324533496085	12.6056438946112
4.81354167217796	9.04686593283839	11.3691726649582	14.3464989502684	14.9596308766324
9.46454584496826	11.4965650619876	10.4738304703456	11.4188504565853	13.4230470075547
9.0940388148918	16.097661525036	19.0174687723293	21.2688306474253	20.6316222755946
7.99958399221185	10.639103365472	12.424026823373	12.7351249005546	14.422244329307
4.52264930842534	6.6372868440302	9.99086709310984	11.9968386385161	11.8006196509029
3.9854630512786	6.36598880522882	8.94806184596467	10.7321502366224	12.0348576034284
3.7547125590944	6.8736708710241	9.21435380017732	10.8937848812602	11.8235052712332
4.07481147583312	8.12945094446439	11.9264368674873	16.0634339354842	19.484070576626
4.41364344323262	9.68198651856551	14.064206942291	16.929673115815	19.9942650019099
4.86754344434155	10.7963024211249	15.4299171481098	19.2549104549116	21.7444681049992
4.81354180722678	10.9391137099902	16.5512443289299	17.6077778443149	18.7162862358655
4.08925456513356	9.70464178985316	13.1674337401404	16.041605045892	16.9550068493576
3.7547125590944	5.7900061921373	8.69497837214163	13.1944532275539	14.2172820374843
4.41364344323176	7.38530236165752	11.2260573304293	15.4024006867349	19.6400693253901
8.71703179612837	12.2491363006	15.1757607204553	17.2535280757671	16.976807989955
4.86754344434155	6.32594975815533	7.47935235112561	10.1673735839428	11.4668970234619
4.81354167119468	8.75941759587971	10.188063098449	15.9141871581991	17.9347599445148
4.97407992303221	11.967504594536	14.1370913138135	16.1805163877407	17.601192328555
3.77813517453501	6.04348750070778	9.09721902366573	12.2046987804329	14.0516452997296
6.2281216201593	9.64072419079747	13.8652175877796	15.7018606155647	16.1409506848608
9.97010951409652	11.7949519912253	12.6508217353405	10.608055989763	12.7163764896685
6.08618037875345	10.3258313507677	12.2639390390061	14.8902089562703	17.0636418400911
4.86754344434155	11.067488380253	13.3697366543759	14.6759922188855	16.0776893194382
8.22735073380937	11.6528015198835	13.1001799262709	15.9672706792741	17.135968430053
6.22812163806987	9.11819281158319	14.1738202138887	16.0721968032191	16.7019472126514
4.35979645821675	6.56894292509133	10.7860334637393	12.7535571251551	15.0175901943716
4.86754344434155	11.444861175224	13.2860649682167	14.8531414286101	16.5013478117318
4.52264930842534	8.12489704703876	10.7480633680552	12.9124711704651	14.5015880588675
4.41364344323267	11.444861175224	13.2860649682167	11.9626796621547	13.1941465743269
4.02211967264964	7.65033134882617	10.1876995758257	12.3140381257659	14.1129891733633
10.3451351860643	15.347640464771	16.3584174844756	16.4435502474475	15.4151284805235
4.08925456513265	7.19565155285966	11.8299308109982	18.0416838118122	21.1369961395895
5.55666777382987	7.1140817645753	8.11875257624263	10.4698790812009	11.9632332966434
3.56199160097771	5.6234615939693	7.63563840240414	8.84830308015466	10.4746470987523
6.7163114425598	9.03614438893027	11.2734029224173	13.0322011342179	13.6205655355903
4.08925456513367	7.90707590800707	12.2669608455095	15.8334996260385	17.8713952735621
7.50462366332221	10.8172573692332	12.2886272176323	14.1403547552543	16.9972023879559
4.81354146485228	10.5279457973958	13.5868186459521	14.6060720569371	15.9665034182258
9.46454584496826	12.7321450802108	14.5762933764484	16.1541843192459	17.5117166741796
4.86754344434155	9.43405517214529	14.8074093583401	17.8190404747032	19.9399501129606
4.10531276488504	6.49434152314802	8.77405721162557	12.6168708034641	13.1470137715795
5.65923533924433	11.5915005571298	18.2259143661985	20.3684789530191	21.4780924292376
3.75471255909429	7.66555531465343	10.9347343911043	13.0175835124238	14.4261529164968
4.07481147586182	7.65033134882611	10.8402681608674	13.5033343572866	16.1624568115474
3.26659418791002	6.42692326802847	8.22337221059576	11.4713041436217	15.863202446592
7.50462203508255	12.7053122548734	15.7004579711284	15.8959274836663	16.6571175476164
4.81354119176007	8.05976686880928	10.7320190662194	13.4572586897502	12.7040576810379
8.71703179612831	13.1022064637978	16.6637694671682	18.6045112373192	19.145283389222
6.15546375674143	8.0430523899592	13.6303117759702	16.0807174656887	14.6267681922665
4.02211967264964	7.42046587238633	9.81467491006697	12.0917870440272	14.9973467746263
3.6197219677976	6.42125617161571	7.99599190156778	11.0041349264794	12.7823505624337
5.65923533924433	10.2874896646765	12.7938565562819	14.670050806541	15.6468091495067
3.77813517452216	6.11298718822991	10.2477444349795	13.8676518360238	16.4199137226695
4.07481147586185	6.70173033439102	10.9347343911045	14.2362266317871	16.0765369042836
8.35865935678487	11.5298947091878	15.4273220759849	18.8671003701738	21.0422228092845
4.81354208327053	7.59255961711585	11.1935225458986	15.0292814557362	17.3446832386049
4.08925456513356	8.04305238995892	12.3310177302047	13.4843682657468	17.0591767968507
7.50462385595438	12.7053122548733	15.3280191884252	18.4101563521571	19.8150788857046
3.86052588928064	10.2635572428481	15.6051995792308	17.9328530705046	23.0605107069065
9.09403881489186	16.097661525036	17.9990005897961	18.2724679497166	18.9913216009403
10.3451351860643	13.2713382811443	15.9264631144153	15.8331601062315	16.277876061255
4.81354209824246	8.32153045434973	9.98240181490752	14.5528945846723	17.5024986736781
4.10531276488504	6.49434152314802	8.19938888556561	9.80366785926702	10.6486547799103
4.8135416126907	9.56226938605198	14.6650508332617	17.2652502529619	17.9048559282343
4.41364344323239	8.25950396249243	12.2886272176324	16.8239125867368	17.8092485056296
3.56199160097765	5.79000619213735	8.69497837214163	11.9775760085987	15.0175901943713
8.02863865587608	10.4552843657686	10.7245626042284	12.2126713338474	16.1105494542264
4.30446959248758	8.16761576092983	12.1597555300256	15.8202059456037	17.528743386263
4.52264930842534	8.82695445579651	10.740089169028	13.1263812140174	15.0464588115597
6.15546375674143	8.38449133422324	9.99019953862006	9.31579115965292	10.3801220273424
8.02863877113617	12.27893123159	14.2287260987812	16.1553094361017	14.7629273245511
4.10531276488504	10.9391137080105	16.5512443289295	20.4205410180214	22.290349176861
6.22812138930004	11.9859194081356	16.5943040761667	19.6522334353679	21.4521390864527
4.35979645820964	9.79367297811433	11.9472241069305	13.7778677331495	15.8690624669371
5.65923533924433	9.52175637032474	12.0977045394632	14.8998264048389	13.2518550485644
4.30446959248758	8.73194874263629	11.4123381852247	12.4760997688293	13.792809764113
7.50462349473378	11.9675045945361	15.0273164044141	16.8616353624121	17.9284811098045
3.9854630512786	8.05976686880916	10.9674591296866	12.4574140888911	13.2808381927529
7.45310330066729	11.5900536222977	13.0860478962445	14.9366779716203	16.8768834457751
4.97407992303221	11.9675045945361	10.9512054660619	10.8925088249998	12.6222445934147
4.97407992303215	8.12489704703859	10.748063368052	15.4767285308886	17.27813494767
3.9854630512786	7.1651946371619	9.47317880731219	11.0953203459503	11.8749690820465
3.48888466281733	5.48808773477202	6.27906194637069	7.82874384252182	9.38608096381967
4.81354167482027	9.70464178985316	12.4878808126438	14.0263119280407	15.1145673138254
5.65923533924433	7.9096700336687	9.59131487743309	12.4623064438883	15.2812712583767
4.81354205192389	6.58389725050688	8.60619771963354	9.50444752002022	10.769769956111
4.86754344434155	9.56296257801193	11.306865576028	13.6276100347304	16.7281370235693
3.09623923582188	4.9792620796876	7.3307968134128	8.87315015867944	9.48754059675031
5.65923533924433	9.02845323560382	13.2646615508846	14.6284487092353	16.2899444498072
4.81354166280755	8.06649490657253	9.72444441224968	11.26734055616	13.0840275721926
4.52264930842534	10.1122613388638	15.4946273924787	18.1918730268914	20.3402852029436
8.71703179612831	12.2491363005993	15.1757607204552	17.2535280757668	18.200306361696
3.75471255909446	7.9070759080069	11.6733291932755	13.2687887761385	16.957664745782
6.22812166208439	8.23237997431613	10.4696028555525	14.3582934641073	18.5839420908476
3.63343397412567	6.9350116902541	10.6638503556143	14.4142336977714	16.90291091526
6.08618037875345	9.62263140518337	13.0054619301068	14.7808267159597	14.756288676899
3.6197219677976	7.97594831244913	9.6250638749176	11.3472564996463	13.153355457586
3.9854630512786	6.58389725050665	10.5021804190023	11.5387343103098	12.4364442069985
3.40684201412304	7.49820107167585	10.8375934468565	12.5736026994224	13.4709402003923
8.02863806885523	11.6198281048053	12.9881899697753	13.5280311914865	16.183213993296
4.81354184756361	7.73559069362176	11.1935225458842	13.7151027940967	14.9763830995091
4.30446959248758	8.02677291845265	11.0195712394599	13.6399275134661	15.8465525077825
4.86754344434155	7.59255961711574	9.97626112946318	13.6122327043113	15.3100855113126
5.60492119441193	7.5880600001704	10.2535930599714	14.236226631787	16.0722282560895
4.10531276488501	10.9391137099909	16.5512443289299	22.5373933973503	28.0549621203166
3.90676822122975	6.88742846725211	9.43659397008787	12.0277859529621	13.0591865400944
7.45310330066729	7.19655119622161	9.51873239356297	12.5314258466204	13.6134908451475
9.04165400012334	16.0128772223911	17.5318072432802	20.2670065139524	22.9463388003139
8.71703179612837	14.5484312421161	15.8488389320266	17.412617694937	16.1818954560815
5.25979861097272	11.0478316450427	13.243532007186	15.9549475861501	17.6079568531737
3.63343397412564	8.40966273329065	15.0408783042823	17.4385503717309	19.206920383039
4.81354205446542	10.7320985266153	13.4398897420112	16.6189783523878	19.6157875225212
4.10531276488504	6.15373533678064	11.1923993453362	12.9796901139361	15.4522260856473
4.35979645820959	8.27025607370632	9.1033039297655	9.90698362319722	10.5281463958414
4.52264930842534	8.12576922405123	11.5648683435589	13.4285419343542	15.6504895133731
9.04165400012329	11.4502581564232	11.8555233528513	12.7378517575262	12.6048809478365
4.10127484408116	6.10734739262023	7.77614228771768	8.82985518427552	9.75654735797559
5.06531436941231	11.2377678831594	15.7923126460082	14.994067212122	14.1445754361877
6.22812158703675	7.240380059301	9.51873239356297	13.7151027940967	16.9422409140347
4.86754344434155	9.56226938605198	14.6650508332617	17.529573213393	19.5486396345939
4.86754344434155	7.08100111750235	7.87703217973916	8.21742838957016	8.93024909638865
5.65923533924433	7.8265501437686	8.61378894069588	9.4850445809019	10.4246606276955
4.86754344434155	11.067488380253	15.9382898764291	18.0183360167564	19.3535617543095
4.10127484408116	8.315475853321	11.4188224205595	14.1286089718875	15.0860328033615
4.81354194186417	8.06649490657253	12.0313711266725	16.2227073352678	18.0064644808584
4.08925456513396	9.13746039358534	9.97048976737096	11.5874365210943	13.3739670336194
9.46454584496826	10.3120781833407	11.7848629942749	12.6622909456531	13.4748539165556
3.86052588928064	9.04686593283839	11.8028207022455	16.5525480746252	18.1891738727327
6.2460887021835	8.56178770367416	10.9564485160386	12.7382887409731	14.6134752337156
3.6197219677976	6.33247811697851	7.48325370637872	9.03607208798422	10.6942610212281
5.65923533924433	9.43405517214529	11.987335945633	13.9856299764475	15.9730716954341
4.97407992303124	9.05544975562418	13.2594625518193	15.0479067822191	17.9084407583242
4.08925456512969	10.639103365472	13.3448367971639	15.0023070710043	16.8775560355933
8.02863876729663	10.4552843657686	10.7245626042285	13.418827682002	16.7492824464242
4.35979645820964	10.7881930612288	13.3467491767614	17.314905520476	18.9790543715245
4.86754344434155	11.067488380253	14.1129885311263	18.4489265997406	21.8863136731659
4.30446959248758	9.70464178985321	11.6188544786907	13.2244669562582	12.9577773675794
4.52264930842534	10.4559336377987	14.9384014161311	16.9035121234311	18.8903368832133
8.3586593567847	12.164743407856	14.8410744897857	17.0099690330356	17.848637482
7.99958399221225	11.967504594536	14.1370913138135	15.4019108961714	13.7048425140541
4.81354209600198	7.53181665167443	10.4678905202499	12.5693916006981	15.9304182722171
4.41364344323199	9.40664321986554	11.8731818872886	14.0135446939464	15.5476252238403
4.3597964582097	6.98193597966764	9.52698767503222	9.97668409888632	11.6493847453194
4.35979645821652	8.24460395417572	12.0870182136005	13.0184032901788	13.1492542972774
4.97407992303107	9.6819865185654	15.7618463475707	17.0452893589179	19.933096126588
4.97407992303164	9.05504077499438	11.5884275975536	13.3920910297737	14.4574038681327
6.15546375674143	13.1797803581594	15.7480225007237	18.6967019807225	18.3864382292519
4.08925456513356	8.67510878503174	11.3559010507798	15.9549475861502	19.2179893156067
3.6197219677976	7.64691978605947	10.0514455752826	11.7846172993671	12.6941858359501
13.0063865490742	19.2219265269441	22.0479351922479	24.3659845677494	26.5590607227663
9.46454584496831	9.4821756631203	11.100953990364	10.309991884708	11.3821037984767
3.36441116053726	5.97474576691116	7.77614228771762	8.09259203382942	8.86722530886027
3.60473679561659	7.65033134882634	9.99363310582339	12.4174659215354	13.4403447875595
4.97407992303039	10.9068487640566	14.1916830677746	15.9292318154795	17.1885706708719
4.30446959248758	10.9391137099905	14.3516164496652	17.231291696155	20.227385310457
6.2460887021835	9.22203790355081	12.5685123086955	17.0950385889508	18.1758388900286
5.06531436941231	7.53484814309707	9.84372984935385	10.6735866207965	10.7092113219297
4.07481147582936	8.22253122671469	12.1779295480294	16.1415395499091	20.9168895134567
3.63343397412569	7.5180065604909	9.98412333506042	11.5379937137559	9.84278623491929
4.81354148301244	9.13974092376355	11.3682057815258	13.9996176126728	15.0197239024657
7.95866514797677	13.168234412627	16.88459973773	23.1295403245016	28.9617712981876
3.40684201412307	5.79000619213724	7.75027127621865	8.23484926258828	8.60643052041974
4.86754344434155	9.43405517214529	11.987335945633	13.8532987717753	14.378797769
4.81354203945517	6.56894292509133	11.8905333982535	14.3411573779463	15.2601050219671
4.07481147581817	7.11833914963535	10.5561054937237	13.8275297727339	13.8704896407961
4.97407992303221	9.56226938605187	10.3839319863717	13.5956172486345	15.2439126875041
4.52264930842534	10.9523370956943	12.3312995647971	13.7560516810139	14.7289694446657
7.31716075820117	11.7515138054948	12.6784276157196	13.5172953690302	14.4898608746436
4.02211967264964	8.82353597255957	10.9961724932958	12.7213552877836	13.2610229415151
4.10531276488507	6.70125027082281	9.35204667171803	12.6496093767429	14.8606091478369
6.84425287419191	9.26860565370026	11.8281246984576	14.1135779979702	15.6365238786531
4.97407992303152	10.6015314111498	14.1589518492483	18.842202298109	17.4216961463135
9.97010951409652	16.0579191119449	16.9194209727519	13.1745483104245	14.4063103936942
4.0892545651302	7.19565155285954	11.5648683435594	13.4285419343539	14.5785202458097
3.86052588928061	5.67236174310358	6.95290146842626	7.30320210637535	7.89679353215558
5.25979861097272	7.39048556683053	10.2260312738262	11.9686087572722	15.3370635057555
4.02211967264964	5.99085998501926	9.51873239356297	12.5795888759852	13.7708670114303
4.10531276488501	7.5925596171158	11.8625575790246	17.4134887285113	22.4604306509785
4.97407992303044	9.68158353284724	12.0949034731557	13.9755849066351	15.5692797155912
6.22812151779851	7.75605035266329	10.0913463747812	11.806765954628	16.0547167531299
8.35865935678419	9.20457461173618	12.9690611500716	15.6304170449906	17.0311227800988
10.3451351860643	15.221069552148	17.6493133681701	19.7687632411348	20.8643716055768
3.86052588928061	11.3355016738872	14.1646515832106	16.0416050458919	16.3791723675495
9.0940388148918	12.831127811367	12.2530160743304	13.1837980621509	13.9566450742503
3.75471255909446	10.7881930612289	13.3467491767614	14.1859547773442	16.0535329393242
4.81354179190163	11.1777572234468	12.8992628419345	11.6924655820659	11.8295467098604
10.3451351860643	15.221069552148	20.8691984190691	22.5906117327845	24.4667020212477
4.81354202733263	10.3598500340779	13.7479826218569	17.6832141974193	18.3195276610503
3.86052588928061	8.35479027596119	13.3094629399813	15.2615726839938	14.7455815157056
4.35979645821669	8.12945094446439	11.173266076245	15.4867215287572	18.8660088149164
4.52264930842534	8.06164504002197	10.9674591296866	11.9348053945531	12.8137795478037
3.56199160097765	8.05976686880922	10.9674591296866	12.8431366998727	15.3008931107121
3.77813517452046	6.10734739262017	8.06959993220784	10.583039227509	12.7389743268985
4.10127484408116	6.8039454474299	8.84718214585365	10.8216337022116	12.3718974894881
6.22812139665086	7.84591111607978	9.33676502602481	10.9882665723465	12.4763001647897
3.53017056093091	7.19242519370653	10.173871527218	10.9810790379969	11.8825600095419
4.41364344323074	11.444861175224	16.7820268337305	19.2609421904966	18.0614694871426
4.52264930842534	9.37460839471237	11.0634763539591	12.817894885891	14.2765249230861
3.9854630512786	8.22253122671469	10.7349768781315	11.6301019090655	13.2439890889399
8.02863877012379	13.7498718482995	16.6298733930121	19.6880340834801	21.9828591933432
9.46454584496831	9.56226938605198	11.2362374216648	13.7011871884865	17.8182758314732
6.2460887021835	9.22203790355081	11.4712937340559	15.6007496066184	19.0419343586809
3.7547125590944	9.70464178985321	12.4878808126443	14.0263119280407	15.1145673138271
4.8135419359798	11.1777572234467	13.9027647905835	15.6681694831806	17.4357160049352
3.7547125590944	6.58389725050699	8.60619771963354	11.9936819594905	13.3985383679226
4.10531276488507	6.81316278311249	9.83801161855985	11.5414874785385	15.1011845381445
4.35979645820947	8.61456374581206	10.1806603410949	12.2233080979937	13.3728839926074
5.06531436941231	7.60236214398753	11.9747847096075	13.8010672435695	15.5947132905749
4.52264930842534	8.12576922405123	11.0063247260821	14.8834406293876	18.9993618054251
3.86052588928061	7.49820107167585	10.8324616587476	12.59330964048	12.8920677910456
3.75471255909446	7.90707590800702	11.6733291932754	13.5595768274541	16.1438125281915
7.31716075820117	14.1971130352085	18.1588936252547	19.2392359456158	20.1199286958297
2.55435834272765	5.43450802044748	7.54619765966879	8.90885275002211	9.21493622714706
4.81354195127051	6.98193597966753	9.52698767503216	13.7151027940967	14.9763830995104
4.52264930842534	10.1122613388638	12.4594047687905	14.0813702895235	14.4987755014137
4.86754344434155	10.2447386235374	11.1454577761753	14.7813236998462	16.3501131166119
4.52264930842534	10.7881930612288	13.3467491767615	15.2551081466929	15.7911933688649
4.52264930842534	8.89024361517642	10.5634735794595	12.3227540789678	11.0688356069552
4.35979645821658	6.98193597966764	9.52698767503222	9.40232429883099	9.9638360767222
4.49940548009602	6.65481462093351	8.80785815545119	11.5348500397025	14.2732458977202
4.86754344434155	9.04712587682542	10.0062084887159	11.8906954365528	12.9217383079932
6.68660703226448	11.8378693531205	14.610684969255	17.6152160890156	20.9198770462051
6.15546375674143	13.1797803581594	15.9747794252128	17.9486271803364	19.8465307736195
4.97407992303084	7.52064567167207	8.89135431113561	10.5655626447282	12.3492291952375
4.0892545651335	9.13746039358534	11.4509300000303	12.4122197662529	11.758878434526
4.97407992303215	9.05544975562424	15.834750763056	18.6774568434959	20.961068752157
4.9740799230305	11.9675045945361	18.723733241973	21.9312685406456	24.181880388869
3.77813517454047	8.23237997431607	11.6733291932753	13.2983910743127	13.7459737360297
4.10531276488507	8.05976686880922	10.1880630984489	10.7821451009997	10.2028906020418
4.02211967264964	9.56226938605198	12.0630918566611	14.4684727625971	15.4132037116334
4.52264930842534	8.89024361517636	10.7145923944231	12.4167502217275	12.2415082430672
4.30446959248758	6.4382101429868	9.10497530547366	13.2687887761385	15.0253410593741
4.97407992302976	8.93197012983211	12.3820127536678	14.2086514321723	13.6782506302617
2.92984590383827	5.67177795084552	8.46892713217824	12.6059002711524	15.372240505839
4.86754344434155	10.2447386235374	12.0292577768245	15.8917307388529	19.1826045310519
6.2281216615815	9.64072419079741	11.3732588187926	11.5486825952824	11.2689586876551
4.81354175202227	8.25950396249243	10.5444010479499	12.2672635606617	14.3928406025061
4.52264930842534	8.12576922405123	11.0931846495033	14.1117459381921	20.3352766020753
3.7547125590944	8.82186790721505	13.857363538168	18.6924511111656	24.0787488309657
3.86052588928067	9.70464178985321	12.4878808126443	14.0263119280407	18.3764615989468
9.0940388148918	11.7243272766951	13.0548307781742	15.0417674871076	17.2434246760733
4.52264930842534	6.70173033439107	10.2535930599714	13.3909908411003	16.6390656146832
7.99958399221748	10.5216311631779	11.9903127522304	12.3049629137397	13.8737478503181
7.99958399220418	10.4930070401851	13.5528293825891	14.4859527906564	13.9977869441038
4.81354178776189	11.1777572234467	13.9027647905836	14.6694118744311	13.5195202583704
9.46454584496826	10.2886566667891	11.3682057815258	13.9996176126727	15.3450907959369
6.22812166155842	7.03500474367843	7.95407570378563	9.963399960956	12.1180120031545
3.77813517450699	7.41444061674326	10.8233052525464	11.7494515544227	9.47493265201547
4.86754344434155	8.63603170086583	12.7863983787798	17.5851118956347	21.148362893742
9.0940388148918	9.98293452782121	11.5850204017523	13.6030184463059	14.0777751991394
7.31716075820117	12.4020267707704	16.1798129967896	19.3277080461471	20.4317135778099
7.50462135977432	13.8683105814668	16.5989100412037	20.4635019442192	22.9898615536542
3.82858188842846	9.70464178985321	12.4878808126443	14.6346412187507	16.8245923039318
4.97407992303221	11.967504594536	15.0273164044141	16.8616353624121	14.5925048627194
4.35979645821669	7.65033134882623	9.86509583052577	13.5316251625186	16.8057772947227
6.22812154043129	11.7991795889139	15.8936410870284	18.6793532131267	21.7701476054329
3.03425958881729	5.31005227778371	8.07062637834372	11.9067740921222	13.6021888762483
3.36441116053726	7.19242519370653	9.25707773365997	10.1060849649018	11.1781661000034
4.52264930842534	6.73933978702024	8.27800158236039	10.7031935474944	13.065575252957
3.7547125590944	6.58389725050677	8.6061977196336	8.94460418470533	10.0650157894721
4.52264930842534	8.06164504002192	11.3410439316487	11.23447994679	12.4763730094395
4.35979645820953	8.04305238995897	13.63031177597	14.144693633601	15.7375652749373
4.0892545651339	9.51244756224401	12.3596099817896	14.3456993861889	16.3347523410342
3.9854630512786	6.54972688663713	8.06492803448305	9.69100223077947	10.7347649421056
4.35979645820953	10.639103365472	13.3448367971638	14.5001860440055	15.459312931432
6.22812156133494	7.87336044665255	11.3030421391172	13.6117224816698	17.9404219578626
3.86052588928064	8.12945094446451	11.1732660762453	15.4867215288928	18.8660088149164
3.77813517454382	7.41444061674326	10.0423346660722	13.0189896295412	15.5392557437102
6.2460887021835	8.56178770367416	10.507412940829	13.7239928316482	17.2494596643832
4.97407992303027	8.93197012983211	11.5985166892339	13.3058632785386	14.6516796585059
3.7547125590944	8.22319929457115	8.10943369728449	10.1841534153468	11.1375498441796
4.35979645821664	7.49147572229276	11.6709351118731	13.5912325187814	15.2045376463105
5.60492119441193	10.639103365472	15.092169949802	17.0588394362017	18.2711598182532
4.07481147582186	8.12945094446457	11.1732660762453	12.0217802652605	11.9948586036784
3.7781351745183	9.79367297811444	14.7860872397249	17.5749596343089	19.2636449870811
7.53730659356762	8.14350407955374	8.8303553573744	9.44892956094088	10.4922903631833
8.0286386187401	11.6198281048053	12.7883894630523	14.7258135703703	15.3458865207372
8.35865935678413	10.8301463376762	12.035473948557	14.6022974822088	16.6530045882678
3.82858188842843	6.00642765464596	9.8090992725696	13.4098516366971	11.412822102164
6.15546375674143	8.91481884189602	10.1668281315092	12.7814748426466	13.3159493847456
4.41364344323324	9.13974091487455	12.1233834268808	20.6706999303307	22.349914975951
4.52264930842534	7.1651946371619	8.37513590867786	9.53916684743228	10.8017421722508
8.35865935678459	9.30006780973838	11.1876689493041	12.2599114867126	12.5175424344739
5.06531436941231	10.9396786351463	15.3593459972199	15.4384198160371	18.9725743079055
4.08925456513049	9.01838704183052	14.1903527279928	17.0964684258752	19.1452833892219
8.35865935678413	10.8301463376761	12.2357963738331	14.1091763078285	16.0665603704655
3.8285818884284	8.40966273329065	11.6454144916793	14.6844662493611	16.0776751004006
6.08618037875345	10.314029718124	13.2923211686181	16.3635537045056	18.7187013273631
7.95866514797677	11.6419869847423	13.4152009732241	14.2708800874786	16.6467466646651
6.68660703226448	9.32419808694857	13.4984638840931	16.5802762408761	18.9364090659149
4.08925456513396	7.97594831244965	9.87667747796138	12.0648180903074	14.9324124777441
3.86052588928061	9.70464178985321	14.4533172981802	17.6465147923849	19.6751505780915
4.02211967264964	9.56226938605198	12.0630918566611	14.3983145991446	16.0867395474713
13.0063865402777	15.6135945153295	16.0146933697853	18.5148534917423	17.4703303081781
4.08925456513413	6.81316278311249	8.89546596291797	9.80366785926714	10.572161106457
4.07481147585762	9.04686593283839	11.8028207022455	14.5231633779014	17.0183682412116
4.08925456513379	7.19565155285954	10.8141210436054	13.7151027940967	16.5328326859814
4.35979645820959	7.38125086962856	9.83801161855945	11.4823324642107	12.4610449646875
6.68660703226448	9.0875949989109	12.2694669143435	14.9587414915535	18.2134286292184
3.90676822122975	8.22319929457115	10.4665250956623	13.1946679176275	16.0028480518591
8.35865935678487	7.56672741754909	8.31734881202397	10.3222977512215	10.9403118867305
4.49940548009602	10.639103365472	12.424026823373	13.5860163738188	14.9815336163703
6.06762429287505	10.7881930612289	15.2574577538923	18.5653781074378	18.0300166124575
6.84425287419191	9.79367297811444	14.8563485704335	19.7056672948102	20.7959489247635
4.97407992303158	7.52064567167207	9.53571417641342	11.2273445769378	12.8883330020468
4.81354205394229	6.81316278311243	8.89546596291791	11.4953488482506	13.7800737176006
5.65923533924433	9.96259451742793	13.9000164844493	16.8911042804021	19.872495966121
4.81354186315889	9.70464178985321	14.4533172981802	16.8740327006141	18.7387713581608
3.6197219677976	5.43450802044742	8.59187301514584	12.8018943487482	15.6265310688242
5.65923533924433	6.76736231318449	8.5521210320511	11.4674286929094	12.8669157596041
10.3451351860643	13.2713382811443	13.629263503634	15.3592379212168	15.8456177547984
4.86754344434155	7.08100111750235	10.9347343911045	13.7239928316482	16.4377280308032
7.50462351687753	12.7053122548734	15.7004579711284	15.0154713939426	15.9612841712698
4.02211967264964	8.82353597255957	11.2631402688473	12.1268121169093	12.9254598717916
4.35979645820964	9.04686593283844	12.3839962117647	16.1025428863388	17.7391442831774
4.10531276488507	8.12489704703864	11.8789189561404	16.1571698723992	18.9341880998385
5.25979861097272	8.06410252932454	10.9081184057615	15.4308751909765	16.9271672671736
4.8135419395515	7.41444061674332	10.8233052525464	12.6229908730702	12.4479279546335
8.02863870245204	11.6528015198836	13.437649418971	12.5193455565964	12.6505820471515
7.99958399220117	8.7680974204049	8.59187301514584	12.8018943483706	13.7613322152926
4.52264930842534	9.66717085177305	13.0621998641145	13.6132111897806	15.4600976586725
4.81354172024311	8.51858170425544	13.3816225397431	14.585325108058	12.7482282111619
3.26659418791007	5.85022571672175	9.10497530547366	10.8688941352668	12.1252738378101
6.2460887021835	8.59017135387325	11.0748140149864	13.2927951057857	15.5744387531547
10.3451351860643	16.8462543657115	22.1544266859874	23.9510639445842	26.4281735014918
9.46454584496826	10.5279457973957	11.3778232614645	12.4300506080385	13.6178672977896
10.6325156491039	14.1099596863178	15.2119648053977	17.1452528152159	18.5598406148114
4.10127484408116	8.27640784132387	12.4762552999587	14.9825161602428	16.395892590227
3.7547125590944	6.58389725050637	9.10497530547474	11.4909284326033	13.1393298261576
4.35979645820942	7.60236214398753	12.3196676819164	14.3945021595636	14.8647770521237
9.46454584496826	12.6234557011509	15.3633301094184	17.300052427788	18.1490389494259
4.49940548009602	8.64602429912543	12.1146302609952	15.0250338740941	17.0372868392328
3.82858188842835	6.4947766032256	10.0506611091081	12.9211927272247	13.9433113245791
12.1541646648029	13.5141494405985	14.3875519277008	13.8174212818616	14.4295427810997
9.46454584496826	13.4768479641434	16.5943040761667	19.2550875398373	18.3871424245996
8.02863874838221	12.1244591705249	16.8117996215337	20.7921242861858	24.1690450108139
3.7547125590944	7.90707590800707	10.9092766153784	12.2475318498967	9.74889234918908
9.68674977763345	14.6531543678838	16.884226910501	18.0505261618441	18.2596104683813
6.06762429287505	11.9675045945361	16.7758380011429	23.9208633611207	23.6589225605284
3.8285818884284	6.36598880522888	10.0344307800614	14.5231633779018	19.8718302974283
4.02211967264964	7.38125086962856	9.69556720895906	11.9179202560837	13.6897926167214
4.35979645820964	7.03022955157877	10.3637733261335	11.1946001741364	11.7190251049471
4.08925456513737	11.5256463762403	13.0558626674859	14.9629772099806	16.4694913234256
3.82858188842897	7.1651946371619	11.8434230986966	12.9096499808923	15.4106695368952
4.8135418619151	11.1777572234468	12.8992628419348	15.2861326628707	17.3348993035404
5.55666777382987	9.70464178985316	12.4878808126438	15.6313776329697	17.2130497615741
4.52264930842534	9.0468659328385	12.3310177302047	20.6996238498805	18.1691434791361
4.41364344323154	10.7320985266152	13.4398897420118	16.86914837431	21.8062670738875
4.35979645820959	9.04686593283844	11.8028207022455	12.9221525123668	13.5011786725972
12.3491849797521	16.4763736680525	17.1991118788756	18.3171590776998	17.2751808740683
6.68660703226448	8.23237997431607	11.602049092862	13.2983910743127	13.9870448414281
4.35979645820976	9.78391166914002	14.2906169489818	17.3021084579176	19.4337886064407
7.50462125534818	8.23637009082319	9.7498702100637	12.9141358819018	14.0130685522699
3.86052588928061	7.1651946371619	10.9054336659693	12.5472747817593	13.8336882536819
4.10531276488507	6.81316278311243	9.2927406226276	13.8532987717754	14.4924299765461
4.49940548009602	10.639103365472	13.3448367971638	15.0023070710044	10.9580120973758
4.02211967264964	9.56226938605198	14.6650508332617	19.4922320788654	22.6565616975353
6.08618037875345	8.02677291845271	9.80694335817407	12.5314258466203	13.6134908451475
3.86052588928061	5.85022571673051	9.13864351888679	10.9466749530624	12.5075650788206
4.81354209930396	7.53181665156234	12.83590116447	14.8969482805404	11.1857282292598
8.35865935678459	14.7635481608558	17.5877994274877	18.3678849752586	19.1108133238106
11.1493421094454	17.8689328783619	23.0095146658704	24.4541665552543	20.7246248518088
4.07481147585176	10.7320985266152	14.7210957573919	19.0980576697626	19.8270613997843
4.86754344434155	9.66717085177305	12.101302625234	15.4560022163805	19.5234416762419
9.97010951409652	12.4678773710622	14.385776806302	16.3488860008474	17.3689621143578
6.06762429287505	11.7497091991301	11.6131246633948	13.5466218344816	14.9433099929163
9.0940388148918	11.7243272766951	12.584255391973	11.550939565539	12.3465559843241
6.08618037875345	11.1831122445298	13.3910521745074	15.7100181439793	16.9572827810058
5.06531436941231	10.1619443220765	13.6303117759707	14.5656905503969	16.3394306166753
8.71703179612831	13.1188040624229	16.007758011196	18.7904308260382	18.9599245581207
4.08925456513384	7.46680827121475	10.1402389102356	12.5663635761021	14.4688035055672
12.3491849797522	17.9185051421589	21.1679619425655	24.6065979121013	27.0142821882501
8.71703179612831	11.2593771459682	11.5942920610187	16.9894983427413	19.7646281605676
5.06531436941231	8.78144898248706	10.482198279794	11.3700762024961	12.7824729527248
9.46454584496826	10.2886566667891	12.9403691443406	14.8531414286101	15.8322164726216
6.15546375674143	9.93720483694807	12.2521547167826	13.6906973083878	14.6253684548732
3.9854630512786	8.05976686880922	10.188063098449	13.4098516366971	12.4631088160558
7.99958399220827	10.5216311631779	10.7392610976618	12.3583561523424	12.4815084986989
7.27571544255886	11.0430586413645	12.8359857693023	14.4439238975675	15.3276421676344
4.41364344323171	10.9391137099905	12.463510870856	13.608175354368	14.2361582004417
4.49940548009602	9.27879571796626	9.51093712452393	10.8030825415125	11.4415528599113
3.86052588928061	6.61529304969889	9.40856594311572	11.3398096664516	12.9740524382622
7.99958399220145	11.4201919928126	14.4745424129789	19.4224513935245	25.8247247516704
3.77813517450966	6.10734739262017	8.68430794966605	10.342546553112	11.6586331802058
5.06531436941231	8.64026336730456	10.8247765937009	13.1007436052454	14.4361818442469
4.10531276488507	8.04305238995909	13.6303117759701	16.5851917297357	20.0408335609384
6.7163114425598	11.444861175224	15.3518804095289	19.5940332495637	19.4919591398227
4.35979645820964	6.76736231314771	10.8324616586787	14.7813236998462	17.1466188297298
4.35979645820942	7.49820107167585	10.2244739342563	13.2823178693408	14.2200118589875
4.3597964582097	7.53301533800322	10.3637730212557	12.2507949246396	14.0911793449043
6.22812150660241	9.0468659328385	12.4446268687467	15.5927593058369	17.7529851636485
4.41364344323216	8.175011665905	9.92819312769609	12.5109241297638	14.6783912213753
3.75471255909446	8.19907470592915	11.6733291932762	13.5595768274546	16.1438125281916
6.2460887021835	8.63603170086583	11.1287901531382	12.9440669475429	14.5886176176455
7.99958399221447	14.6433392909202	16.4793179350879	17.3087442150244	15.8563610492959
4.81354197062359	7.41444061674326	10.8324616586972	15.2716076765896	17.4381233332723
4.08925456513384	5.9269771530723	9.51873239356303	11.5093580574609	13.3491208348801
7.95866514797677	10.5041313842599	12.3220908753511	15.419007425226	17.0214825568605
7.99958399220651	9.11139134739039	9.29928807599606	10.9919111913426	13.9602594888356
4.52264930842534	6.6372868440302	11.1923993453362	12.979690113936	14.5597752397962
3.56199160097771	6.49302102554486	11.7736663816449	13.9688575233952	15.3255706664299
4.10531276488504	8.12489704703853	10.7811164741448	16.1154131954195	17.6508852371732
5.65923533924433	11.1046852028726	13.8176226171214	15.7396552174691	16.7362525719333
4.35979645820959	9.70464178985327	14.4533172981802	16.8740327006141	18.7387713581608
4.81354167611914	8.10730527298045	11.6131246633951	14.7136931268429	18.4119589037469
4.41364344323233	8.14029804229858	12.4594047687905	14.0813702895235	16.0798939456188
4.81354145253658	8.12945094446439	10.9674591296866	14.5442870048443	16.9053055272024
3.63343397412572	6.19531086640359	9.90263103144014	13.1540784577905	14.4239217401392
14.3486974628642	18.7088472701322	20.1652290942203	22.4047291617165	23.704690906432
4.35979645821664	8.24460395417566	13.0054619301069	15.0579820557788	17.756495572954
6.84425287419191	11.7991795889142	15.8936410870323	18.6793532131297	19.7255842919614
7.50462379038612	13.8683105814668	16.4370906480093	18.4706226990565	18.276989128498
4.07481147583761	7.74480438232479	11.0931846495033	11.8895243080755	12.7969353336258
3.82858188842866	6.45326043643718	11.0063247260819	13.4942833358152	13.8815529710363
4.97407992303073	9.77836684734865	12.2870096910307	16.436382873609	18.5756364193693
4.81354201120575	8.47568530422251	11.1935225458844	14.5687469937578	16.1041300431995
3.75471255909451	8.22319929457115	9.00444760194398	9.54160416343291	11.3239747429874
3.828581888429	9.40664321986554	12.710886911361	17.1492694079118	18.6183288955533
4.52264930842534	8.89024361517642	10.9674591296866	13.5376927238322	15.4766306102143
4.86754344434155	8.8024450714488	11.3470226061362	12.5134971457387	14.0625518442743
6.2460887021835	11.8378693531206	13.6745729528484	13.1812496739542	14.4892048101624
4.49940548009602	5.67236174310358	9.14543633345335	11.094156220688	13.0963325826285
4.10531276488501	8.06410252932454	10.6803959086858	15.0474544600153	15.5866324374495
5.25979861097272	7.77187964643332	13.4072544722956	16.1805163877406	19.2070486543537
7.50462385262767	12.2438424119389	15.597876471952	17.6009957133565	18.5507602984287
7.50462243715828	8.27025607370632	13.3179373251185	15.2309288724132	16.8319903223202
6.06762429287505	8.41849081017511	10.9245827431193	13.3882758737885	15.4972320528299
7.27571544255886	11.3355016738873	15.9392920477724	19.6086429094065	20.9775386496013
4.3597964582097	8.10362788220789	11.9747847096085	13.8746777017458	15.8306066101321
6.84425287419191	10.878074504327	13.5861134339075	16.4824882372517	18.5259021564801
9.0940388148918	11.7243272766951	12.6589022912432	12.5592452770904	13.6481344080104
9.04165400012334	16.0128772223912	18.1072961511415	21.3901331784728	22.5391400824494
4.41364344323125	10.3120781833407	11.154119476948	13.0045185178695	14.2867833167167
6.22812133771572	9.45360656477152	12.7883894630523	14.3577795909325	14.9350000938882
4.35979645821692	10.7881930612288	13.3467491767614	14.6346412187507	15.5004920010841
5.60492119441193	9.12701954702976	12.4884331266129	15.6535235256031	20.198615728659
6.22812164603829	10.4559336377987	12.9520957294497	14.8312151288384	15.8092890839959
6.84425287419191	8.43244798951673	13.4552712231084	16.3133517158636	17.3388540433185
4.08925456513396	9.13974092376355	12.3310177302047	14.4428802707458	17.0190395211137
4.35979645820959	7.1651946371619	9.47317880731111	13.1540784577905	17.3165226441699
3.75471255909434	6.56894292509668	10.0940049249107	9.96234124772508	11.9301283045632
3.7547125590944	8.12945094446457	9.29928807599788	9.50675153484548	9.37818447904419
8.35865935678407	12.9633288285746	14.3431599786123	11.5075799133014	11.3711233564524
4.35979645820964	9.79367297811433	12.4000791751246	14.3053970339284	14.0974933355952
3.63343397412569	7.65033134882617	9.23432430435417	12.0660039448987	13.1621607783583
6.7163114425598	9.00701286214195	10.8881344510032	13.412313550334	15.2992943466279
3.77813517450284	8.23237997431607	10.8522643737685	13.0472445636769	14.9649545911576
4.10127484408116	8.19907470592915	10.8141210440908	12.5735998270752	14.3127417255912
4.10531276488507	10.7881930640286	15.9190322775411	17.5369360356481	18.1839907670626
3.72522102536396	5.79111592128567	9.30908648870212	11.9686087572721	13.3538593320002
4.10127484408116	6.42692326802847	9.17092791585037	11.6914961784467	13.5050359017229
4.49940548009602	10.9099358183806	12.4412350600813	13.5172953690301	13.3073760989148
4.10531276488504	7.05478254096153	9.29274062262749	13.8532987717753	15.7876539319382
4.08925456513384	6.81316278311249	9.2083440443879	11.6653907938665	14.5037221230782
4.07481147586637	5.49753513416226	9.30908648870349	12.7320539431325	16.1409506848607
3.3644111605372	7.19242519370653	9.26415598797053	12.0144631872504	13.400393664777
8.02863872841834	10.4552843657689	12.7883894630523	15.075052941127	17.7868627427445
4.81354209122406	8.51858170425544	12.7025207970403	14.6075334984724	15.3765893642347
7.50461473186078	12.7053122548734	15.7004579711284	17.5530188525486	16.9178818703135
9.04165400012334	16.7822604101182	21.7181076786507	23.4752752314887	26.3759453682715
4.81354209559561	8.51858170425544	12.3310177302047	14.1616259007319	14.8492499208789
3.75471255909423	6.58389725050665	9.51709050411705	11.0148198716342	12.4948359427988
4.35979645821675	10.639103365472	12.4240268233729	13.5860163738186	15.2470554827708
4.52264930842534	7.89861996496256	11.6131246633952	14.2270331513048	15.9205833115703
4.02211967264964	9.79517121361914	12.377634244005	15.1537967546373	16.5627968510704
4.52264930842534	8.61456374581206	11.2379466348299	12.6200034629581	13.8670249445191
4.07481147583053	6.70173033439107	9.51873239356297	11.2747086082235	9.80692422826036
4.02211967264964	8.27025607370632	10.7392610976618	12.5012850815138	12.4479279546335
4.35979645820981	7.66555531465343	11.9747847096093	15.4024006867349	16.9295920708037
4.07481147582698	6.92637414166012	9.65100031438982	11.6507124653359	13.0792356296184
3.86052588928058	6.61529304969747	9.4085659431168	9.82925204141571	10.2566487083168
7.53730659356762	10.1245633281885	12.6750713731087	14.0800517549891	15.3977804834159
3.20404346061622	5.85901806611037	11.5223689015014	13.8474134487225	15.214024584299
4.02211967264964	5.62374326071438	8.28860835389548	13.5348084433378	13.370015655411
4.08925456513373	7.19565155285977	11.5648683435594	13.4285419343537	12.6208455391607
6.06762429287505	7.66112119233469	10.7145923944231	16.5002291968912	17.5057342204124
4.41364344323239	7.66555531465343	9.60557230453935	14.5241690288959	16.8434009607072
4.08925456513339	10.639103365472	12.4240268233729	13.5797616468206	16.2344978837009
9.46454584496831	10.2886566667891	9.66889569759758	11.326158834357	12.1903062604106
4.81354134432553	8.5185817042555	11.9966446125288	11.7380619425491	10.5655413941648
4.81354124113875	8.32153045434973	10.9347343911045	14.7550162428894	16.9000357315535
4.10531276488504	8.04305238995903	11.4509300000312	12.8740329890695	12.844931519319
10.6325156491039	14.1099596863178	14.9840415952505	17.1825977827242	19.2674767709703
3.40684201412307	8.61456374581206	10.7654991037667	10.6619353941517	10.1630625952963
6.2460887021835	11.8378693531206	14.610684969255	17.4459998468662	19.5467123554403
4.30446959248758	7.46680827121475	11.2260573304293	13.9153058486557	15.5107427577675
4.10127484408116	9.4015988409771	13.1636603568741	16.1616475583194	17.2160867205562
7.50461776862045	11.3355016738872	11.8959938439699	14.6346826566663	15.9908355338868
4.0748114758278	6.21680773934293	9.73656937320737	12.6066989335652	12.8471045212011
10.3451351860643	11.3408305901846	13.2133990238065	15.3822792449415	18.4270224577069
4.86754344434155	7.79117998935271	12.9690611500716	14.3012540583636	16.0938053289493
4.41364344323227	7.66172728458264	10.3844658565944	13.8204176728443	16.7460931019529
4.08925456513276	11.3078323755745	13.055862667486	15.6066909032506	17.210571637753
4.52264930842534	8.89024361517642	13.1658551002214	16.0088081357036	18.8895267131317
3.75471255909446	5.95715427265037	9.51873239356303	13.7151027940967	14.9763830995104
7.5046223765151	11.2519315628822	17.5402553906901	20.4788584626916	24.6448129006754
4.02211967264964	8.99968568751643	9.77453438573963	12.1889649575332	14.0869139535816
3.86052588928061	6.17307461810469	9.14543633345335	12.9978967481277	15.463800702883
4.81354155226524	6.58389725050677	10.9347343911044	13.8532987717754	16.2396539381238
5.55666777382987	10.1245633281885	15.2532866839649	16.1790478277996	17.2460054013046
4.07481147582504	10.7320985266152	13.4398897420118	16.6189783523921	21.4742711535864
3.9854630512786	8.73344349199203	11.6184920176875	16.8997233286684	20.1335940391168
5.06531436941231	10.3258313507704	15.4273220759849	20.3116864919865	21.7973076304141
3.75471255909446	7.65033134882617	9.40664698215244	12.1488840252732	14.1457189940431
4.35979645820959	10.639103365472	13.3448367971638	15.0023070710043	15.9364949567576
3.86052588928058	6.5838972505066	8.60619771963354	11.4069613020454	14.4685253302324
5.60492119441193	9.28416629436509	10.934695919856	13.2687887761385	14.2113090195822
4.35979645820953	9.32419808694863	13.7619324526287	18.2918924233252	19.039636192138
4.02211967264964	8.09630829061405	12.3648757368387	14.6632048950113	16.6272125541084
6.68660703226448	11.6452536044734	13.5103981672665	14.4795831378975	16.9328634420211
4.86754344434155	9.43405517214529	12.0656974824506	14.8903123116393	17.3540718380918
4.35979645820959	7.15816748707795	9.51873239356303	11.2747086082236	12.5942562906444
5.06531436941231	10.639103365472	14.2475658538747	16.1743582590145	17.4325547857638
7.27571544255886	10.1092865200325	12.3953934411948	14.4732234174365	14.9957004509135
4.07481147582834	8.12945094446439	10.5937602724583	12.8949778602283	14.2102401379292
4.10531276488504	12.2217738330182	14.573002873855	18.5591842609754	20.2700631654804
5.65923533924433	9.01838704183052	11.5507827115032	13.3539191112674	15.1019510707694
4.08925456513333	6.81316278311249	9.80882697981974	13.9673977680405	15.4189927656544
7.99958399220742	11.1293750532073	15.3909019971927	18.3793042591699	22.0141408719132
3.26659418791007	7.65033134882623	10.0913463747828	12.3536725469349	17.7315604911697
6.22812125738352	9.45360656477152	12.0206805434205	17.162209948539	19.8535509563292
4.10127484408116	7.97594831244908	10.8141210436049	12.2077815988608	13.9764114925002
4.8135420933225	9.1397409237635	10.4678905202479	11.970763459411	12.9369205810682
4.81354203014376	6.58024677115196	7.85981162592907	8.70276777036133	9.55640945519536
9.46454584496826	13.4135627558249	14.3353795398923	15.4168857202627	17.9557205673677
6.68660703226448	9.10355843325971	9.96434299047871	11.7114171785678	13.6538756949523
4.49940548009602	8.88619247071938	11.4673287164721	13.3183364843336	14.2837643491402
3.90676822122975	7.97594831244908	9.35522657935223	10.904110222982	11.145710534091
5.06531436941231	11.1777572234468	17.6684906632617	23.0524205854132	26.561156493869
4.81354174495402	7.53181665156228	11.193522545884	12.9640928045338	13.5561369536957
4.08925456513384	7.19565155285966	11.5648683435606	13.4285419343525	13.727280734932
10.3451351860643	13.2713382811443	15.9264631144153	12.1280510681347	13.9889964798442
6.68660703226448	10.4741887141137	12.518924008242	12.975095897275	13.4266162831991
4.07481147583664	7.73559069362176	11.6909696152047	12.9741451708051	15.1828793027819
3.48888466281733	6.83979569242126	9.75371100595657	10.7530302286585	12.4325294454036
4.81354172583536	9.04686593283844	11.3691726649589	14.3464989502683	12.5498901265487
4.52264930842534	7.77187964643338	11.362288528639	12.0598469219395	11.0310461526769
5.06531436941231	8.64026336730456	10.2510717163573	14.4191769018781	18.5451291042079
4.35979645821669	6.61529304969616	9.56024894707411	12.8639081820107	15.0777892678333
5.65923533924433	11.1777572234469	15.8793351928455	18.9545753896883	22.2161584917328
5.06531436941231	10.639103365472	14.7511738126236	17.3411396774567	19.9950446858822
8.35865935678476	14.4704747626588	17.7960709449874	22.8170871292859	23.8047559651569
9.87502892658648	12.8666844063087	14.7080035285749	16.67072554014	17.6876166426035
9.0940388148918	9.98293452782121	11.5850204017523	12.215903595554	13.6538576487752
6.84425287419191	17.4195513765778	22.5510069043125	24.9520838642956	26.1952852385622
7.31716075820117	8.95713940777256	11.9956106206676	15.9925943703699	17.6826588050261
4.81354208056007	10.9391137099905	15.2463056481429	17.6830038497716	15.8936086662812
4.35979645820964	8.04305238995892	11.4509300000311	12.7164572416939	14.4048275018532
4.35979645820964	8.12945094446445	11.173266076245	13.3915955537498	17.5515763805067
4.08925456512969	10.7881930612288	13.3467491767615	14.87227042429	13.9224127108454
4.07481147582544	10.7320985266152	13.1469921930627	15.8959274836664	16.861433784705
8.02863875588838	11.6198281048052	14.8897054887101	16.831692682542	18.911449685256
5.06531436941231	7.19565155285989	11.5648683435587	12.9985403456922	14.9464708086658
4.8135415942059	7.88363759982479	8.94806184596467	10.7321502366224	12.3320800661749
9.46454584496826	14.4593457973188	13.8427817846572	15.4954272240889	14.8224187007567
5.55666777382987	8.24460395417572	13.0054619301068	13.1057394860111	12.5075650788206
3.82858188842837	7.65033134882623	10.9808194548066	16.7477232697381	19.2659505312158
10.7441500874025	16.7805287053126	18.7177399470153	17.5855051390001	19.2034722967923
4.10127484408116	10.7881930612288	12.2506753119766	13.6000520616815	11.9261471755265
4.86754344434155	8.12489704703864	10.9347343911044	13.3056359994629	15.1639875341755
7.5046222919924	10.8172573692332	13.7672183512322	15.6798366616662	15.9890308489316
6.08618037875345	8.12945094446439	11.1732660762433	13.3915955537498	14.8396429948525
4.52264930842534	8.12576922405123	10.5903763367716	12.350089525192	13.2660170290533
3.82858188842837	6.36598880522888	10.0344307800614	13.4149550450463	16.3446498373999
8.35865935678453	16.175394733231	24.5820867251933	27.0295659043529	29.5699940742517
4.97407992303164	8.93197012983205	12.4594047687903	14.2086514321723	16.079893945619
4.81354152845216	11.1777572234467	16.0218449240415	18.6818292437258	19.3392773952264
3.86052588928055	6.16364756990339	8.57696974695256	11.4336026393115	12.6801083636626
9.46454584496826	11.4965650619876	12.8972674882502	14.5563099903877	12.2176405697444
6.22812159774907	10.639103365472	14.7511738126236	15.4694736284657	14.8154880572793
4.81354199486736	8.51858170425544	11.4866736590479	13.3138236747348	15.5757138966758
4.86754344434155	10.2447386235374	13.7390190200869	16.9330079235593	19.0280038978756
5.65923533924433	10.8107676864786	14.0750309630853	17.028597202082	19.126807372263
4.81354204733753	10.4559336377987	11.3284919016137	11.3052600993481	12.4785963559107
4.07481147582683	6.8039454474299	11.8299308109978	16.6146539862652	20.5047917007596
4.35979645821681	8.05976686880922	10.9674591296865	10.5816111922433	12.4470222622975
7.50461920655704	11.7497091991301	14.9084259681475	16.9881936152174	18.0350377458669
4.0748114758276	6.26402038336499	8.06959993220784	9.42065682443291	11.781506459048
3.56199160097771	5.92697715306821	8.36208182271901	9.99203570375897	12.5516784122329
3.20404346061622	6.17307461810469	9.51873239356297	12.5314258466204	13.6134908451475
4.97407992303215	7.90707590800713	12.3164686781153	16.8524458741011	19.8408165032177
9.4645458449682	11.4965650619876	12.8972674882523	13.0019949670035	12.8472902268105
4.07481147586341	6.70173033439107	10.2535930599715	15.2518921268419	15.0622090129276
4.81354171634644	6.04913737240901	9.1049753054748	13.2687887761385	15.0253410593845
3.75471255909446	6.58389725050665	8.69497837214163	11.3064383264886	15.8768915031897
3.36441116053788	6.75482756455995	9.07182815099026	11.970763459411	14.53749421717
3.90676822122975	7.66555531465343	9.68114925096995	13.6250197235825	12.2288243663421
8.35865935678498	9.20457461173618	9.6710144821007	11.7114171785678	14.5583466165768
6.84425287419191	12.2955801479149	18.0682163722848	19.9297643313494	21.2739634190916
4.52264930842534	8.82353597255957	11.2631402688473	13.8167486318708	15.3892224883064
4.52264930842534	10.7320985266152	12.0477766875658	12.0799451154757	11.4302211611996
5.55666777382987	11.3355016738872	12.9992239340557	15.2568262482631	17.6709221036192
7.45310330066729	14.2194569763557	17.1729425959855	15.2516150334095	18.0970859211407
3.56199160097771	7.27650377107659	12.2019185012834	14.2168039335403	16.1376271236318
4.81354166845045	7.53181665156239	12.9392943301002	17.213556483085	18.9700825790029
8.71703179612837	11.5368359178595	16.9854603281917	20.023514930381	22.1592278653534
4.08925456513407	6.14656740900557	8.60773461870275	12.5693916006981	14.1878957656905
4.35979645821646	8.12945094446445	10.7021716835166	14.7348898691653	19.0153766584943
4.35979645820959	7.60236214398753	11.9747847096076	13.8010672435703	14.4457287368282
10.3451351860643	17.9264928615638	22.1865150409154	24.8726352990336	27.509597579198
7.45310330066729	9.89564400341357	11.6438650438103	16.0599761140102	18.5860751120931
5.06531436941231	8.64026336730456	11.9747847096076	13.8010672435697	12.6775437361839
5.55666777382987	14.4302435909035	18.8511108735577	25.3225248535194	26.9809551594137
4.41364344323182	8.18330853485008	10.0977683907456	11.895299224397	13.6481344080105
7.99958399221219	10.5216311631779	12.7854758086099	15.0989077970764	20.3689944093011
3.1892207812426	5.67177795084575	7.75012071738877	8.78221758146162	11.5650202665238
4.97407992303044	8.93197012983205	11.5985166892339	12.0532449899775	14.1189802310421
9.46454584496826	10.2886566667891	8.74547199842328	12.5693916006981	14.2159579914165
6.06762429287505	10.8981428961681	15.7854376871834	21.2587718237492	24.2536735869583
4.41364344323176	8.18330853484997	8.56948496852527	10.1214661712065	13.5094918688738
8.71703179612831	10.7881930612288	13.3467491767615	17.3149055205702	19.7314211572308
5.60492119441193	10.3258313507635	15.4273220759849	18.8671003701738	22.6276522908242
4.35979645821658	7.45511211517714	12.1359335767994	17.9237620505438	19.8750048399104
4.35979645820959	8.24460395417572	14.507027708499	16.7114794919264	18.4529824797732
4.97407992303221	9.77836684734848	12.4594047687904	14.2170946260625	13.6847005868159
4.08925456513396	9.01838704183052	14.9084259681476	16.0779857708468	12.0592827897427
4.52264930842534	8.24460395417572	11.6681210076367	12.5405529336716	13.6266405812681
4.97407992303073	8.93197012983211	12.3820127536678	14.2086514321723	15.8885945308406
2.83706806336482	5.04686786633647	7.71667333425677	10.6792932652613	11.3100514331782
7.31716075820117	10.3258313507667	14.2486883838805	18.5438541385215	22.7082733192179
5.06531436941231	8.78144898248701	13.2646615508846	17.3341246354794	19.4858619763825
5.06531436941231	10.9396786351463	16.7835424009173	18.4354448506614	19.4874205514066
4.81354095398035	8.89024361517642	9.72029771389151	10.5586851319542	12.0027653618953
4.8135419130071	7.65033134882623	10.467890520248	13.172903088222	15.2593110417395
9.97010951409658	12.4678773710622	13.7253012444037	12.350089525192	12.3092588645721
4.41364344323256	8.18330853485003	10.9080827825495	12.2046987804329	13.6388719616847
4.8135416146925	8.06410252932454	12.266960845509	15.891730738853	17.8713952735622
4.41364344323142	8.18330853485003	13.5820651800308	15.8486920981682	17.1602032383672
8.71703179612831	9.42508009713538	18.8521639214383	21.2578812736848	28.1644220508963
3.7547125590944	7.19242519370653	11.5332911796021	13.3935828480373	15.4084705921659
3.40684201412304	8.61456374581206	11.2379466348323	12.6200034629581	11.7535947120174
7.45310330066729	14.2194569763557	17.1729425959855	19.254763150428	20.3476477885988
4.81354198269486	6.42692326802847	7.71667333425683	10.6792932652593	11.3520017865907
3.36441116053783	5.42239325937186	10.2023701297301	11.022540580538	14.3503558288443
3.86052588928061	10.263557242848	13.7052925711949	16.8759130216201	18.4885449367761
2.87374888049882	7.66555531465343	9.82479818955528	14.230382191019	15.4625616986339
4.10531276488507	12.2217738330182	14.4188766261789	19.971163185822	22.5171195583462
6.7163114425598	9.56296257801193	14.9421708971028	17.8756840188673	21.1150361060339
4.81354184326682	6.37206932565903	8.40291072896554	12.4826579645072	14.5194657152321
4.86754344434155	8.63603170086583	10.5021804190024	13.6117224816697	15.4413015015502
4.35979645820953	8.24460395417572	10.9347343911044	12.6498676429039	9.6655952359867
6.22812148103338	9.59983136470373	13.3928280979394	18.3545062932396	19.9218952535417
4.52264930842534	6.56840997042229	9.49128583025163	13.4768840384942	15.6952848647338
4.86754344434155	7.79117998935271	11.1634246839108	14.2820689414306	18.1821797855106
4.08925456513361	10.263557242848	12.3310177302047	13.5680853294304	14.927952374951
4.49940548009602	6.33599218647078	11.0063247260821	13.4942833358151	16.0658039487481
4.08925456513367	7.15686311556806	9.87666905606648	13.692082956483	16.0878326309358
4.08925456513333	8.05976686880928	11.8299308110184	18.0416838118103	23.4405720767557
5.55666777382987	7.99498605614281	10.3734640300531	11.3425985054399	12.0697138459944
6.7163114425598	12.2373645041614	16.8475048562829	18.8608908589509	19.9025964882031
4.81354175498763	7.53181665156234	11.1935225458837	12.9640928045068	14.4362617894306
4.10127484408116	8.67510878503174	13.6136982902844	18.797855341686	19.3813256259859
4.81354165772598	8.315475853321	10.4678905202498	12.0991292954059	12.8781090578964
3.56199160097771	5.6234615939693	8.3677103015371	8.38013361067954	9.07123731524985
8.35865935678481	15.1789367442773	18.2103463600051	20.4121255148419	21.2156852904334
7.45310330066729	13.8997427923594	16.5528244513476	16.0653553178539	17.7066682903508
4.86754344434155	8.63603170086583	12.2530160743307	15.9048749137734	16.9222791165621
4.35979645820959	6.9819359796677	9.41019179877958	11.3658197434402	12.7640767243103
7.31716075820117	8.9951875070339	10.0745115048448	12.7406065961857	15.9266029890765
9.97010951409658	12.7053122548734	14.7637034950572	22.2080444167358	24.6078897513801
3.8285818884284	6.967054949268	11.8434230986964	16.5681977772362	17.9965982282807
4.08925456513003	6.26815845464927	8.99230688255227	11.5762861718831	13.5168762539597
4.52264930842534	8.89024361517636	11.4389638114389	13.2872154589803	14.993943473362
4.10531276488507	10.9391137099903	14.3516164496653	17.2312916961549	18.8190414375717
4.41364344323205	8.25950396249243	10.5085839442962	12.5283393835982	13.1057648916095
4.02211967264964	6.61529304969781	9.40856594311549	11.3398096665509	12.9740524382622
10.632515649104	13.9681997909465	15.5383784812352	16.0991631868959	16.8661217083576
4.08925456513356	10.639103365472	12.424026823373	12.3227372978834	12.6209050097696
4.35979645821664	7.60236214398753	11.9747847096076	13.801067243569	16.2374268859377
4.10531276488504	11.5256465730834	14.2023811688892	15.8872481769108	11.9730966042296
4.30446959248758	6.49434152314802	8.58641812914504	11.0211461992275	13.0120429104372
4.81354197575246	10.2940881292283	11.7462261554144	14.724434089793	17.7571492887655
4.08925456513384	10.3258313507781	12.9474821550046	15.5979021144392	15.568116137054
4.35979645821675	10.639103365472	13.3448367971638	15.0023070710044	15.9364949567577
9.46454584496826	11.4965650619876	15.7250307751468	17.7622345169343	19.8826568474463
9.4645458449682	10.2886566667891	12.3583508347672	14.4142336977712	13.6820905228251
3.63343397412564	8.67510878503566	11.1232022560908	13.6923801644861	15.2838932509242
4.10127484408116	9.81141598477751	11.5385626493923	12.4421679534493	12.3086454834146
3.77813517451273	6.04348750070773	8.20239495623389	11.3940203726711	12.3006770993507
4.0892545651335	7.65033134882623	10.8141210440873	10.109414414298	10.4067966152441
8.35865935678436	9.20457461173623	11.5648683435608	13.6620033906926	16.2123841117188
4.07481147583206	9.70464178985321	14.4533172981803	17.6465147923852	19.7761555106387
9.46454584496831	11.4965650619876	13.7443161367347	19.8742815026943	20.7754357780977
8.02863876202821	14.6844118313959	17.5148834500483	16.6604652786486	16.2582921076582
8.35865935678362	12.164743407856	14.8410744897861	14.1109367371698	16.9516731364413
10.3451351860643	13.2713382811443	13.6292635036341	16.6588788576249	16.7492824464242
3.86052588928058	7.97594831244908	10.5085839442877	13.4090308343673	14.8197529597622
7.31716075820117	9.79889406126847	11.5756841604675	12.5413220899312	14.2042052816823
4.49940548009602	8.31547585332095	9.94948962818586	11.6175600625625	13.1622780944562
4.08925456513384	8.04305238995914	13.630311775974	16.5851917297448	17.6656922590543
3.77813517451762	7.41444061674326	10.8233052525478	12.6229908730703	13.4350981404129
4.35979645820947	8.67510878503174	11.5223689014979	13.9970182321238	18.0769490274195
3.86052588928061	10.2635572428479	14.4533172981803	19.5205931785827	20.5197197168706
8.02863875063827	14.6844118313959	16.6682346156517	16.7166094104959	17.7393660766112
4.97407992303255	11.9675045945362	17.6629035062531	19.8389704782627	20.6054709941517
4.02211967264964	6.45851477786209	7.90120643494157	8.66346807601116	9.61523386806016
4.0748114758764	7.64691978605947	10.5561054937245	15.2853474720349	16.8866290357346
4.81354193750406	8.69013943726435	11.7842843827669	13.9459130685487	13.4005374669811
4.81354192910067	7.53181665156256	10.4678905202479	12.0991292954061	12.878109057885
4.02211967264964	7.38125086962856	10.9347343911044	12.6498676429039	13.9803069663072
4.81354200431582	11.6528015198835	15.8960292155324	20.8076551195423	23.3245246216362
4.52264930842534	10.182614973018	12.6022718897191	15.1022433004161	17.2114303819795
6.15546375674143	8.51858170425385	12.8076036256576	16.8114423051631	18.2845565249448
5.65923533924433	9.70464178985316	13.9740641401083	15.8692118377704	16.5094963974954
3.77813517455223	7.66555531465343	11.8333780281835	14.4947691078332	17.5988678634781
6.22812165873262	9.64072419079736	12.4163424166835	13.825980563844	12.2976019472193
4.35979645820964	6.98193597966758	10.9347343911045	14.0135446939464	16.3267588605099
5.55666777382987	8.14350407955362	10.4416163284335	11.288235572438	11.2137801315811
8.02863836302538	11.6198281048053	13.1617587126668	17.8281738475389	19.9474242303142
6.2460887021835	11.0007676721581	16.5262169854838	21.7190783935797	27.4262578183354
4.813541930464	11.1777572234468	16.0218449240415	20.9101776222258	24.1093776952867
3.40684201412304	8.06410252932454	10.6803959086856	12.1294544279664	11.9853530043275
5.06531436941231	7.97594831244965	9.12073610208188	10.0586715972964	10.3544835521354
4.8135420976887	10.3598500340779	11.7462261554144	14.7244340897929	15.5922624759106
3.63343397412572	8.61456374581206	11.2379466348299	13.0045185178632	14.2867833167167
4.074811475823	9.56226938605198	12.0060250704386	13.7976874272945	14.8083967191919
4.35979645820964	6.98193597966753	10.9054336659697	12.968005725721	14.3010405248913
3.63343397412564	7.1651946371619	9.47317880731219	11.0953203459503	13.0029426516445
4.35979645821652	8.40419247771666	12.685536115689	14.5902288578433	16.3309778793524
5.06531436941231	9.34639666235148	14.7660659968432	15.7839024169552	15.3940432310827
4.0748114758446	9.70464178985321	10.9961724932957	14.4288344046369	16.7900188843528
4.97407992303221	9.70464178985316	14.793457169957	17.501697320226	19.9985913133242
4.49940548009602	7.1651946371619	9.47317880731225	11.5084580711043	15.8768915031883
3.4428293447624	5.41148291653826	7.26704236591701	9.02615177460655	10.9442332347921
4.49940548009602	10.639103365472	14.7511738126236	19.7641458193551	20.9142989703112
6.84425287419191	9.22390296091817	11.8045025684348	14.4461466699299	17.0791599607065
3.36441116053686	7.19242519370653	10.7384276172259	13.068095516946	12.9636641360917
8.71703179612837	12.2217738330182	13.8443904386391	17.8422011366869	19.7736717040002
4.41364344323199	6.81316278311249	10.6976823282575	13.6905641606941	15.6620981325079
5.65923533924433	11.1046852028726	14.558881073156	16.5248611385846	17.269773836178
4.4136434432321	9.68198651856551	12.0537187835703	12.5293047410785	15.1296822743982
4.52264930842534	10.4559336377987	12.4257385395671	14.4898367995861	15.5019436928624
5.60492119441193	11.1980000117335	14.3455729607786	15.301283546933	17.6656115358704
4.10531276488507	5.86601282445707	9.55171580562279	11.0041349264829	12.7823505624337
3.26659418791007	7.66555531465343	10.9054336659694	14.9619087763085	17.2265485086749
5.06531436941231	7.53484814309707	10.2737909886667	12.0765131389609	13.9988140948249
7.31716075820117	11.7515138054948	14.5857622815475	15.831950816922	16.0966376605886
4.86754344434155	9.43405517214529	11.987335945633	12.1291383665861	13.5630808405911
3.7547125590944	7.15686311556806	11.6131246633953	14.5131102058199	19.4008186286057
4.41364344323159	11.444861175224	14.1510155786223	15.7596399203211	17.5490790998107
6.22812163653316	7.7560503526642	8.11945519418515	12.4383780539777	14.6136978147848
3.75471255909434	9.70464178985321	14.4533172981802	19.5205931785827	21.5595449449778
5.25979861097272	9.22649235201874	10.2535930599715	15.2770343022177	18.5414196883096
3.77813517455496	10.7881930612288	12.2506753119771	11.7355967742325	12.6026640350441
4.02211967264964	8.23237997431613	10.8522643737685	13.7151027940967	16.7973152492606
7.95866514797677	10.9099358183807	14.767640313406	15.8086471650113	14.5955455917175
9.4645458449682	10.3120781833407	11.154119476948	12.836251906591	13.8472151272297
3.8285818884284	7.01699722397206	10.1091518755589	11.2705232062427	11.9545958725874
4.35979645820964	8.05976686880922	11.2812566248243	13.5033895692133	15.5815969064813
4.07481147583141	7.1651946371619	10.6588518083585	11.5037192648456	11.1038834730398
3.82858188842843	6.36598880522882	9.79563307331836	9.72668212713256	11.895945772044
8.02863877380457	11.6198281048053	14.4226053305008	16.5097756919823	21.0397466828331
3.36441116053732	6.22508823039652	8.11945519418509	9.85616994174239	11.1781661000034
4.49940548009602	6.45312485765373	8.85273449803424	11.0897579081511	12.9476286542427
6.06762429287505	12.5755118536603	15.4824420838215	18.140598035224	19.4018861693938
11.476716091569	13.6724142356522	14.7321429419918	16.6964043587128	18.7054961535947
4.81354209672679	6.04913737240912	8.60773461870275	9.26378645492269	10.2102671921763
3.77813517453814	6.10734739262023	8.06959993220778	11.2393909526309	13.3702087260532
4.07481147582544	9.23269242075185	15.7167257333458	19.3701818994757	18.6333425353986
4.97407992303221	7.73559069362176	11.6909696152042	12.9741451708049	14.2601149826769
8.71703179612831	11.2593771459682	12.3169971383297	12.6498676429039	14.8605846905908
4.35979645820959	6.98193597966764	9.52698767503216	13.2687887761385	15.0253410593766
4.35979645820953	7.03022955157877	9.52698767503227	13.7151027940967	16.7973152492606
4.81354151505377	10.7881930612288	13.3467491767615	14.87227042429	14.6956249331063
4.08925456513361	7.19565155285972	10.8141210440913	12.5625271176187	14.0200106150525
4.08925456512981	9.01838704183052	10.9489877178706	14.0758265257554	17.7748394620285
4.81354206109376	11.5256465549857	13.0558626674859	18.8666463829332	21.9302455295765
4.10531276488504	7.59255961711574	12.7764880515257	17.1266084793452	22.2746926115246
4.97407992303221	11.9675045945361	13.6303117759668	16.0807174656886	16.9414072544689
8.71703179612831	12.2491363005993	14.5677920050591	14.790701436516	16.219029667371
4.52264930842534	8.12576922405123	11.533291179602	13.6730399358422	15.4084705921659
3.86052588928064	7.65033134882611	10.0913463747793	10.944412362361	11.8293387954562
4.07481147582504	7.52421370292348	12.6394103744124	14.4532127178957	15.0301571103079
10.6325156491037	17.8007030672867	19.5468624078241	22.7506843837857	27.1321357407256
3.82858188842843	5.94052516488819	8.43584350542511	9.66639742170304	10.9653661463542
6.7163114425598	10.8981428961681	16.4523836923381	20.2475729439566	21.4030759608764
4.81354160810491	8.51858170425544	13.3816225397429	18.0418819962838	20.3247376127308
4.08925456513379	10.639103365472	14.7511738126236	17.0211745139764	18.9052672750769
3.20404346061619	6.22692962620113	8.94806184596473	11.970763459411	12.9369205810671
5.06531436941231	9.39530485993333	11.8596933266434	14.5888693742164	16.9123151420623
6.7163114425598	11.412690951871	13.1827553407459	14.8484483888429	15.8109850094498
4.08925456513322	8.04305238995909	12.3310177302047	14.1616259007334	14.4272598598308
4.10531276488504	8.06410252932454	9.69556720895906	13.0603611270023	13.6561521613958
4.35979645820959	8.05976686880922	10.9674591296866	12.4517253171004	14.3961176363474
4.52264930842534	10.3258313507674	14.2486883838835	16.7992405587171	23.5683506348786
6.22812165219409	10.3565485887888	11.2484573542148	13.4090308343673	14.4140571328402
4.10531276488504	6.49434152314802	9.7523427617341	12.6168708034643	14.1837302406565
4.35979645820953	9.08759499891102	11.6768587919806	12.5967702725204	13.3361039848055
5.65923533924433	8.59017135387319	11.0748140149864	12.9367344032579	14.8510748844177
4.81354196288737	11.1777572234468	14.9141004535297	17.8780392823596	20.799550970127
4.10531276488504	8.12489704703864	11.8789189561404	14.9876616052669	17.2032401829652
6.2460887021835	11.2486241055154	13.7114712068673	15.6323001771319	16.6283607206061
4.07481147581512	7.88363759982474	10.1681820718547	12.648662426494	14.1709307298848
8.71703179612831	11.2593771459681	12.3169971383321	13.6006295255061	15.520718530251
4.81354208925501	8.22319929457115	9.79841668370523	10.9138146554357	11.2674993239711
9.0940388148918	15.2406269791017	16.4571793390155	18.1316396503535	17.0053731459865
6.7163114425598	13.9185524520929	16.7716987614214	18.7844166860785	19.8258187973561
4.35979645821669	6.69031626441802	9.51873239356297	12.5314258466204	13.6134908451475
4.10531276488507	6.7081500896611	10.2643811658734	14.7207400285122	16.2890611677481
4.08925456513384	10.3258313507677	15.4273220759849	21.3049140945971	25.6763809729016
3.8285818884284	7.01699722396859	10.1091518755589	14.218244373535	17.8189204633272
4.81354194650277	6.37206932565908	11.1923993453362	12.9796901139361	14.5597752397962
3.9854630512786	9.70464178985316	12.4878808126437	14.0263119280407	15.914035338223
5.06531436941231	10.9396786351463	15.3593459972199	17.2960559980286	19.3132266835398
4.08925456513361	6.81316278311249	8.11945519418515	11.5651002537379	13.7201819381988
12.4608711022281	20.7237770878336	22.966407698865	25.2928623211228	25.4752411161842
10.6325156491035	14.1099596863178	15.2119616753288	17.1452528153068	13.6883475690345
4.02211967264964	7.38125086962856	9.69556720895906	10.5184207815425	11.4711929857613
9.09403881489175	9.98293452782121	12.3310177302047	14.1616259007318	13.5050359017228
4.08925456513361	6.81316278311249	8.89546596291791	10.6402351390174	11.4581941924107
4.81354171242918	6.87617779061344	9.19672957594247	10.8483054379165	13.5782353324083
7.99958399221867	11.4201919928107	12.2507306210865	14.9731386302337	10.8350595807202
5.65923533924433	6.39345325434209	8.79708408551386	9.9165921813501	11.6363148134292
5.55666777382987	11.1777572234467	13.9027647905835	15.6681694831806	14.4644971768352
6.22812134363357	10.3565485887888	15.8603547059966	21.0415503411363	23.2871501327784
8.71703179612831	11.2593771459682	13.620414451364	12.2613615767193	12.9222272604812
9.46454584496826	15.9903642207382	15.5532983914264	13.6053269487188	12.5082923860318
5.55666777382987	10.7320985266152	13.4398897420111	16.6189783523876	18.2714114025774
3.82858188842843	7.05478254096573	9.06191550251009	13.1183718202528	18.3672053670424
9.97010951409652	11.7949519912253	13.8642524443785	16.3157493244366	18.1382155558956
6.7163114425598	9.55889581634739	12.5384362002104	14.4332875650159	15.3846555004296
6.15546375674143	8.19907470592921	9.77424889772345	12.942794429752	13.5757519367567
4.35979645821669	8.82353597255957	11.2631402688473	14.236226631787	17.173000157063
9.46454584496826	12.4552343169108	12.4457661161231	16.3999123841064	17.5000898508054
4.86754344434155	9.43405517214529	11.987335945633	13.3056359994629	15.3462943743743
7.31716075820117	9.78391166914002	11.5392744506725	13.1657848689635	14.3292697182666
3.86052588928052	9.70464178985321	12.4878808126443	14.1547584824484	16.1776161911711
7.50462253046481	14.2104726905481	17.3469740363622	19.403711681919	18.5446107312121
4.0892545651335	10.639103365472	13.3448367971638	15.3516598534065	16.722861301
6.2460887021835	11.0007676721581	13.7114712068673	15.0851330164791	17.633529272905
4.52264930842534	8.61456374581206	11.5778957608219	15.2104291330903	16.6737238549613
4.41364344323165	9.68198651856551	13.3230239603683	14.9411191837063	13.5084349713431
4.0748114758286	7.73559069362199	12.9690611500715	18.5102501825158	18.1753311410278
4.35979645820964	8.23237997431613	11.6020490928619	13.7228277386741	15.0649172628117
4.35979645820976	7.51800656049051	10.0102912007137	11.1775828439586	13.2224860399435
6.68660703226448	9.0875949989109	11.4777963740675	14.8701192321321	16.1975196842648
4.35979645820959	8.24460395417572	11.6681210075698	13.1101312181336	16.9887443369193
4.35979645820947	7.88363759982479	11.2812566248244	12.2878598029909	13.5741905317977
7.50462373639272	9.84971454563703	12.3196676819164	15.4190074252261	17.8349290147884
4.08925456513356	11.5256465631661	15.8925362673297	22.8156785042605	20.477313380809
9.04165400012334	16.7822604101182	17.2024133008557	20.2430933909194	19.8023530767202
6.7163114425598	10.1642703388432	13.1137369152037	15.0092063058871	16.0002625815196
4.41364344323159	8.18330853485003	13.582065180031	16.6024100932531	18.8099102720872
7.27571544255886	10.741309007772	14.0917797197926	16.2350828232813	18.7430419999916
7.99958399222237	8.93372368825584	12.5127987829312	15.2984887688255	18.2682489879596
3.63343397412561	6.11298718822997	9.30974483417776	12.7728829095367	13.5341764032927
4.97407992303221	8.93197012983205	10.1402389102357	12.5693916006981	15.4466056373057
8.71703179612837	12.2491363005993	14.5677920050597	15.5474333816647	17.3728392630849
3.56199160097771	5.67236174310364	9.51873239356303	13.7151027940967	14.9763830995097
3.86052588928058	6.61529304969633	9.99086709310978	13.3739191257705	17.7181546103643
4.86754344434155	9.43405517214529	11.987335945633	13.849266690199	15.8047418892805
3.8285818884284	6.58389725050682	8.94806184596473	9.0913961408238	9.72000784857636
11.4767167726386	13.6724142356522	14.3188351237604	15.2609487646565	16.0649076851068
4.02211967264964	7.38125086962856	8.91127411531693	11.5651002538487	13.5956436835397
4.81354187214191	11.1777572234468	16.0218449240415	16.5505392684386	15.8457105368452
4.10531276488507	9.70464178985327	12.4878808126443	14.0263119280407	15.114567313827
6.22812161604662	7.75605035266472	9.15065100740412	10.8288959116528	11.704555159235
5.65923533924433	9.52175637032479	13.0054619301069	13.1057394865909	16.0120064994424
3.82858188842869	7.58806000017046	9.90875868492049	11.8596371900337	13.777030582328
4.86754344434155	8.05976686880922	10.9674591296866	12.6229908730701	14.3961176363476
4.81354207891013	11.1777572234468	16.0218449240415	19.3492860667275	21.7644221814332
4.97407992303221	7.62082939176344	10.6925808790059	11.6256435885237	13.492552045314
9.0940388148918	15.347640464771	18.4151664712047	20.5739495117335	21.7778603041361
10.6325156491039	16.235800544295	19.3143547178066	22.529796112017	24.8526935859235
4.35979645820959	9.56296257801193	14.9421708971028	16.9397764656688	19.8150788857046
4.86754344434155	8.3947048768996	11.4777963740676	13.9812427617854	16.2030890149949
4.52264930842534	8.12576922405123	9.90263103144008	13.484368265747	14.8867155375144
8.71703179612831	13.1022064637978	16.6637694671682	18.6045112373213	20.1287427873192
4.52264930842534	10.4559336377987	13.8163146316327	16.7232568314726	18.7828252619454
4.10127484408116	7.16519463716196	9.70597721213812	11.9310603983869	13.6266405812682
4.81354193911699	8.61456374581212	12.096794201989	15.9032193810402	18.8264462678112
9.04165400012334	13.02319174594	11.2812566248244	12.9440669475429	16.4847810318769
4.35979645820959	9.81141598477751	13.9000164844493	14.4841509029228	16.0895380834373
4.81354152791664	8.27025607370632	13.3179373251185	19.1081479992275	21.2383641792298
4.0748114758278	8.75941759657354	11.645437625884	13.8500262194368	14.7981531777418
4.81354209021151	8.5185817042555	13.3816225397429	16.3272268746625	18.8069624117063
6.84425287419191	10.878074504327	14.0824670067412	17.035425893449	18.4133507581822
3.18922078124254	7.16519463716196	9.86296230429735	13.4644835778078	15.0001624338398
4.81354206356713	7.53181665167432	11.1935225458845	12.9640928341041	12.5248383014403
4.81354178890234	7.65033134882611	9.51873239356297	13.7151027940967	16.9422409140347
4.3597964582097	7.2440498477751	12.3834658976457	14.4664932957572	11.3096936096636
4.81354208160064	6.37206932565903	10.0004146647277	14.0682635030229	14.3745436020428
4.10531276488504	8.35479027596119	11.8226115885149	14.5774222260363	20.0091137429307
7.27571544255886	8.82353597255957	9.48051589156461	12.7320539431325	15.6504895133737
4.0892545651339	8.04305238995914	10.6206269033468	14.8360441457215	16.273319491837
4.35979645820964	7.15816748707795	8.72384220632478	10.2989150042863	13.7782650767422
6.15546375674143	10.7314106479868	13.3454515538013	15.1996142950366	16.9418566305995
10.3451351860643	17.9264928615547	17.6684906632617	16.6465603997941	17.8510776939019
7.45310330066729	10.6015314111498	14.7006182492718	17.7348227820545	18.983490438146
6.68660703226448	8.64602429912537	10.1117297477656	10.9831745516003	11.105482914046
4.02211967264964	7.65033134882623	10.0423346660722	10.6497854016752	12.3541170031817
4.35979645821664	11.6528015198836	13.4376494189713	11.6740722617841	11.3200655404245
4.10127484408116	9.81141598477751	15.7167257333458	17.9202570718857	19.6347192383653
4.86754344434155	8.04305238995914	11.4509300000312	12.4122197662765	10.3193263219837
9.97010951409652	12.4678773710621	13.725301244408	14.9935793696943	14.5395582044083
5.55666777382987	9.6684936844041	12.5704130657441	16.6040733436421	18.3901075483587
3.77813517450215	8.27025607370632	13.3179373251187	16.1634800676769	19.1928801359898
7.99958399221595	10.521631163178	12.4067501499877	16.6138618754971	20.4256420103162
9.0940388148918	12.8311278113671	15.5968704850412	17.793796626853	17.08038398101
4.08925456513356	8.315475853321	10.6692949156968	14.6186935141847	16.943801337608
4.35979645820959	8.82695445579651	12.1430382160666	14.6589744359056	16.8156481376585
4.3597964582097	8.61456374581212	13.1617587126677	14.8878203702071	13.1700802974556
4.81354196282109	7.56896520594864	10.8748556087332	13.5078343302947	15.7692438553561
4.52264930842534	6.6372868440302	10.0940049249107	10.5774869552083	12.593692188169
4.07481147587168	8.64602429912537	10.9509919988315	12.7739452823355	13.7105258432122
4.08925456513259	7.19242519370653	7.87570036930481	11.2744497803698	13.0725953339505
6.84425287419191	10.878074504327	13.7582862372066	15.7616018898235	17.2850764066225
3.63343397412569	7.05478254098153	10.5787390842335	12.5314258466204	15.5412267344814
3.18922078124257	9.13974091487455	11.3342368774014	14.6046196181646	16.2467802549191
3.75471255909451	10.7881930612288	12.2506753119773	12.5795888759853	15.4850377797461
3.03425958881729	6.00036738050665	8.83689645479694	10.7176116321456	12.0745558772975
4.97407992303215	9.77836684734865	14.1621683138948	17.06783805284	19.1164027147925
3.90676822122975	9.30006780973838	11.2703990605046	14.0231280312476	16.0246939665864
7.50462154290182	11.7991795889139	14.7620978392767	16.754903527869	19.3319666642966
10.6325156491039	17.0480252513007	16.6340439709304	19.7179417458	20.7963019381492
4.35979645820964	8.61456374581206	12.0967942020002	18.5019502553499	16.3876566099674
4.81354179328474	7.25912664232806	9.69503072633307	13.7151027940967	16.9422409140347
4.08925456513396	7.97594831244965	8.91127411531693	10.3017624883325	11.6011087107547
4.49940548009602	9.7936729781145	11.8220559820341	13.0794313135831	13.3153587415733
7.99958399220895	13.4842658456158	16.5265819563381	16.7472587922091	19.7342407695477
5.06531436941231	9.39530485993333	13.6138165645023	15.4710140053474	16.4344671358261
6.84425287419191	9.45763502092689	12.9979619456347	14.3983145991446	14.1511476841637
6.7163114425598	10.599100181293	12.3281795453064	13.2983910743127	13.3191406686022
4.52264930842534	10.4559336377987	14.9384014161311	15.9152620364693	17.2137623907273
4.02211967264964	8.09630829061405	11.6841103622278	14.6274093362611	15.9197350942395
4.0748114758666	8.09630829061405	10.4738304703456	12.1723475981678	13.6126787079234
3.63343397412564	7.62539662745007	9.77965519744959	10.9221665527292	12.2028855385681
3.86052588928058	7.97594831244959	10.8324616586018	11.7011524246593	12.6132049856175
5.65923533924433	11.1046852028726	12.8023927533682	13.4661380637845	16.019398976257
3.56199160097765	8.0641025293246	9.62506387492999	10.5055971807406	10.9004080380413
4.07481147581359	7.73559069362199	12.9690611500716	15.6304170449907	17.0311227800987
4.10531276488504	6.61529304969685	11.5358768908068	16.3695447992333	17.0991840416215
6.7163114425598	8.82186790721505	11.0913148411956	13.0170395297384	14.0936178380233
6.2281215497382	12.2438424119385	15.5978764719499	17.0211745139763	18.0305374829663
3.77813517450051	6.10734739262023	8.06959993220784	10.0378419230918	11.9633117255366
4.81354168359479	7.66555531465349	11.7682505750595	14.4814330251249	15.9155137617765
3.90676822122975	8.01264566749205	10.5181301101481	13.1986483178125	14.3140317684635
8.3586593567847	10.8301463376761	11.2271035938173	12.1820608210934	13.3410759963843
3.86052588928061	7.2440498477751	12.1699297066111	19.0301906050555	21.7458221239513
4.52264930842534	6.81316278311255	9.31039694608478	11.4909284326033	13.7953425163721
4.10127484408116	7.53301533800322	9.11528145807051	10.7973210218531	11.4685218595533
4.41364344323182	7.38530236165673	8.46195314447527	11.9498216390649	13.2346993591581
3.77813517451659	6.26328714963734	11.1616638032045	15.2857733611576	19.6963701287108
4.81354191780383	11.1777572234468	13.9027647905836	14.6694118744313	14.9873123979917
12.827236698312	17.5248880273651	17.3741631592123	20.5670816987927	20.6871294032827
4.86754344434155	7.19565155285966	11.5648683435585	11.9190307557709	13.5609785679242
4.81354209740391	8.51858170425544	11.2959772369833	11.4402587938138	13.2491310724715
5.25979861097272	8.14029804225498	12.4594047687903	12.842117685264	15.4067714018147
3.17950703252495	5.96751633033819	8.14203922139637	11.6637256634203	14.9689444856052
3.9854630512786	7.05478254098284	9.09721902366573	12.4520985694109	13.5507467804788
4.30446959248758	8.04305238995914	12.3310177302047	14.4428802709235	17.019039521113
4.35979645820964	7.62539662745007	9.70975340562876	12.9084622650655	14.7764449981357
3.77813517454945	4.87564819938268	8.11945519418509	9.85616994174211	11.1781661000034
4.52264930842534	6.6372868440302	8.1964164398982	9.79579468813142	11.5080086459302
6.7163114425598	9.47286484003178	11.1392438581876	12.8926912620725	13.8244607049807
4.0892545651335	7.1956515528596	11.5648683435583	11.0888144586767	14.3357820401699
5.60492119441193	8.28228206149021	11.0896725932272	14.2453083744979	18.0261052900115
4.86754344434155	11.067488380253	12.8604637925269	14.5089158212407	15.4967865737665
6.84425287419191	11.7234265976665	14.3699657299805	16.6740605790777	18.6046145061883
6.228121431197	7.84591111607983	10.8233052525464	12.6229908730702	13.2491310724715
4.35979645820953	9.79367297811444	17.4677378974171	21.3328213402554	23.1540098144058
4.52264930842534	9.0468659328385	11.8028207022455	12.6044051451001	13.92420486873
4.1053127648851	6.49434152314802	8.77405721162575	9.60698207806979	11.1762984619729
4.35979645820953	7.07831539811411	10.8071117134326	12.7469780648	14.6428979143014
6.22812163119022	7.84591111607983	9.37704984822489	11.3288420678273	13.2639646916174
5.06531436941231	8.69013943748956	11.5744868314652	12.4855894885868	12.7754225342323
3.90676822122975	9.02845323560382	13.168527531871	17.4260815849989	18.7194991467416
7.99958399220492	9.16332159812276	10.6778230105414	11.5486825952963	11.4693403902471
8.3586593567847	12.9633288285746	14.3431599786124	16.4822996993328	17.0536449819895
4.81354125363083	7.15686311556806	11.6131246633952	14.7136931268523	18.8284347844265
4.81354130928275	8.12576922405123	10.5903763367716	13.3138236747348	14.8137039698135
8.71703179612831	13.1022064637978	17.7825461920364	20.92961453761	24.1966836407861
3.77813517455206	9.13974091487455	11.3682057815258	13.9996176126727	17.2382778233985
6.22812154942562	12.2438424119388	15.5978764719504	16.2635546680276	17.1975671771106
4.81354118761095	10.639103365472	12.424026823373	14.9997505777686	20.6349166679173
8.35865935678413	10.8301463376761	11.3268378761762	11.8067659546371	13.5854031716225
6.22812165511237	12.2438424119389	16.9733450949533	21.6290692591938	24.2172822295674
6.15546375674143	8.91481884189602	10.955958474624	11.8212080257375	14.1213516475341
8.35865935678464	10.8301463376761	11.3990804032235	13.2309695465389	14.183218602374
7.95866514797677	10.5041313842599	13.2174076415457	15.6304170449894	17.0311227800593
10.6325156491038	14.1099596863178	14.9840415952503	13.4572586897502	15.9820925827948
4.52264930842534	8.12576922405123	10.4417852539389	13.6074316415097	15.6297483256848
6.22812145394226	10.3258313507483	15.4273220759849	16.8827500132354	17.6821547368249
4.02211967264964	8.09630829061405	10.402333693024	11.2422400061739	11.5662202498345
7.99958399222407	10.5216311631779	11.9903127522304	13.7546820148362	17.3826254631681
6.84425287419191	12.5803087883041	15.8925362673291	20.2773453644355	25.3378079060865
5.60492119441193	9.70464178985321	12.4878808126442	14.0263119280406	15.2226668961374
5.65923533924433	12.4495741510983	15.186381709176	18.1052386082296	18.0079479681658
4.35979645820964	10.7714426010637	15.5532983914263	19.2674552225032	21.6533162945125
3.7547125590944	9.1397409237635	11.3682057815258	13.9996176126727	15.0197239024613
6.2281215258871	9.46297547897518	12.1771052183582	13.4850361186404	14.6633349484478
11.4767167606067	16.7768483943131	18.4301398917491	19.4791698000157	19.2357271774158
4.10127484408116	7.19655119622166	12.4713543718765	15.0791955815562	16.4939864564225
4.35979645820953	9.56226938605198	12.0630918566611	13.1729030882221	18.2380595496903
8.35865935678515	10.3258313507689	15.4273220759849	20.3116864919864	21.7973076304141
6.06762429287505	11.7497091991301	14.5052589997749	15.4961710204724	16.2902825520546
4.10531276488504	7.88363759982479	11.4908975856166	12.4237673752791	12.7722856491298
3.75471255909446	6.58389725050688	8.6061977196336	10.229695598733	10.3353032418842
7.50461885789491	15.7201298757861	17.6915511416636	19.6043601546946	20.3506612330075
6.08618037875345	10.4879190276749	13.1617587126668	19.099007291026	20.9357914490114
5.65923533924433	7.14402802916015	8.94806184596473	12.581092404837	14.4093751493818
4.81354208698605	8.82353597255957	9.61072038677167	10.2722404411801	10.289684919775
4.35979645820942	7.65033134882623	11.2812566248244	11.6740722617841	12.585932137923
10.3451351860643	15.2210695521479	16.6912891304322	18.7697470867906	19.8448334767006
6.84425287419191	10.9068487640566	14.1916830677736	15.9292318154789	17.6369804528013
6.2460887021835	13.5455051578894	18.4279875919488	21.0272463122101	22.9575869608502
6.06762429287505	11.967504594536	15.0273164044141	16.8616353624121	19.0329407279821
4.35979645820964	8.24460395417566	14.507027708499	17.065659417873	19.8037448536146
8.02863848945185	13.7498718482995	14.8130691559933	16.5283619988379	18.6936190361296
4.97407992303044	7.62082939176338	9.40001859916879	10.3247718566769	11.1401416962833
3.77813517450915	6.11298718822997	9.12785021817456	13.2687887761385	16.957664745782
7.27571544255886	9.8728243389258	12.047631163511	14.6452446694555	19.2372015256961
4.81354147854199	8.78144898248706	12.0998930171523	11.9897657882379	12.4710715922183
3.7547125590944	7.53462209633511	10.9347343911045	12.7620613361299	12.9544743152386
8.35865935678424	10.0233679180708	11.7847690981687	12.5026284225293	13.0820485654809
4.35979645821669	7.60236214398765	11.9747847096076	14.1117459381921	16.4261425220989
8.71703179612831	12.2491363006001	14.5677920050593	15.4024006867348	20.4893359968628
4.08925456513407	5.47960773339076	8.23330469541929	10.7954750984415	12.0200259831651
4.0892545651343	7.1651946371619	9.47317880731589	11.0953203459502	11.8749690820465
6.22812136700975	9.45360656478368	12.7883894630523	14.9439212762661	16.7531739144976
4.86754344434155	11.067488380253	13.8262767732663	16.7000687733142	18.5254183402171
4.35979645820964	8.82353597255951	13.5882945598535	16.5366162794031	18.3689527214771
4.10531276488501	6.1537353367807	8.55212103205105	10.924006553402	13.3930726836464
4.86754344434155	10.0233679180708	13.3055464031331	16.2371168166179	18.322702335625
4.10531276488501	8.12489704703853	10.8701103736653	12.8364133306579	14.5015880588675
5.06531436941231	9.39530485993333	14.793457169957	16.7216323599322	16.4863288733235
4.35979645821669	6.9819359796677	9.93293363265542	11.66119934132	14.3193000999023
4.81354203679194	7.66112119233469	11.822584702635	13.6811242533302	15.6336671162267
4.97407992303107	10.9068487640565	14.1916830677763	15.9292318154789	18.9174844818247
10.3451351860643	15.7043584062767	18.841773948602	20.8536119256348	22.4242299847981
3.63343397412578	5.7823109550618	9.31888318158042	10.9466749533217	12.5075650788206
4.97407992303073	11.967504594536	14.1370913138134	16.5152277990061	17.90397784913
5.06531436941231	8.79660128473489	11.9956106206677	14.4302993152758	18.1689483154208
3.9854630512786	6.10734739262023	9.73656937320737	14.069037560206	18.8133392995978
9.46454584496831	14.4593457973188	15.8425919888872	16.9384568109238	16.830514057394
6.22812158497067	11.799179588914	14.8578918497752	17.706053602685	21.0131768067329
5.60492119441193	14.3133207086227	15.2713640052672	15.943591325794	13.8539596002323
3.7547125590944	6.56894292509139	10.0940049249112	9.26049770810687	10.0160238444709
4.97407992303152	11.9675045945361	15.0273164044142	19.440585858781	21.9302455295758
4.08925456513373	7.24404984777505	12.3834658976456	14.4664932957238	15.2863626418216
4.35979645820953	7.07831539811411	12.4000791751245	13.4262128394249	14.4120083783706
4.35979645820959	6.69031626441802	8.29805606738142	13.1540784577901	13.9542454026628
8.22735073380937	12.8646293424672	16.1141825928208	17.7583361412117	18.4510273989033
8.02863864387859	10.4552843657688	12.6828363487704	13.9254154105201	15.786054926002
4.81354189017395	8.99518750703396	11.9966446125288	13.877728028178	16.8276128850634
4.41364344323216	8.14029804225504	11.1732660762451	15.7284437216465	19.6726080936677
4.52264930842534	11.3355016738872	14.1646515831611	16.3817272858477	14.2272564847872
6.2460887021835	10.058869076296	11.7507893183646	13.5255178821516	14.4480467910204
4.97407992303221	7.66555531465349	9.82479818955568	14.7789533117204	16.2823773622637
3.9854630512786	8.67510878503174	11.613950541265	15.0766343963316	18.6449990692979
4.10531276488504	7.41444061674332	11.5648683435595	13.4285419343335	15.3462943743758
6.7163114425598	9.86932218875182	14.3808324717431	17.3944993687272	19.5274272004407
4.10531276488504	7.65033134882628	10.8141210436056	13.8532987717753	13.8153922305476
6.68660703226448	12.5170161845875	17.6768660411929	19.8495398920049	19.6017354390862
9.04165400012334	13.02319174594	12.7198251547787	13.6225420259648	14.6236180281089
4.49940548009602	8.88619247071938	13.268317484182	18.2408982889561	21.5263764425436
6.06762429287505	11.7497091991301	13.6163418446025	15.6600577988751	17.592088374434
3.82858188842866	6.36598880522882	8.23330469541929	9.27754427402851	12.9308908658829
4.97407992303033	6.26609262448363	8.33080656078369	10.3607731586491	11.3767454579901
3.90676822122975	6.95643123112518	9.39592763993932	13.2173866482204	16.4479683173317
4.97407992303118	11.1777572234468	16.0218449240415	19.3492860667274	21.7644221814332
4.86754344434155	10.5279457973958	14.9224286831526	16.8623827615831	19.2369493519583
4.08925456513367	8.04305238995909	12.3310177302047	14.4428802709235	16.2314935365345
3.75471255909446	7.51800656049051	10.6347796360713	13.9457759900935	16.3733048080309
4.52264930842534	8.61456374581206	13.1617587126677	17.9094347209235	20.9929842729493
5.06531436941231	10.9396786351463	12.6738460249449	12.5462696451642	13.0960566912811
4.81354209628552	8.61456374581206	13.3816225397429	17.8281738475391	19.9474242303127
6.15546375674143	8.38449133422324	10.5855431020164	12.3587802207384	15.0620996681675
4.52264930842534	11.444861175224	12.9690611500716	14.3012540583637	16.0934555373788
4.41364344323301	10.7881930612288	13.3467491767614	14.87227042429	16.0239347314296
6.22812166273013	7.84591111607972	10.2443753783335	15.0474544600157	16.5730826071604
4.10531276488507	6.61529304969855	10.8324616567637	12.5933096404808	13.0800192223999
3.4428293447624	6.28202347229137	8.34742176101958	10.1977065191258	12.9719982620961
4.35979645820964	7.99498605614281	12.1097742459143	14.963924706119	16.1792760934341
4.30446959248758	7.5975980572681	10.4872328375008	12.4930339688694	14.5497728270163
3.48888466281733	5.95715427265037	8.23330469541929	10.1719489724667	12.1415037095165
4.81354196538069	7.19242519370653	10.2535930599714	13.3909908411006	14.2568417067993
7.99958399221555	10.5216311631779	11.856328293858	13.2752017191497	13.9720374129357
4.08925456513384	10.639103365472	15.519633074652	17.3411396774067	19.9950446858819
13.0063864440571	17.0571740353056	16.6733450638791	21.449005023934	22.7478634758171
2.90118512702031	6.3220312654268	7.73992185808055	9.19773047038893	10.0005720587584
4.81354193042063	8.09630829061405	11.7736663816448	13.9688575233952	15.3255706662117
4.10531276488501	8.61456374581206	12.0967942020002	15.7418791562433	17.3062778035174
4.52264930842534	10.2635572428483	12.2865799555046	13.5680853294304	14.9279523749511
4.97407992302897	9.05544975562418	11.8563282938611	13.2752017184867	13.6348156226263
3.86052588928064	8.0641025293246	10.0913463747805	11.8067659546314	11.6074314647217
4.8135419334734	8.78144898248706	13.1289659450463	16.0192254292674	18.0593025011506
9.97010951409658	10.702613359157	13.3569060723383	16.1606190812085	18.1490389494261
4.97407992303152	10.9068487640564	14.8897054887097	17.5155340722437	14.7811489852883
4.08925456513361	10.639103365472	14.7511738126236	17.3411396774631	18.9502958079228
7.50462017795843	12.7053122548734	15.7004579711284	17.6951081889054	18.8244697352291
4.81354208152095	10.639103365472	14.7511738126236	17.0211745139764	18.0305374829664
4.08925456513367	7.58806000017046	8.80534321959829	9.59524074074204	10.6418711676708
6.84425287419191	12.5803087883041	17.3582950622974	20.4168204328636	23.4080864835835
4.97407992303147	6.26609262448363	8.29805606738103	11.8952992243972	13.6481344080103
4.08925456513401	10.7320985266152	20.736906945477	27.6350603452665	30.6669862690793
5.65923533924433	10.2874896646765	12.9380425596987	14.8191598881137	15.7953941878635
8.02863838799334	12.27893123159	13.0054619301068	14.7808267159599	14.7562886776038
7.27571544255886	11.9568201572619	15.0776834957061	15.8872481769108	16.9087158660175
8.22735073380937	12.2105372813091	14.303041104884	15.4034064969183	14.7711773052459
6.15546375674143	8.91481884189602	10.2090791348924	11.8952992243971	12.8765059607931
4.02211967264964	7.38125086962862	10.1876995758257	11.8676097162166	13.6384803442302
6.2460887021835	7.00272720826331	10.2535930599715	13.3909908411015	13.1109898249363
4.52264930842534	8.89024361517642	11.4191298470793	13.4618043809464	15.8391874799444
4.81354153509523	9.0468659328385	11.4219805598332	18.1239256251823	20.2690497738942
4.35979645820959	8.82695445579657	11.602049092862	13.2983910743127	15.1473497563377
4.41364344323267	11.444861175224	15.3547638944262	17.2077004814207	22.4991324611375
3.40684201412304	7.05478254096937	9.10497530547366	12.4520985694108	13.5507467804783
6.06762429287505	10.8981428961681	12.7224239348367	15.1953779952058	17.5289940393757
4.81354134950755	7.19565155285972	8.50945230226114	9.96755824767979	11.7187038343007
4.41364344323239	11.444861175224	14.0998142047119	16.4569025237076	18.1254080434516
3.75471255909434	9.70464178985321	13.9399329881898	14.8648320999555	15.5425828739014
6.7163114425598	9.55889581634739	12.0786399909722	13.8818748034107	16.7793247369347
4.81354156145699	8.89024361517642	11.4191298470793	13.9970182321235	18.0769490274191
4.10531276488507	7.41444061674326	10.0423346660721	10.6618432188196	9.54551525172724
9.97010951409658	13.1913059050465	16.0821479514457	18.1325628220456	19.1962517625735
4.97407992303215	7.62082939176344	10.467890520248	12.0960069503363	12.6408911834744
3.77813517452938	8.27025607370632	10.8522643737691	12.4007845570083	15.5425828739014
4.35979645820959	10.639103365472	13.3448367971638	15.0023070710043	14.8882568693668
4.41364344323171	9.13974091487461	11.5834443981713	14.4217487965188	17.3253485038921
12.3491849797522	16.4763736680525	18.1754962115797	19.327708046147	19.3141395445069
4.35979645821669	8.24460395417572	12.3310177302047	12.9468283887022	14.4313343603374
4.52264930842534	8.67510878503174	10.3796073111414	11.4794560934134	12.85910876631
4.07481147582286	9.56226938605198	12.0630918566611	13.8419264463006	13.2009118295069
4.86754344434155	7.41444061674326	8.68810521258592	10.3582076246719	11.8797056909455
4.81354200777679	6.49434152314797	11.1616638032044	15.2857733611577	18.2194995475559
4.10127484408116	9.03614438893027	12.9849379228218	16.9438541322611	17.1256523787664
4.10127484408116	6.58389725050699	11.386546172487	13.1639950280014	15.7228768211157
8.02863877604767	13.7498718482995	16.6298733930121	18.5865335431031	17.4247494089852
4.35979645820959	7.65033134882617	10.0344307800614	14.0625670257419	16.5708724243852
3.82858188842835	7.97594831244908	10.5085839442876	12.3587802207381	15.0620996681674
5.06531436941231	11.6528015198835	14.7770215282475	16.5896761122751	14.5401845760891
4.41364344323301	9.68198651856551	11.6294382934082	11.4509701047899	13.6192477891314
4.07481147583027	8.12945094446445	11.7842843827668	13.4843682657468	17.0591767968507
4.08925456513384	10.639103365472	12.424026823373	14.3387362801712	16.1355005623256
6.22812160941777	9.45360656477158	14.7864596965954	16.6428913138835	16.3416750131399
7.31716075820117	11.5219333073342	14.3354907946622	17.3021084579176	19.4337886064406
7.45310330066729	13.3318126577728	20.2373071535483	23.5621606049565	28.2802597548017
9.04165400012334	11.4502581564211	12.2527357559128	14.8352438833441	14.554789765371
9.97010951409669	13.3688198480655	15.7012771085867	17.531742394425	19.6335673488605
4.49940548009602	10.7875931355503	15.9118295133701	16.6244373543514	17.4875539966698
4.52264930842534	9.70464178985321	13.1469921930627	15.8959274836664	18.5466211817958
5.06531436941231	7.65033134882623	10.2467678701568	11.8067659546364	13.5854031716225
6.06762429287505	8.41849081017511	11.5648683435608	13.4843682657467	17.4996487239596
7.5046238769329	11.2486241041839	14.2023811688892	15.8872481769108	19.4488002857352
12.154165001415	14.660954877989	17.6400130219156	15.1054186593952	17.0769127355796
6.2281216497546	8.88619247071944	11.4964536198729	13.8242328745826	15.6875876380918
8.35865935678447	10.8301463376766	11.3268378761757	17.0571945793808	20.3034057416196
4.35979645821681	7.19565155285972	10.8141210440916	12.801894348508	14.3642541015458
9.87502892658648	12.0338328243606	14.1786825847402	16.482949411066	16.7867892260814
4.02211967264964	8.82353597255951	11.2631402688473	13.5337354063879	15.4236214262629
4.52264930842534	8.12576922405123	11.673329193276	14.2475823650292	17.648835412606
4.97407992303044	9.77836684734865	10.6308684119535	12.4397579384473	15.6957143173484
4.81354208389149	11.1777572234467	12.8992628419347	14.0283065083886	15.3369702095126
7.31716075820117	11.7515138054948	16.6894056118986	18.8281926320631	18.3758372244567
11.1493421094454	16.3672850629187	14.8920648373984	16.592038874392	17.5763290197237
6.84425287419191	10.878074504327	13.5861134339075	14.5399417519261	14.7089270454547
4.52264930842534	8.89024361517642	11.4160310716674	13.2545360495577	14.6461044844043
7.50462382191972	9.84971454563708	10.6418206809862	12.2922497734349	14.0906722106357
4.81354190886975	6.6372868440302	8.77914349250239	11.9926890844925	13.8529304634061
6.7163114425598	12.5170161845875	15.1669692950998	19.0713953519343	21.2868390628248
4.02211967264964	7.65033134882617	9.87667747796132	12.0648180903074	14.1860027494994
5.06531436941231	7.53484814309707	12.83590116447	14.8969482805403	13.9393982612805
4.0748114758245	6.70173033439119	10.5561054937239	12.5134971457371	14.4663937398936
4.10127484408116	8.27640784132393	10.5676948215213	12.9538585681069	14.8687513219995
8.02863828687578	9.68056659566719	10.5561054937233	14.4705993796021	15.654901601524
3.86052588928064	7.41444061674326	12.3834658976457	14.4664932957558	15.2863626415355
4.81354165897778	7.62539662745002	11.8226115885151	14.8725779024159	17.2909603979136
4.49940548009602	10.7875931355503	14.0899813507664	14.4413653303685	14.6072625616351
9.04165400012334	14.2563865670714	14.967182436951	18.0204657358058	19.9593205327647
4.35979645821669	6.98193597966781	11.1923993453362	12.979690113936	15.1364708983993
4.86754344434155	10.2475449257295	12.938391885741	15.0474544600156	18.2114300353504
3.75471255909451	7.65033134882617	10.0913463747813	10.8001298983669	10.7251116432562
3.86052588928058	7.16519463716196	10.8324616586486	14.0800517549891	15.3977804834159
4.02211967264964	7.62539662745007	11.2260573304293	13.9153058486589	16.4443469018535
4.10531276488504	10.7881930612288	15.9190322775412	20.5739437909722	22.0029764977056
9.46454584496831	15.3149057969307	15.5532983914264	18.2230537016823	16.903661270457
4.35979645820976	8.82353597255957	13.8057987087524	15.6651073915709	16.4417782143217
7.45310330066729	9.29067375799877	11.6149315304933	13.6021072620077	13.7570172033502
3.56199160097765	5.93701353719513	8.52561892494748	11.9067740921223	15.6961064872713
4.81354191599041	6.37206932565903	7.31949053088181	9.07601521282277	10.1872306207777
3.01111262896148	7.51800656049096	9.31888318158036	10.855202506305	12.5636757038432
7.50462337159348	9.84971454563708	10.5285207348976	11.4459336616715	11.7110227866375
4.52264930842534	8.54550568168099	10.7955523371259	11.0057090898906	12.127237188102
4.07481147582888	7.65033134882617	9.23432430435417	8.58833148397053	10.0686584154359
4.35979645820953	6.71377678593257	9.89884894535578	13.8532987717753	18.5233643543391
3.48888466281733	6.83979569242126	9.77104313075466	12.5297008964889	14.4251099022435
4.81354200462073	10.7320985266152	15.4273220759849	18.8671003701737	19.4988149044901
4.97407992303221	7.66112119233469	9.09549635301516	11.0290236316471	12.7707432467529
6.15546375674143	8.38449133422324	10.8118278566141	12.5441610135548	13.4457706776601
6.2460887021835	8.78064220132217	11.2825737339492	12.1753033988434	12.6908571373713
3.86052588928055	9.04686593283844	10.7434314863186	12.1895160068642	14.4618287582333
4.52264930842534	9.66717085177305	14.9571956856589	15.9341827413826	16.3741353653048
6.06762429287505	8.40419247771666	10.6793319514448	12.5121656588625	14.4145014768636
6.7163114425598	10.599100181293	13.5229837840471	15.5117273589412	17.5539813223266
4.0892545651343	8.315475853321	10.9347343911045	12.90905452294	15.229622493512
4.41364344323244	8.1402980422987	12.4594047687905	12.565973443186	13.4530497845599
4.81354166783967	11.444861175224	13.2860649682167	11.9626796621477	11.8036050767473
8.35865935678441	10.0401257453717	14.1769978258051	17.2784116422898	19.7483235007124
7.50462279914649	9.84971454563703	12.3648757365935	14.4695416192445	16.0570419344711
4.86754344434155	7.08100111750235	10.0062084887159	12.6461967631823	13.7634217274394
4.81354209302958	10.3598500340779	9.15666394615198	10.9873312008925	12.725014365537
4.81354201028711	7.65033134882617	8.62535079631579	11.8153261209365	12.9790876808761
12.154164890448	13.4895029165074	14.4257598087031	15.0734227713046	14.6145668093974
4.52264930842534	6.56840997042229	9.29274062262755	9.67244743551157	12.4366021459832
3.4428293447624	6.83830322846222	10.7370279834412	13.4047562997658	15.3143947032335
4.02211967264964	7.65033134882623	10.832461658688	12.5933096404775	12.8920677906538
3.82858188842846	10.325831350772	12.5874097622784	14.3327996246214	17.1498064841755
4.10531276488504	8.67510878503174	12.2791900624021	20.0272818738792	22.4632330469591
6.06762429287505	8.40419247771666	13.3928280979394	14.5201829627936	16.4241514211642
4.35979645820964	9.78391166914002	13.0715883559258	15.1893095623889	17.9516638733894
4.81354202246757	11.1777572234467	12.8992628419345	14.6286421419779	16.3761562006565
4.08925456513361	7.19565155285977	9.37704984822489	10.3740986347796	11.3611229307764
4.08925456513356	5.47960773339076	9.70597721213812	13.054289813509	14.8642385569254
4.08925456513361	6.81316278311249	8.89546596291791	10.8913183150663	11.1131220177455
3.72522102536396	6.11298718822997	9.51873239356297	13.418827682002	16.3515468664227
3.26659418791002	5.85022571672732	8.11875257623871	10.9676070878588	13.0303598297022
7.31716075820117	10.5879636707236	13.9653931236605	18.1442163129956	20.3154472057744
4.07481147586606	7.97594831244908	10.5085839442877	7.02801940934654	8.68505762315192
4.97407992303147	10.9068487640565	14.8897054887101	17.5155340722451	18.8668676364092
4.0892545651335	8.04305238995914	12.3310177302047	14.1616259007334	14.2231203318255
5.60492119441193	11.6419869847423	18.0401317560257	17.9473967830816	17.2591800853182
4.52264930842534	8.89024361517636	11.2643660470118	13.0529311538707	13.7024780923682
2.83706806705666	5.6717779508453	7.28182017412041	10.1339780296115	11.4233913401055
4.97407992303221	11.9675045945361	14.2486883838805	18.5438541385259	21.2882413558316
9.97010951409663	9.66717085177305	9.6585379453482	11.5552420359692	12.1725639361844
3.86052588928061	8.05976686880922	10.9674591296866	12.8431366998717	14.0047718016832
4.35979645820964	7.2440498477751	12.3834658976455	14.4664932957231	16.3591326863819
4.10531276488504	7.97749882150913	11.6733291932761	12.8668591578941	13.8264124643753
4.07481147583937	7.90707590800713	12.2669608455097	15.8334996260384	17.8713952735622
4.81354148876721	8.5249103364207	11.9966446125287	13.8777280281789	13.8515439669485
3.53017056093091	7.15686311556806	10.6190818493447	13.7241571581145	18.3283766882432
4.81354180372364	8.0430523899592	12.3310177302047	14.1616259007334	11.0842177632923
4.07481147582837	7.65033134882617	12.1359335767995	15.0351521871134	16.4891577035863
3.82858188842843	6.36598880522888	10.5021804190019	13.6117224816697	14.2867900013267
6.22812140174409	11.7991795889139	17.0518687367721	19.8293647958226	22.606514347004
3.9854630512786	10.182614973018	15.7155815932445	18.854208304851	21.0777663144735
4.08925456513384	8.73194874263629	11.273072811924	13.5651546673236	16.9064214632155
5.06531436941231	10.9396786351463	15.7080328432578	18.1775158772091	20.8047539362186
4.08925456513373	9.13746039358534	10.9347343911044	12.7620613361299	15.2296224935121
7.50462316248604	10.8172573692332	13.7672183512321	15.6798366616662	15.6830445469887
2.83706806788925	7.62539662745007	9.77965519744959	12.043655864998	11.6923874046983
6.2281216550482	8.175011665905	10.0376148355381	11.3925918113256	12.3224707773057
3.63343397412572	6.70125027082281	9.68949961319527	11.7658257044554	13.2903127269163
7.50461566061153	9.84971454563708	11.0358232624537	13.9868790469806	17.3915705878221
4.10531276488501	6.49434152314802	9.83801161855985	12.0660039448987	15.8220400199602
4.41364344323239	8.27025607370632	10.8364319039888	15.9410735493815	17.3987036363223
3.53017056093091	7.19242519370647	9.25707773366031	10.2033225060651	11.1093304608531
7.50462340281115	10.9068487640566	16.6238460151537	19.4084313575754	25.1060067748508
3.9854630512786	6.56026995482171	9.21792853370187	11.7875440409858	13.3907926321283
6.68660703226448	11.6452536044734	16.3982703971492	19.5292476082277	21.7711122251202
10.3451351860643	15.221069552148	17.5402553906901	20.4788584626915	22.2831575437245
9.46454584496831	11.4965650619876	12.89726748825	15.1537967546371	17.1379387296176
3.9854630512786	8.59491076669343	10.2576534204933	11.4817301821003	12.8171402910513
3.86052588928064	7.16519463716196	10.1083122173018	15.2864055389143	18.5994196365166
9.0940388148918	12.831127811367	13.1289659450463	14.0805531287556	14.1090849021105
3.48888466281733	7.65033134882623	10.0913463747801	13.1540784577905	16.0449460809935
10.3451351860643	16.8462543657115	17.4317742298628	20.4021814873649	21.0167329397477
10.7441500874027	13.3434313070181	14.5679544772569	12.3561655753733	12.978036880041
3.86052588928058	6.49302102554213	11.9956106206677	15.9925943703699	14.7538597575529
3.40684201412301	8.06410252932454	9.9757001905524	14.7786818214839	16.1491872238707
4.97407992303221	8.82607096545985	10.9536059406514	11.7282359112882	12.6686320070763
8.35865935678362	9.20457461173618	10.9791514697467	11.3532895128718	12.8472902268105
6.22812165688674	7.11833914963535	9.79563307331807	10.2961209445138	12.9782058273442
4.10127484408116	9.03614438893027	10.7159580467513	12.4923871751205	13.729470269424
4.10127484408116	9.81141598477751	11.6188544786903	12.8371085236604	11.2773741834533
6.15546375674143	8.38449133422324	14.9084259681476	17.9038756011532	20.0281380306234
5.60492119441193	7.5880600001704	9.55077282293905	11.2285807053074	12.9761306587523
4.41364344323171	8.25950396249243	10.6418206809861	11.4865457275189	13.2226972716509
3.3644111605372	8.12945094446439	12.3776342440049	18.0853803526561	21.3091928459413
3.26659418791002	5.850225716718	9.1049753054748	11.6048877662772	14.9098588456803
4.10127484408116	9.70464178985316	13.2130315939449	16.5232179405756	20.895109096102
6.15546375674143	8.38449133422324	11.4509300000312	12.4122197662529	12.9369205810623
6.22812161069226	7.84591111607978	10.7622661306892	14.8516806445849	17.9715541073354
4.49940548009602	10.1258662621889	14.7992744718719	19.4513836966828	21.7342745679816
3.828581888429	5.94052516488819	9.73656937320737	11.3531533633823	12.9475697853778
4.07481147582678	10.3258313507445	12.2639390390067	13.3577365966574	14.1037966639186
4.81354147841597	6.37206932565903	9.79563307333297	12.9211927272247	13.5695624460079
6.15546375674143	7.739577347428	11.5648683435587	12.7438900982272	13.6623946792562
4.35979645820964	9.79367297811439	14.8563485704335	20.5416666226211	25.6042726471313
7.45310330066729	14.2194569763557	20.2276496267845	22.4328604177517	24.4670756978816
4.3597964582097	7.19242519370658	10.7384276172259	13.1729030882221	15.3377235371925
4.07481147586003	6.70173033439107	8.7354316047107	13.1436550780339	19.4044499128184
3.86052588928061	9.0468659328385	11.6323763694832	15.5567532962855	16.2304607356942
8.35865935678481	12.9633288285746	18.3146741007561	21.2692976026437	22.3234815905337
5.06531436941231	9.6819865185654	15.8495624307822	18.4172984527702	20.7175750097424
8.71703179612837	11.2593771459681	11.5942920610188	12.0129112088442	12.9939658265341
6.2460887021835	12.6862341290269	15.520641284105	17.5230459704296	18.5598064140068
3.7547125590944	6.58389725050699	11.7736663816448	12.4484609207202	15.0365718485813
4.35979645820964	10.639103365472	14.4777336473192	17.4459998468664	19.5467123554379
9.0940388148918	11.7243272766951	13.3448367971638	15.0023070710043	16.4297076521028
10.6325156491041	14.1099596863178	19.3746607471809	21.9679453057552	24.1644905285622
6.22812166054689	9.59983136470373	13.2173213041917	15.3528497849085	18.3311416485259
3.56199160097771	5.9269771530723	7.10346668192273	9.36327258186662	10.9965044492027
4.35979645820976	7.60236214398748	11.9747847096076	9.7815024023659	11.0678116167592
3.75471255909446	7.90707590800707	10.9092766153782	12.2475318498967	14.171129083527
4.10531276488507	6.56894292509133	11.1923993453362	12.979690113936	14.5597752397962
4.81354209191664	9.70464178985321	13.1674337401405	10.2058504039817	9.77635962589056
5.06531436941231	10.493007040185	13.7913892976721	15.5587236569179	18.6601485660445
4.08925456513373	7.19565155285972	11.5648683435596	13.6937167542823	14.7795450806211
6.84425287419191	9.9058074092606	14.2812822761019	17.153185675066	20.429275438702
4.86754344434155	9.27879571796626	11.4389638114388	13.047463598662	13.1370258080827
9.0940388148918	13.9460715847924	16.9488332071045	19.0755711239367	18.0530075974415
4.41364344323256	7.38530236165764	9.64164619609335	12.190374600732	14.3870052135686
3.86052588928064	7.90707590800707	11.6733291932758	13.2521802887388	14.4407803453985
4.81354208600573	9.70464178985321	12.4878808126443	14.6346412187507	16.8245923039318
6.7163114425598	9.70464178985316	11.6188544786905	12.8371085236604	10.2150897897349
4.08925456513373	10.639103365472	10.9695971760339	13.0201502607818	13.6056979719172
5.65923533924433	10.639103365472	15.6469446734632	16.5403656370193	15.9900276794043
4.35979645820976	8.24460395417572	10.74781178411	15.1194075514313	17.8998540170118
4.10531276488507	6.81316278311249	11.5737695343623	15.2720649874077	20.8987304945352
3.63343397412564	7.17584010114558	9.10497530547366	10.9364024269805	12.1252738377876
5.60492119441193	7.77120007560336	9.60588786434857	11.3110207142578	12.6979821930274
4.97407992303044	7.62082939176338	10.6190818493446	11.7432095188531	13.7782650767361
4.10127484408116	7.97594831244908	10.5085839442877	12.1436283844729	12.8518792761018
4.81354170012696	9.68198651856545	13.3891911159155	16.5844290291606	14.8642385569254
6.22812165522816	10.3258313507714	14.8437233628476	17.2530507876577	18.1006727426851
5.65923533924433	9.56226938605187	12.3834658976457	13.4208488742006	13.6220094059349
4.81354179232636	7.87336044665261	11.1935225458849	12.9640928337655	14.4362617894307
4.07481147583684	7.19242519370653	10.1738715272181	11.874345408013	12.6664856242879
8.71703179612831	15.5388963993582	17.3021977789867	17.6036213487158	16.3858437072214
4.41364344323205	8.18330853485003	11.5834443981715	13.4131573433865	13.0913552984252
4.10531276488504	7.58806000017046	9.90875868492049	12.6168708034644	13.7173899900672
4.81354188278061	7.41444061674321	10.8233052525464	12.6229908730701	12.122810415296
5.06531436941231	9.39530485993333	11.8919598287084	13.6685727411291	15.5263992241172
9.97010951409658	13.02319174594	13.5581175598523	14.5246142277687	16.9706090202767
4.86754344434155	7.41444061674326	10.8233052525464	12.8362519065903	13.7736156776901
4.35979645820964	8.05976686880922	11.9747847096077	14.0594840616779	15.9523154524136
4.81354100638856	9.13746039358534	12.3310177302046	14.1616259007312	15.1328766082075
3.56199160097771	8.09941539209382	12.1460275601759	14.8741313025715	16.9422409140347
4.97407992303152	8.24460395417572	14.507027708499	16.7114794919268	18.4529824797732
11.4767167514063	12.9199810291897	11.7507893183646	14.5145661149006	16.1622131623013
6.68660703226448	8.28289281486667	9.12090632437383	12.6168708034644	13.1470137714648
4.35979645821681	6.98193597966758	9.90263103144014	13.4843682657467	17.0591767968507
4.86754344434155	7.08100111750235	9.97462298414297	12.6111522121425	14.5087011237102
4.08925456512986	8.315475853321	10.8324616503303	14.0800517549891	15.3977804834159
3.56199160097771	7.97594831244913	11.4537911007154	14.6274093362712	17.4001946108883
3.20404346061619	5.67236174310364	8.94806184596467	10.7321502366223	13.2211761113559
5.65923533924433	9.07728405188692	16.9441222685187	19.6541386679624	22.381368496223
4.49940548009602	7.5925596171158	9.99737765484394	14.4965605720716	16.6382028454536
8.35865935678413	10.359850034078	13.7479826218552	15.6346145501773	17.4950077842627
4.52264930842534	7.97594831244908	10.0344307800614	12.8719385995603	15.0859422786328
4.86754344434155	9.43405517214529	13.8819956536978	17.2213212730142	19.3550415032579
4.0892545651335	8.315475853321	12.3310177302046	14.1616259007314	16.1410212009918
3.77813517451716	7.11833914963535	9.94822978752165	12.5430153074532	14.9866798855918
7.50462377188012	13.8683105814668	15.6781684959293	15.3029306730929	15.9143320634862
4.41364344323227	11.444861175224	13.8208981119064	17.7562903218	19.7179547123484
4.10531276488507	7.19242519370658	9.88448411494198	14.5528945846723	16.0162442283039
4.0748114758232	6.70173033439102	10.5561054937256	12.5134971457368	14.0625518442744
4.0892545651339	6.71377678593257	9.10497530547485	13.2687887761385	16.9576647457821
9.46454584496826	15.5388963993582	20.1594177672894	23.5989208584435	25.7690114849208
3.56199160097771	6.9350116902541	9.08317736089037	10.7702520794386	12.5610948049934
4.86754344434155	9.04686593283844	11.8028207022455	13.917906669431	15.7576359440025
4.08925456513009	10.639103365472	15.6469446734636	18.5813267137425	21.0014727243349
4.52264930842534	8.12945094446457	11.1732660762453	11.4730224945391	12.3680558321907
9.0940388148918	19.4343960555681	21.8298987602058	21.7591465758138	21.983214876226
4.08925456513413	6.81316278311249	8.35190081414265	12.0989738767028	13.9092984654857
7.50462352051585	9.84971454563731	12.0959533081327	10.2145047734862	11.5889361385588
4.35979645820953	7.60236214398753	11.2812566248244	15.597217537238	17.6711313316514
4.49940548009602	11.6528015198835	13.8723763144295	18.0287142910823	20.2976539706995
4.49940548009602	10.7320985266152	12.73710566597	13.6030487841035	14.3511570392868
3.56199160097776	7.97594831244965	9.62506387492977	9.71951100417743	10.3641359150329
4.07481147585941	6.21680773934281	9.00670720463711	10.0002512458317	12.1900901896737
5.60492119441193	10.7320985266152	14.721095757392	17.1343516291268	19.5728168269281
3.72522102536396	8.05976686880922	10.7320190662193	13.4572586897501	13.5275454611574
8.35865935678385	14.4704747626588	18.4191115661862	21.7077172654854	24.9488312360535
10.6325156491039	15.6820552227626	19.5022020035644	22.8743126063466	24.3503265718327
4.10531276488504	7.41444061674326	10.8233052525464	11.9926890844925	13.8529304634061
7.31716075820117	14.1971130352085	20.3048420674288	24.8518028227696	27.6238417278726
4.52264930842534	8.24460395417566	13.0054619301068	12.5864477448472	10.8742199378669
5.06531436941231	6.98929159334318	8.47546800957048	9.71888488345451	10.5858413369677
8.02863877109434	9.68056659582163	11.1875938995705	12.2849295367847	13.3470780938763
4.86754344434155	7.08100111750235	9.73656937320737	11.3531533633824	12.3236650435484
7.99958399220839	12.0915498744416	13.8404736401411	16.2565568611531	17.5604070985211
4.81354165191567	10.492691792352	14.767640313406	16.8045961529178	18.8019087140593
7.99958399223294	12.6415657974887	13.5555594429561	14.2086514321723	16.0184490075406
3.82858188842843	5.94052516488819	7.36058333338906	10.3469772728166	11.778853695175
3.9854630512786	9.70464178985321	12.4878808126443	12.8803853055623	13.2837241796584
5.55666777382987	8.37353921852088	11.3058193301391	14.2682856150573	16.3451360732275
7.31716075820117	12.4020267707704	14.3078773187288	15.2970816214107	14.3068798795919
4.8135419886176	8.99518750703396	11.3988288233681	15.0801154890219	17.0247579487964
3.86052588928061	6.70125027082281	8.94071690120103	11.3970047071039	13.1584420847787
4.08925456513384	6.81316278311249	9.69263314250185	10.6400614035426	11.3309265724548
4.10531276488504	6.81316278311255	11.1923993453361	14.7230155838295	19.5217248211131
6.2460887021835	9.70464178985327	13.2130315939449	16.227888364097	18.2473931603317
3.86052588928064	9.70464178985321	12.4878808126442	14.0263119280407	15.4926264247214
4.81354193929849	8.05976686880922	12.2692313315154	14.662120639175	17.2709837949035
7.99958399222618	13.4842658456158	15.5206412841049	17.4459998468662	20.2827675991794
3.7547125590944	7.65033134882617	11.9956106206677	14.4302993152756	15.9900276794043
4.35979645821658	7.58810556769089	10.1066472198774	13.1366147670215	16.0384329042778
5.55666777382987	8.91501672316417	11.8530166264405	14.20306686563	16.0547167531347
3.36441116053714	5.97474576691121	8.46892713217824	9.96234124772496	13.118570734858
11.1493421094453	10.526080276249	13.1414836304078	15.0149686419447	16.9847256871075
4.10531276488504	7.90707590800707	14.2269176335417	18.5717102345877	19.355401809206
3.86052588928067	7.52421370292348	11.7131725985773	15.4024006867349	20.4893359968628
4.08925456513373	11.2486241050913	14.5841280708161	14.5656905503971	15.5251786403512
4.07481147586887	6.19531086640291	11.8187926028864	12.692785463896	14.7801220804222
5.55666777382987	7.54448189973897	9.55171580562279	11.1208807919835	11.6812083538459
6.22812163035661	7.84591111607978	10.2256697077488	13.4396308107612	14.5347546790692
6.2460887021835	11.8378693531206	12.983782335557	13.9274229531335	13.2808381927941
4.52264930842534	9.66717085177305	14.0467860917786	16.5681977772362	20.384112788231
6.68660703226448	9.86932218875177	13.3569060723383	15.2123040912568	16.7611090728351
4.10531276488504	5.67177795084581	7.19245619966642	9.57787892734461	10.2311653044505
3.7547125590944	5.47960773339082	8.07793164916211	9.02863361420822	9.67884981444672
4.49940548009602	10.639103365472	10.9695971760339	14.8123925647789	17.9305716462959
12.8272366359923	19.6772935541658	21.6867679234858	23.1505745164562	22.7231249617374
4.86754344434155	11.067488380253	13.3055464031331	12.6111522121425	11.9115940705542
4.9740799230313	11.6528015198835	11.6141142454495	13.4679622971472	14.5593257163362
5.06531436941231	9.39530485993333	13.6138165645023	14.53685351523	14.4016371411101
4.52264930842534	9.66717085177305	13.2972416198998	16.5666419536431	17.872744178486
4.08925456513407	8.04305238995909	12.3310177302047	15.4121079270906	18.305193913309
3.77813517454643	8.67510878503174	11.3559010507798	12.109721167046	10.5607667996971
6.06762429287505	8.41849081017511	10.1116819925522	11.8718067943892	13.4829256544945
5.25979861097272	10.5482161258725	11.6630514179332	12.6640466343642	13.0892448005188
5.55666777382987	14.4302435909035	18.5913750242087	22.5294011779828	24.8644040122365
4.81354187141557	7.53181665156228	10.740089169028	15.0474544600157	16.5730826071604
8.71703179612837	12.2491363005992	14.5677920050588	13.9370339609051	13.9948533454768
3.56199160097765	6.9350116902541	9.86497610291389	10.8347573003854	10.0517948806562
7.50461110767412	11.2519315628826	16.3135432464156	17.702168832703	19.0333552677266
4.35979645820959	9.0468659328385	13.1617587126668	19.0990072910261	20.1720563671178
4.08925456513356	9.70464178985321	13.1674337401405	16.5152277990198	18.8019163412247
9.97010951409663	17.2511448063019	19.2661648593825	22.5681894737845	24.6265751597379
4.10531276488504	7.77187964643338	13.3928280979394	15.5138791105427	16.5599910756906
9.04165400012334	14.1055324369197	15.0883182533197	16.08288310726	15.407828523409
9.4645458449682	10.2886566667891	10.5423488776982	15.8500882468487	19.6347653519871
6.15546375674143	11.1777572234467	14.9141004535008	17.8780392823596	19.3604860495218
6.2281216550295	9.86932218875182	13.1443831797637	16.0816687357953	18.1774724377938
4.86754344434155	9.27879571796632	11.8800416366091	13.5664773557776	14.5528187647001
3.6197219677976	6.92637414166012	10.7097986972848	13.3118121232651	15.2734335997042
4.35979645821675	7.74480438232484	10.6976823283827	11.3065770692842	13.4152983522715
4.07481147582726	7.65033134882623	9.23432430435412	10.2664167582216	14.1695787260574
4.10531276488507	5.86601282445696	9.55171580562273	9.91532434625452	11.402792862122
10.7441500874025	11.7497091991301	12.6767847816595	12.4396777347201	13.3689611410449
10.3451351860643	17.9264928615567	17.2328453961628	18.7697470867906	16.8042640281017
8.02863877354946	12.27893123159	15.8139285962734	17.7503022399827	17.8828254837927
8.71703179612831	14.5484312421161	17.8692766870484	22.2735370261987	21.5662199928449
6.22812165658115	11.799179588914	12.8654161489044	12.4855894885867	14.4576324803713
4.86754344434155	9.43405517214529	10.0344307800614	9.72915610878624	9.57844022919039
2.77937972717905	5.67177795084547	8.40291072896605	11.4512740798368	14.1676502696212
10.7441500874024	16.7805287053125	18.7177399470154	20.7727274148168	21.7921444141567
6.2460887021835	11.8378693531206	13.8819956536978	15.8367947729624	16.8497266590633
8.02863876157681	13.7498718482996	16.6298733930121	18.7005339713852	19.2039585087945
6.06762429287505	10.8981428961681	13.1950239513986	14.1470486609174	13.5201408357137
4.07481147585278	6.70173033439107	10.5561054937243	12.5134971457369	14.0630203569403
6.7163114425598	10.4765161788894	13.0899758847563	12.5795888759853	13.7708670114302
8.71703179612831	13.8997427923594	16.8538557336134	15.7866396375289	15.0056419736964
4.97407992303249	9.05544975562418	14.7934571699572	17.5016973222312	19.9985913133241
4.52264930842534	9.07728405188692	14.135124587952	18.4563073024816	19.8198087057838
4.10127484408116	9.04686593283844	10.7434314863187	11.9759214818586	13.3304214985235
3.7781351745117	10.7881930640285	11.536380625475	10.3425465531112	11.6586331802059
4.08925456513384	10.639103365472	13.3448367971638	15.0023070710043	16.4297076521028
6.22812156671466	7.84591111607983	10.001102741898	12.7728829095381	15.0682905495207
4.81354199226598	9.85812648768848	14.1997485903242	20.82840600731	23.6672104361257
4.86754344434155	8.05976686880922	13.6303117759705	16.5851917297343	19.0329407279817
4.07481147581998	11.3355016738872	13.4128103769664	14.9473398703018	16.8628332259505
8.02863877210876	13.7498718482995	16.6298733930121	18.7005339713852	19.2038998260603
5.60492119441193	11.6419869847423	14.9455493373724	17.8764264370217	19.9496166616769
3.40684201412301	7.156863115568	11.4562008215588	13.6173102406402	18.0634884469202
4.81354179287604	6.37206932565903	9.14543633345335	12.9978967481279	16.2314935365347
5.55666777382987	9.13746039358534	10.8200321464842	13.4149550450464	14.0055434579581
4.86754344434155	11.1777572234467	13.9027647905837	15.6681694831806	17.4357160049353
4.9740799230305	9.05504077499438	11.5884275975536	13.3920910297737	15.505189083231
9.04165400012334	14.9822858163249	18.6418761676816	20.7560993742749	22.6037862994924
4.10531276488507	7.19242519370653	10.173871527218	12.5883887956252	14.0107369897618
3.72522102536396	6.17307461810469	8.9271117989166	9.96667922416606	11.0124583073685
4.10531276488507	8.67510878503174	11.3559010507798	15.4744056088533	18.6691592047347
4.52264930842534	6.81316278311249	9.90263103144014	10.6844488585783	12.3718839688551
4.08925456513373	8.04305238995909	12.3310177302047	14.4428802707458	15.5567389873821
4.86754344434155	8.63603170086583	13.3816225397429	15.6600577988751	13.6118616520179
5.06531436941231	10.2447386235374	15.7439211087779	20.922613136615	24.3068938654505
4.52264930842534	10.639103365472	15.8689102965912	18.8942880373601	21.0228676597123
7.99958399221475	9.11139134739039	10.5359454723638	12.5314258466204	13.0635040323052
3.86052588928061	6.60169681672573	8.11875257624172	10.4698790812012	11.6988318039315
4.08925456512969	8.09630829061405	12.1181818129442	13.8977407989986	15.4781884307611
4.81354205652246	11.1777572234467	16.0218449240415	18.6818292437258	20.6852380106125
6.22812141986066	9.45360656478363	9.0806379239749	9.91265368387951	9.97930912113588
5.60492119441193	7.77120007560336	9.33676502602481	10.8435710910405	12.6163511715464
9.4645458449682	11.4965650619876	12.8992628419347	14.7684889670171	14.6636722299064
7.99958399222646	11.4201919928126	14.4745424129789	13.6716333572422	16.522562326389
4.02211967264964	8.01264566749205	10.6117996893406	14.6658275042141	13.4865914929663
7.50462346268904	12.7256133809419	20.529580180807	23.9586791505212	26.3786966732009
4.97407992303067	11.2560549063375	13.0549167984667	14.9374384418452	14.3717564248168
10.3451351860643	15.221069552148	14.80740935834	17.8190404747032	20.1763715925269
4.86754344434155	11.2486241050913	14.2023811688892	15.1135081314255	16.2536498984214
4.97407992303107	8.93197012983205	11.7736663816448	13.9688575233952	15.325570668287
4.81354206024724	8.09630829061405	12.1181818129442	14.5201829627936	15.4653356154064
4.41364344323176	8.24460395417572	11.5834443981717	11.6379342302774	14.6734810720468
4.10531276488504	7.63602531103294	12.7863983787798	17.5851118956347	19.4972476329114
4.30446959248758	6.49434152314802	8.05224531031968	10.5935810722769	11.5715093634672
3.82858188842837	7.41444061674332	10.8233052525464	13.8634317696884	17.5189881923507
5.60492119441193	11.1777572234467	14.263054762202	17.2222183685672	16.7636721371608
6.2460887021835	12.6862341290269	19.4570479913151	26.0884855740678	29.7281748834234
4.52264930842534	10.4559336377987	12.2134740686289	13.9353820240145	15.6314933212321
7.50461938760151	9.40664321986554	13.7582862372066	19.1209170929592	20.9057523714027
3.90676822122975	7.19525032744457	9.79736941000692	11.7252526017485	13.1164799611765
3.6197219677976	7.64691978605947	11.3739928318956	14.107718936385	16.2467802549196
9.0940388148918	19.780560860061	22.0171809083183	23.1718836296144	20.885704273151
9.97010951409658	13.3688198480655	15.7012771085867	17.9029108449253	18.9413013704066
6.22812119345508	7.84591111607978	10.8054696578191	13.4085704212604	14.8132162049722
8.02863797900409	13.7498718482995	16.6298733930121	17.8780392823597	19.3604860495217
4.10531276488507	6.49434152314802	10.9808194548067	16.7477232697382	19.5108688745059
4.41364344323102	8.14029804225498	12.4594047687904	11.4207847318597	14.4242095227704
4.02211967264964	9.56226938605198	11.2177007719322	12.7213552877836	14.1373772940896
7.50462189556129	13.8683105814668	15.6781684959292	15.3029338367166	14.1444737745259
7.50462152164124	11.728089052197	13.7672183512322	15.6798366616662	16.8797052397379
4.97407992303221	10.9068487640565	14.1916830677727	11.0757641807631	11.9681864070956
6.84425287419191	13.44833492756	16.2290520194186	18.2816506534726	20.4249806897363
3.72522102536396	9.1397409237635	13.2173213041917	15.3528497849085	22.4248917092883
7.45310330066729	9.89564400341357	10.7632374480948	12.0567728301423	13.569434241025
4.35979645821669	7.60236214398753	11.9747847096085	13.801067243569	15.0859422786329
4.02211967264964	9.79367297811422	13.4552712231084	17.8677464329401	19.4218846122077
3.26659418791002	5.85022571672403	9.70597721213812	12.5059385364815	11.4975904951121
4.97407992303266	8.93197012983211	12.3820127536678	14.2086514321724	16.0184490075411
8.22735073380937	10.7320985266152	13.4398897420111	15.622183129685	16.4433961496402
3.90676822122975	8.01264566749205	9.66938660485778	13.1183718202226	15.7305436413695
3.7547125590944	6.81227081093988	10.9347343911044	14.7550162428896	16.9000357315535
7.99958399220679	10.5216311631779	10.5709779536829	12.0660039448987	12.4576870225021
5.60492119441193	11.6419869847423	13.4152009732242	15.2701400335835	16.2325821743033
4.86754344434155	8.63603170086583	9.88448411494136	13.937251380907	16.3663120808556
4.08925456512981	8.22253122671469	12.3310177302047	14.1616259007334	13.0474130101595
9.04165400012334	17.3472023082102	22.5850095201069	18.2806267199643	16.7322798174885
4.3597964582097	6.76736231318205	9.14543633345335	11.3597719684125	12.7117914620463
4.10531276488507	8.12489704703864	9.46378064309738	12.9722805172489	15.1283528179056
4.97407992303357	11.1777572234468	14.9141004535279	17.6767729003828	15.5289976299132
7.50461977141708	11.5915005571298	16.2603854753488	18.3133966281625	17.0677643597778
7.31716075820117	8.95713940777256	11.6733291932754	13.2521802887388	13.860598264793
7.99958399221902	13.4842658456158	14.0743792329139	12.4350656387481	13.7246580485996
4.86754344434155	10.2447386235374	12.9403691443406	14.8531414286101	13.0362155408324
3.82858188842869	6.56894292509674	9.79563307333314	12.2233080979935	14.3867702281107
4.81354202192097	6.37206932565903	7.46205340513688	8.96406869319804	9.38853430489849
4.41364344323227	8.18330853484997	11.9956106206678	17.8438689317561	20.141305442796
3.60473679561659	6.81227081093988	9.15065100740412	10.8288959116528	11.7045551592349
4.08925456513367	6.81316278311249	9.87666905606648	12.4300506080367	13.6178672977896
4.08925456513407	8.05976686880922	11.4537911007155	14.5105208583583	18.5008633074824
6.68660703226448	9.32419808694857	10.9744751780553	12.8560647350733	13.0652071864215
5.60492119441193	10.8449596267023	15.3175458018499	17.6326554518788	19.6602718968169
3.26659418791007	6.28202347229143	11.5332911797288	14.1756944377894	18.7083605828777
3.86052588928061	6.61529304969781	10.8324616587161	14.1547584824481	17.184357135874
3.26659418791002	5.85022571672715	7.71292080224288	9.38901864969898	12.8690487729464
4.81354173960142	9.70464178985321	14.4533172981803	17.6465147923847	19.7761555106387
3.82858188842837	10.3258313507686	15.4273220759849	16.8827500132354	18.3892941876092
8.35865935678453	12.164743407856	14.4737202603683	18.3032050958706	19.3653263751129
6.06762429287505	11.7497091991301	13.0558626674859	14.3768958031584	15.8078001046638
5.60492119441193	7.77120007560336	10.6347796360713	14.421748796519	18.5886050824234
9.0940388148918	13.806595934451	18.4486471776401	18.7398338119159	19.7648636185717
8.02863877365644	9.68056659582157	10.9564485160387	13.3269486640683	14.2726012113017
4.35979645821669	8.24460395417572	11.386546172487	13.0512189906856	13.8413917678762
4.81354193865081	7.53181665167432	9.13875143389276	10.3740986347795	11.2773741834534
4.10531276488504	7.11833914963535	11.8226115885157	13.1688945269195	15.5873296402973
5.06531436941231	10.9396786351463	17.2024133008558	19.4373545054441	21.6030276617026
7.99958399221219	12.0915498744416	13.840473640141	15.4800279310557	19.4008186277558
9.97010951409652	13.3688198480655	15.7012771085867	17.9029108449253	19.9908676393392
4.08925456513361	8.12945094446445	9.86146650934904	12.2833257255709	15.5276730435344
3.63343397412581	6.11298718822991	7.5568437645893	8.12743648764302	10.0755198232679
4.86754344434155	11.067488380253	12.8943739459207	12.944066947543	14.2995560826151
4.52264930842534	8.89024361517636	10.5634735794595	12.3227540785838	13.2384865096192
4.3597964582097	8.27025607370632	13.3179373251187	16.1634800676769	17.1621570283436
3.7547125590944	9.70464178985321	12.4878808126443	14.6346412187509	16.8245923039319
4.86754344434155	7.07831539811411	9.51873239356297	12.5314258466204	13.6134908451475
4.86754344434155	11.7515138054948	14.7614968475758	15.9907285112291	17.0375571738722
4.07481147582445	7.88363759982479	10.1681820718547	12.0051144582995	11.9268687638188
4.07481147587131	7.65033134882623	9.00670720463711	10.7720285431608	13.9782571347961
6.7163114425598	12.6415657974888	15.0481952192614	16.2291068650856	20.0681100831277
4.10531276488501	10.3258313507675	15.4273220759849	20.7031739889362	28.0255632756823
10.3451351860643	13.2713382811443	12.0656974824506	11.7040771620011	12.6375106863987
4.35979645820964	8.24460395417566	11.0611006188605	11.8057768316354	13.7281399279435
3.26659418791002	4.77766531754099	8.12970777019086	10.2988336533582	12.2494542068641
4.0892545651331	8.04305238995909	12.364875736593	14.4695416192446	15.4248974855708
3.60473679561659	8.12945094446445	11.173266076245	13.3915955537498	14.7424586823027
4.49940548009602	8.10730527298045	10.8324616586792	14.1547584824483	17.1843571358733
4.97407992303152	10.3258313507771	15.4645081522688	19.6061536304383	22.3329698583839
8.35865935678362	12.9633288285746	18.314674100756	21.2692976026435	23.3730802833969
5.60492119441193	10.639103365472	10.9695971760339	11.8463593133189	13.25845082565
6.2281216360085	7.65033134882623	10.0913463747795	11.806765954634	13.5854031716225
4.81354209005889	11.1777572234468	13.9027647905835	14.6694118744312	13.5195202583704
4.3597964582097	7.60236214398748	11.2812566248244	12.6498676429039	15.2296224935121
6.06762429287505	14.0191009490229	19.0990235868636	24.4516502424165	26.0347610566541
4.07481147583331	8.09630829061405	11.386546172487	13.0512189906856	13.8413917678755
3.9854630512786	6.54972688663713	9.70597721213812	11.5517466579559	12.6630858652027
3.6197219677976	6.92637414166012	10.89406138368	11.7765426680395	12.0241277878745
4.41364344323171	6.58389725050677	9.52078110941073	12.7955963811933	16.6500756565461
3.20404346061619	5.67236174310358	7.21865706261519	10.5610717237813	13.8456456869832
12.836152211727	15.5194663199384	14.9703360328819	15.0791955815562	16.8527355470097
3.72522102536396	9.40664321986549	13.3131590210757	14.2262816401911	15.8331086207743
3.86052588928058	7.41444061674326	10.8233052525464	12.6229908730702	12.9740524382622
5.55666777382987	10.1245633281886	14.0160048995265	16.9678862709339	20.1063462878286
4.81354131563842	8.99518750703396	10.7022776350234	11.5969593783023	11.4544974942482
4.49940548009602	8.67510878503174	11.1232022560909	14.4803943925166	16.5584082977678
4.81354154962361	6.37206932565903	9.90263103144014	13.0189896295414	14.6086578334406
4.41364344323182	9.68198651856551	13.3891911159155	17.3114637579593	19.745957833418
4.81354209123975	8.51858170425544	11.8226115885151	14.9619087763085	18.1656097034707
6.15546375674143	6.88391780658549	10.8854216025667	12.9872950065103	14.484181567969
4.81354152378287	9.35430646526584	11.2709467591541	13.1266467315007	14.4446409552153
4.35979645820959	8.61456374581206	13.1617587126668	15.8236991532967	17.2490614546381
4.07481147582658	9.79367297811439	14.8563485704335	18.540202435489	20.8353814494424
4.97407992303067	6.26609262448363	9.10497530547366	11.4909284326035	13.1393298261577
4.81354190698806	9.70464178985316	14.7240553558094	18.4943896534417	20.7311667934203
5.25979861097272	9.70464178985327	14.4533172981802	19.5205931785827	22.0402187530241
5.06531436941231	10.9396786351463	17.2024133008558	20.2430933909193	21.3062732523826
4.35979645820959	8.24460395417572	14.507027708499	16.7114794919281	17.3703316396117
6.2460887021835	8.56178770367416	10.5181301101481	12.6636486016378	13.7802057740013
4.81354209466798	6.70173033439119	9.77367109740823	10.635179852133	11.9436109293061
4.35979645820959	7.0169972239687	10.1091518755588	11.8966304498693	13.8013534137598
7.5046161915497	9.62263140518348	10.8508605932435	11.7116354227143	12.5423494884321
4.86754344434155	10.0233679180708	11.7847690981687	13.2983910743127	13.9870448414279
7.9995839922064	11.4201919928121	14.7511738126234	17.9336067189858	19.358602082263
8.35865935678407	14.4216392011683	16.6346814532494	20.0618023652385	21.2010409253297
4.0748114758297	7.97594831244908	10.5085839442877	14.5761292137786	15.8271631939227
4.3597964582097	8.24460395417572	11.0611006188605	11.2565922434318	12.1778582051631
6.2460887021835	11.8378693531206	13.6745729528484	15.594946450924	16.5908337096718
6.2281216557717	10.3565485887888	12.1429267111405	13.9641059616867	14.9354765692731
4.35979645821664	8.23237997431613	10.9793937720326	14.1117459381921	16.4261425220989
10.6325156491036	14.1099596863178	15.2119827281379	16.6189783523878	14.7641505355802
4.86754344434155	8.63603170086583	10.9977997087797	13.6069766552718	14.5299108166747
3.60473679561659	7.19242519370658	10.173871527218	11.2747086082235	12.5942562906441
3.75471255909446	8.22319929457115	9.98412333506036	12.8777888057693	14.0637744525927
5.60492119441193	8.81170794848543	11.5830320799411	13.9684187623449	14.9297346780306
4.35979645820964	10.9391137099865	16.5512443289298	17.8641003986806	18.3800150910433
5.65923533924433	8.55063116864284	11.1454577761752	12.8180735172763	14.6947412442687
6.06762429287505	8.41849081017511	11.0263446261482	12.7818965076857	16.1409506848607
4.07481147581635	6.70173033439102	9.51873239356303	11.2747086082236	12.5974136268106
6.68660703226448	11.444861175224	13.8208981119064	14.2961122324741	14.1081770370462
3.26659418791002	5.85022571671772	7.71292080224282	8.3913584052525	9.98990074090136
3.86052588928064	8.27025607370632	10.5770920186537	12.3226895085103	13.8343463072621
5.06531436941231	10.9396786351463	14.9084259681476	15.4788944941026	18.4512057715716
3.77813517451034	7.49820107167585	10.2244739342563	12.8004974121638	15.5927234489501
4.52264930842534	9.66717085177305	12.101302625234	13.9353820240144	14.8911231791297
4.97407992303215	8.78144898248706	14.0347076111996	14.9966010187138	15.8007323599825
3.77813517452694	6.10734739262017	8.06959993220778	9.97032879201856	11.6278978188594
7.99958399221077	13.4842658456158	16.5265819563381	14.9579284875136	16.859777210467
4.97407992303118	9.05544975562418	11.856328293858	13.2752017202205	13.8172994635772
4.41364344323256	9.68198651856551	15.8495624307825	18.8617777678135	23.6627909437921
3.7781351745308	8.38424513868085	10.5021804190023	13.6117224816699	19.8695782980118
7.50460952428944	9.84971454563703	11.5648683435604	13.6620033905569	16.2123841117189
4.81354119604163	8.89024361517642	11.6020490928601	13.2983910743127	14.9770227786236
5.55666777382987	9.69744424478449	13.6499904409867	16.7893577455408	17.4798129854389
4.35979645821658	7.1651946371619	9.45780334159053	11.7163483365443	14.4789708465531
4.02211967264964	9.85812648768848	11.2848498524175	13.8883037161685	14.812928085426
4.52264930842534	6.4947766032256	9.52298370448426	9.04128998642528	10.3923442886892
3.63343397412578	8.67510878503174	10.3796073111413	13.3739191257704	14.8743122191165
4.3597964582097	5.94317246337732	8.2182767816264	9.80228482763971	10.4122237612193
4.81354204123465	11.1777572234468	13.9027647905836	15.6681694831806	17.2835238941153
4.81354175003963	11.1777572234468	13.9027647905835	15.6681694831806	16.5073497821085
6.68660703226448	10.7854070691224	13.3448367971639	15.3516598534068	17.9557205673682
8.02863851235384	10.4552843657686	14.8563485704334	18.5402024354834	20.8353814494406
4.86754344434155	7.19565155285954	11.5648683435592	14.1547584824481	16.6360632570235
9.0416540001234	16.7822604101182	17.3117871226256	14.8841664074708	15.9467942759489
5.65923533924433	11.1046852028726	11.9968820114291	11.9858165585614	12.3164727149056
4.52264930842534	8.89024361517636	10.5634735794595	13.0045185178643	14.2867833167167
4.52264930842534	10.4741887141137	13.5850116929199	14.7205490701399	16.9064214632155
3.20404346061619	5.67177795084558	9.31888318158042	10.6733070521058	13.2174188586791
4.07481147586694	6.79089116362491	9.11836987701753	10.6628519746451	12.0723404630181
4.81354116716409	8.04305238995892	13.6303117759706	14.144693633601	14.7999243636482
4.81354192418968	8.06649490657253	12.9687840807546	15.2258366743947	14.1273683749336
4.02211967264964	7.57194434569129	9.92617884782874	12.5777714569306	11.2897952845576
3.63343397412572	7.88363759982479	12.268224484358	14.6530528538871	16.7229225047597
4.0892545651335	7.19565155285966	10.8141210436171	11.0836548853824	11.1226234303772
4.35979645820959	8.05976686880922	10.9674591296866	11.7785661960585	12.6222443128491
12.8272366008047	23.8090398196527	27.4314820561337	27.5145732651977	28.6703206048178
4.86754344434155	5.7823109550618	8.47434832404139	11.535091600078	15.4137778679524
4.52264930842534	8.89625381289	12.004714024123	13.6437330917278	14.4952257680924
6.2281216598638	10.6391033654716	16.119048817948	19.2166489004948	21.1226188475074
4.10127484408116	7.1651946371619	9.79634882879668	11.5797725060071	13.1574479487754
4.10531276488507	7.97594831244959	11.4684179965442	14.6274093362722	15.9197350942393
3.82858188842843	9.70464178985321	10.2460746918837	15.2770343022174	16.6350935197765
3.18922078124257	7.15686311556811	10.8221861863942	14.7686197227908	14.9650677576132
10.762326358202	14.2223542831782	14.9416171124107	16.2299459870652	19.2235074657536
3.75471255909446	7.90707590800707	12.2669608455089	15.143441776023	15.9244795310644
4.08925456513396	9.70464178985321	13.1674337401405	16.5152277990105	18.8019163412255
12.8361522123869	15.5194663199384	14.8027730332868	16.1492275861282	16.1603046742116
7.50462253437837	12.7053122548734	15.7004579711283	15.8959274836663	16.8614337847049
3.77813517453274	8.23237997431613	12.2791900624021	15.7974310406826	17.0764884463696
3.36441116053726	7.62539662745007	9.77965519744959	13.7631159730493	15.4322680660266
4.81354204937622	11.444861175224	16.7820268337305	21.2989158733831	19.7418743910017
3.40684201412304	6.19531086640393	8.34084123249596	10.1725804619311	11.534177200496
7.31716075820117	10.7881930612288	13.6303117759698	18.153313088785	20.2405440801143
6.7163114425598	11.6419869847423	14.0850275474784	16.9408574538041	15.3300065847073
9.97010951409652	17.2511448063019	16.8100750962291	19.896229942788	22.065425984068
4.08925456513725	7.39048556683053	11.1045572125394	13.1412057073109	15.3540574550601
4.81354206665708	9.70464178985316	13.1674337401404	12.9806060457372	13.8836558012016
4.07481147583451	6.21680773933923	7.79349360119045	8.41740263533779	9.48273063852054
7.45310330066729	9.81141598477751	11.5385626493924	13.5033343572866	15.3912255211978
3.8285818884284	6.30396988376333	9.11836987701753	10.6628519746452	9.35154917877117
4.81354177390477	7.38125086962856	9.74892924014188	13.9796018475251	16.100571029477
10.3451351860643	12.2059196537728	11.7847690981687	13.2970993773834	14.767173586202
4.35979645821675	9.56226938605198	13.7870962660436	15.6461848608978	17.5856424560715
3.82858188842837	7.65033134882617	10.0913463747825	14.236226631787	16.0765369042835
5.25979861097272	11.067488380253	12.8943739459207	13.8444234787438	15.4382753198682
3.6197219677976	6.33247811697851	8.17494413370372	10.0361504847565	10.882247705408
6.08618037875345	8.02677291845276	9.80694335817395	11.7080473424502	13.7535144624042
3.86052588928058	6.6152930496965	11.5358768908062	13.6557152590558	15.5392557437102
3.86052588928058	7.25732376128275	10.8324616504037	14.1547584824482	17.1843571357954
5.60492119441193	12.4495741510983	14.064206942291	15.5813541807597	17.6310703884161
3.77813517452324	9.04712587682542	13.2524973183805	15.2062832708684	17.3755440837658
10.3451351860643	15.221069552148	15.7439211087779	14.5089158212406	13.7786582476218
4.07481147582561	7.73559069362176	12.9690611500715	15.6304170449897	17.0311227800594
4.81354184500407	6.42692326802842	9.17092791585037	11.3222691918183	14.2844702273382
4.81354159746888	7.65033134882611	10.0913463747806	12.9211927272247	13.5695624460079
3.4068420141231	6.1953108664037	9.09549635301516	13.110131218131	16.9887443369194
4.07481147582797	10.7320985266153	13.0190315005618	18.4706802490608	22.5829605243625
4.08925456513361	9.13974091487455	13.2173213041916	15.8388149629961	17.110544963328
5.65923533924433	10.2874896646765	12.9380425596987	14.8191598881137	16.0438087742534
10.6325156491039	14.1099596863179	15.211971497189	17.1452528152517	17.6876166426015
10.3451351860643	15.2210695521481	14.0412738072077	15.8367947729625	14.993943473362
4.81354145260462	6.37206932565908	7.69034417339458	9.74514503059004	9.93020131325216
4.97407992303221	9.22203790355081	11.4712937340558	13.394571252678	14.889097065254
4.52264930842534	8.89024361517642	11.8239976004973	17.0039382126361	19.6726080936677
4.08925456513356	6.81316278311249	9.10497530547366	13.2687887761385	15.4865857415501
9.46454584496826	16.5683375827986	21.4563038947782	24.841407479142	25.6596718605741
4.8135419014497	8.51858170425544	11.9966446125288	13.8777280281789	14.4760540695984
6.84425287419191	10.878074504327	12.7682528649908	16.6321557999479	17.6877061116949
4.35979645820959	6.98193597966758	9.52698767503216	11.3383850041937	11.3973643497253
4.35979645820964	7.19242519370647	10.173871527218	14.6822726288269	16.8992494297867
4.97407992303152	8.95440720735883	10.3213326209664	11.7997229199665	13.047467457863
4.35979645821675	6.98193597966758	8.46892713217824	12.4370139563226	16.8392940647724
4.49940548009602	5.87976985769603	9.14543633345335	11.3597719684126	13.5545039965318
4.81354171635616	10.9391137099909	13.3816225397429	15.6600577988752	16.8514810613379
4.074811475823	6.83801378670375	9.54463418897569	12.6059002711524	14.3368248836463
4.81354208024987	10.7881930612288	13.3467491767615	14.8722704242901	18.0299044438857
4.52264930842534	6.76736231355653	10.0864720514784	11.194600174125	11.7190251049471
4.0892545651335	7.51800656049068	10.8141210440919	14.421748796519	18.5886050824236
5.06531436941231	8.64026336730456	11.6117129546371	11.4093089355922	12.7357137038236
4.86754344434155	8.0641025293246	10.9081184057616	11.7104949109834	10.2104054009598
4.81354200802116	7.53181665156262	12.83590116447	15.0520886915889	19.7833022196143
13.0063858109481	17.9461757865567	21.1447139462238	23.4214725223126	24.5974258588406
4.81354196149618	7.53462209633511	11.8905333983731	14.3411573779463	14.40729645414
6.22812155904626	10.9391137099906	12.7883894630523	11.5252935735013	12.3195797985165
5.65923533924433	11.9333233717024	16.6150614598059	19.5872819080172	19.1999446340077
6.2460887021835	12.6862341290269	16.320791659144	18.3746913888476	19.5202393854825
4.10531276488504	10.9391137099909	13.6643217718516	15.6416321444935	16.5672808036539
6.84425287419191	10.878074504327	13.5861134339075	15.5055018169746	17.5077934274609
4.02211967264964	9.79517121361914	14.1200578916046	15.4764214230649	15.1847106287453
3.8285818884284	7.16519463716196	12.1441353396676	15.6747498239876	15.925025353251
4.86754344434155	10.2300518800286	13.1476265919617	17.0079431665988	20.2134572435459
6.7163114425598	10.599100181293	13.2102705945913	15.7764649132093	16.7611232435514
4.86754344434155	6.38252297837016	10.6976823283583	13.1545958266888	15.0601546240972
3.48888466281733	8.61456374581212	11.5778957608216	15.2104291330796	17.5753167795577
3.26659418791002	7.1651946371619	9.47317880731214	11.0953203459503	11.07823122025
3.7781351745341	6.58389725050671	7.90365142615332	8.91055003268076	9.47626297289656
4.49940548009602	9.78391166914002	11.2734029224173	13.0322011342178	14.5147029539943
4.41364344323216	6.49434152314802	9.83801161850499	14.2216325159878	15.8799905960749
4.07481147583522	8.99961617827165	12.1804938690052	14.7943622838064	17.8152572869828
4.86754344434155	11.067488380253	12.8943739459207	14.8065558538078	15.8047418892804
4.08925456512958	9.01838704183052	11.5507827115032	14.236226631787	16.0765369042835
4.07481147584826	8.67510878503174	11.9078836752585	19.5169129897357	20.7244287769669
7.99958399219901	11.4201919928107	13.8864478116282	15.2853474720343	16.8866290357543
4.52264930842534	7.11833914963535	8.66121241316864	12.7728829095363	13.5341764032915
6.22812138038194	7.75605035266409	10.6925808790058	11.1049166225081	11.9090832832248
3.7547125590944	5.49753513416226	9.11836987701753	10.6628519746451	12.072340463018
6.2460887021835	11.0007676721581	12.7958542985336	13.2385457983526	14.1444737745023
5.06531436941231	8.05976686880922	10.9674591296866	11.9097287718567	12.8079402913589
4.07481147581893	8.82186790721505	11.7170901856936	15.5503316789392	17.5644453727506
9.97010951409646	17.2511448063019	18.092590609584	17.8514155421054	20.8261782984469
8.71703179612831	15.5388963993582	17.3021977789867	18.7700652221246	17.0154617122932
6.22812143441956	11.9018124505836	14.64859197	15.6407239376788	14.4838896032036
3.63343397412569	5.7823109550618	10.5021804190023	11.5387343103096	12.4364442069985
4.81354189093167	8.06649490657253	12.5996292485262	15.4303502461148	20.4417138643411
6.7163114425598	9.70464178985321	12.4878808126443	14.0263119280407	16.0274818797611
5.55666777382987	8.37353921852088	11.3164510836065	13.3603020578699	14.139482821075
5.65923533924433	11.1046852028726	15.6842573120477	16.6299127383176	15.4095598333299
4.08925456513367	7.19565155285972	10.8141210440914	13.3794113104723	15.2954368177196
2.92984590383827	7.16519463716196	6.9404206089344	10.4357900191703	11.7440852916803
3.77813517455354	10.7881930612288	13.3467491767615	14.87227042429	16.0239347314296
3.82858188842843	7.1651946371619	7.93681680048581	11.6048877662772	14.9098588456804
4.35979645820947	6.92637414166012	9.25684230092651	10.9915793828366	12.0336651466288
8.02863867467545	11.6198281048053	15.3684886309106	18.4030851786555	21.5912329045095
3.63343397412564	7.1651946371619	9.70597721213812	12.3118124086459	13.7470203472187
4.08925456512628	6.81316278311249	11.5223689014027	13.8474134487224	15.2212335317275
6.22812165912893	11.444861175224	14.1510155786223	18.0913849350006	20.6773666401687
3.9854630512786	9.70464178985321	11.6188544786903	15.4067433842236	18.9150594660344
3.36441116053732	7.19242519370704	10.1738715272181	11.2393909526307	14.1366376623083
10.6325156491039	18.0269307042929	21.1784909955769	21.1153678773105	22.1532410162808
5.65923533924433	9.46297547897518	12.7863983787799	14.883552417558	16.3567612351956
8.3586593567847	12.9633288285746	19.196225400937	22.4124862263066	23.7251904977945
3.63343397412569	8.67510878503168	12.1549889280606	18.4272464342495	19.3256701878333
4.41364344323171	11.3355016738872	16.5989100412037	19.1780822756306	21.854829924138
7.99958399222788	13.4842658456158	16.5265819563381	16.2016182778719	17.7482197020636
4.41364344323154	8.40419247771666	13.5882945598536	12.622553111346	11.9217440312033
10.7441500874027	13.9190192041659	14.2445230766559	15.2331327528278	16.0410598212384
4.07481147586597	6.21680773934111	9.88448411494198	12.9953885967284	15.2706332180828
4.52264930842534	6.98193597966758	9.99749671397706	12.8184354499936	13.7819726926867
5.25979861097272	8.89625381289	11.5778957608217	13.1694920650533	15.2904631826273
5.65923533924433	13.1913059050466	15.9537540710912	18.7955995149116	19.5717203923067
4.07481147582143	6.21680773933969	9.90263103144014	11.6324533496085	15.0175901943713
5.65923533924433	7.9096700336687	9.45859890133966	10.0676213918608	11.2980572717551
4.81354193627834	11.1777572234468	12.8992628419347	14.0768820729484	13.792889683575
9.97010951409646	14.4843612004805	15.6764296027116	18.7660111102664	20.955023612945
7.99958399221742	13.4842658456158	16.5265819563381	15.8476093941052	17.7889192333631
3.75471255909446	9.70464178985321	11.6188544786907	11.7355967742326	12.6026640350444
9.46454584496831	11.6198281048053	14.4226053305008	15.8636897976688	19.9465569552472
4.10127484408116	8.67510878503174	11.229986806257	13.9970182321234	15.4249067272133
3.63343397412575	6.11298718822997	9.70597721213812	12.9795512819536	17.4803658295148
4.10531276488504	6.56894292509133	9.35204667171803	11.3065770692842	11.1396600455302
12.1541648769024	12.3530720865846	13.7970192464597	17.0241870335093	18.0715048270976
4.41364344323199	7.58810556769089	12.0761265194012	13.0947892878715	14.8654717140566
6.22812164639157	11.7991795889137	17.0518687367722	15.4319896752089	16.0617146413374
5.55666777382987	9.79507867127302	14.5784691150552	18.0567360081965	20.5693486179324
3.82858188842846	6.36598880522882	10.0344307800614	13.4149550450463	14.4679119815052
4.81354145755768	10.5279457973958	15.8425919888872	19.4212668215866	21.5866808145325
4.35979645820964	7.60236214398759	11.2812566248243	14.7550162428897	16.1887225935526
3.36441116053726	6.58589991065367	9.82365854803851	14.6822726288268	16.1184820817164
4.97407992303209	7.62082939176349	8.43396134775753	13.0443719109693	17.5467770610901
3.60473679561659	5.43450802044788	7.79307917690977	10.5086606517362	11.6533576872775
7.45310330066729	11.5900536222977	14.3579159632553	17.2071030740664	20.0523413568667
4.35979645820959	8.24460395417572	11.061100618861	12.5314258466204	13.6134908451476
5.65923533924433	7.9096700336687	10.2741382744161	14.6823396609465	19.1760542709898
6.06762429287505	8.77109905870918	13.7782152465593	16.3883457072126	19.3458617203444
8.71703179612831	13.1022064637979	16.6637694671683	18.6045112373242	18.1720211622107
4.81354192395474	7.65033134882623	11.7354210853301	13.5621277447049	15.4815695616983
4.35979645820959	10.9391137080106	16.1118610989414	20.3394242798049	23.1190569559835
4.8135420791711	9.70464178985327	13.1674337401404	13.4724715898843	15.8183278668375
4.81354209405492	8.09630829061405	11.2812566248243	11.6175600625625	12.5203500063348
3.56199160097771	8.05976686880922	10.1880630984499	11.452349204948	12.9043343086624
6.7163114425598	11.8516427996761	15.1092539462925	20.0661047890482	25.5710821614877
4.35979645821669	8.47679529766356	14.507027708499	16.7114794919266	18.659622166101
4.10531276488504	10.639103365472	13.3748413358814	15.2611983227948	17.2295797101056
3.77813517451966	7.58810556769089	9.31888318158042	11.4378341557986	15.167613818063
7.31716075820117	10.0401257453717	14.3573456592504	17.5302736902116	19.7603369469027
4.08925456513356	10.7881930612288	13.9877250003645	15.8489951632268	13.8747153162109
4.35979645821681	9.85812648768842	14.1531405712997	16.9543901079879	20.0186492356889
8.35865935678345	10.639103365472	13.3448367971638	16.0759334938709	17.7744899658342
3.7547125590944	9.70464178985327	10.9961724932957	12.3378725323827	13.278374233357
4.08925456512975	9.13307152165635	12.4067501499877	15.5242909884247	20.2228561831759
7.45310330066729	9.7046417898531	13.1674337401403	16.0416050458923	17.8553016603743
4.41364344323227	10.639103365472	13.9782781648902	15.839446357968	16.8046806913679
4.41364344323205	11.444861175224	14.1510155786223	18.0913849350006	19.678980204893
6.2460887021835	15.6820552227627	19.5022020035643	22.8743126063466	25.5309344579267
3.9854630512786	7.90707590800707	11.6733291932762	13.2521802887389	13.7637644254337
7.27571544255886	10.1092865200325	12.2858438858564	14.3818601868206	16.1174814079629
4.08925456513344	7.19565155285966	10.8141210436063	10.9466749530616	12.5075650788207
6.68660703226448	9.46951696945428	12.0854786590141	14.338736280167	11.8985184559925
3.82858188842843	5.76137191157414	7.6787622116604	9.02599781651224	11.8730379732167
8.028638726314	10.4552843657686	10.8324616587608	14.069037560206	17.5024986736783
7.99958399222618	11.4201919928108	15.5550059285846	18.2247295638336	20.93078899076
5.06531436941231	9.39530485993333	13.6138165645023	13.6925950057487	17.3826254631676
4.8135419562218	9.04686593283839	12.2762819276431	16.4999879777339	20.7773379901901
4.8135420076955	8.51858170425544	13.3816225397429	16.3272268746506	18.8069624117063
7.95866514797677	9.34639666235154	14.7934571699572	14.5562152486893	13.1717519938369
4.10127484408116	9.99132095131336	12.8253921063416	15.9413719124735	18.341445237951
9.97010951409658	13.3688198480655	15.7012771085869	14.6624968416414	15.2812123418844
5.55666777382987	9.23386003850453	12.5118459137047	15.4786703067094	17.8855850359446
3.18922078124257	7.51800656049062	10.6347796360697	13.6324977532907	15.4402839463283
4.07481147582635	6.70173033439102	9.51873239356303	13.7151027940967	14.4847287147699
4.30446959248758	8.03389512063291	10.2560246211286	11.206988100582	13.9706933057784
8.02863807044275	10.4552843657686	10.6942622656231	11.0757346165657	16.6218685706747
6.2460887021835	10.2447386235374	12.9403691443406	13.8918829344328	13.187376815393
4.3597964582097	7.65033134882623	10.0913463747823	10.8001298983668	11.6923874046986
9.97010951409658	12.4678773710622	12.2592574469059	13.1745483104231	14.1605133093781
8.02863877496623	10.4552843657686	11.6733291932756	12.5485705818427	14.3947253479757
3.9854630512786	7.58806000017046	10.9213204162254	13.711124559098	15.9037655066098
8.71703179612837	8.14350407955374	11.2260573304293	13.9153058486527	15.5107427577679
4.52264930842534	8.45924728432647	12.3648757368389	14.4695416192437	14.6660113582396
4.35979645820964	11.6528015198835	15.9276281913244	17.966796531985	19.0370372159078
3.9854630512786	6.01043312128348	8.11875257624121	12.1517057578634	15.1676138180631
4.10127484408116	6.69453356533307	9.8090992725696	13.123345201286	15.9504691093025
5.06531436941231	7.16751622439358	9.40856594311538	10.7352097628681	11.741251476284
9.46454584496826	15.3149057969305	20.0667608636966	19.0751775518439	22.2740662403179
4.35979645820947	8.82695445579651	11.3990804032235	13.2309695465389	15.1473497563377
6.68660703226448	11.1980000117335	16.119048817948	17.1374313859686	16.3872276703128
8.02863875586246	10.4552843657687	12.9157519530826	14.3113567455443	15.2694689986258
4.10531276488504	8.315475853321	9.94948962818603	10.8035498273076	10.5274881357419
3.40684201412304	8.05976686880922	11.5497238602256	16.0655288642472	17.0523189955685
3.20404346061622	5.47960773339082	9.09721902366567	10.7442352722293	14.9714017522711
3.60473679561659	5.66151105383875	7.89487867602583	10.5529966787535	12.3950454791361
4.97407992303152	11.9675045945361	16.7758380011646	23.9208633611206	26.3893363083459
4.86754344434155	7.08100111750235	9.45780334159065	11.1775828439592	12.1714966222299
10.3451351860643	13.9681997909465	13.712864670675	15.6953877136476	17.7829154547818
10.3451351860643	15.221069552148	13.8819956536977	16.0807174656886	17.6041472612171
4.08925456513379	8.04305238995909	10.9512054660619	14.1859547773442	17.1750541844922
4.81354183394888	8.32153045434973	11.7462261554144	14.7244340897929	15.592262475695
7.50462181927475	11.2519315628822	14.87424254622	16.3019836703292	16.9083377930979
9.46454584496826	22.403982670783	25.1611469358915	23.1551651702045	22.6659997279011
4.81354186511686	7.66112119233469	10.1081979746051	11.8718067943892	11.788885108304
10.3451351860643	14.8557993881792	17.9268874514487	15.9371961311734	15.101225181216
3.63343397412578	7.52421370292348	9.70597721213812	11.8596371900337	12.8134476214336
6.68660703226448	9.10355843325971	10.9347343911046	12.6621753480931	13.6336317149867
3.56199160097765	5.92697715307128	8.11945519418509	11.5651002538484	13.3251645046348
6.22812164450698	8.0430523899592	12.3310177302055	12.7718199319228	13.690546357039
4.81354209446579	8.51858170425385	13.381622539742	15.6600577988734	16.0261140957764
4.30446959248758	8.05976686880922	10.7320190662193	14.3387362801678	16.1355005623257
6.2460887021835	7.77500421977049	9.88941138741018	11.5503521044238	13.2931948575321
5.06531436941231	10.639103365472	12.4240268233729	12.7351249005546	13.6536091356477
4.41364344323216	8.67510878503174	12.3310177302047	14.480394392517	16.6643351589912
4.81354201583986	7.38530236165741	8.46195314447522	9.34507617502783	10.7027502436426
3.77813517452796	7.88363759982479	11.2260573304293	15.4024006867349	17.02085719622
4.08925456513367	11.2486241049232	14.584128070816	18.1627046691805	19.9263173077055
4.35979645820953	6.98193597966764	9.30908648870349	12.5032932860146	14.6706359743937
8.02863847905297	12.295580147915	18.0682163722848	21.2999205937977	22.1938306209532
4.81354207811626	8.51858170425544	11.4509300000312	12.3710094781424	14.4135676303374
4.35979645820964	9.56296257801193	12.1181818129442	13.8977407989986	12.4156407104355
4.52264930842534	8.89024361517642	11.2643660470118	13.0529311538707	13.7024780923682
6.68660703226448	10.7854070691224	13.5379427422735	15.9032193810403	17.369829899044
4.3597964582097	6.56894292509139	8.57847178299005	9.96234124772508	10.4157895571793
5.06531436941231	9.39530485993333	9.70597721213812	11.2695818045745	12.6400877028596
4.86754344434155	8.63603170086583	11.9747847096085	13.8746777017499	14.8452484985182
4.81354198602628	6.70173033439102	10.5561054937235	12.5134971457366	14.9457053572002
6.68660703226448	11.6452536044734	15.3280191884253	16.3408483293088	15.3239808261776
4.10531276488504	6.49434152314802	9.83801161855945	15.0474544600157	16.578653164447
6.2460887021835	8.4756853042224	9.28598738714243	9.89868743741067	10.4277475105538
4.86754344434155	7.73559069362176	12.7515562928862	15.4771049077158	14.024188170732
9.46454584496826	15.3149057969302	20.5820104046572	24.0711108996982	26.0384765984219
4.08925456513367	6.81316278311249	8.89546596291791	10.8913183150664	12.2751802442079
3.77813517450909	7.66555531465343	10.2187554962852	14.4947691078232	17.5988678634802
9.97010951409658	12.4678773710622	13.1103714121969	15.9523522454992	16.8802068720795
4.3597964582097	8.24460395417572	13.0054619301069	13.1057394863637	15.0447274914443
4.81354177034274	11.1777572234468	13.9027647905835	15.6681694831806	15.0253410593791
4.81354194298467	11.2486241050913	12.9520957294496	14.8312151288383	16.8015780728925
9.04165400012329	11.4502581564176	12.7515562928863	16.175064466217	17.7129253186708
4.08925456513452	10.639103365472	13.3448367971639	14.5001860440055	15.5218771701421
4.08925456513356	7.97594831244965	9.62506387492959	10.4991142516746	12.3718974894881
7.99958399220833	14.6433392909201	17.3453329750673	21.1267640995148	21.0525111309786
4.81354155032921	7.60236214398753	11.9747847096075	13.801067243573	14.4457287368282
3.75471255909434	5.92697715306821	9.70597721213812	11.8596371900338	12.8134476214238
4.07481147582672	7.66555531465349	10.6037801584663	17.797264812421	21.4279696674442
4.07481147582044	8.23237997431613	10.852264373768	13.1101312181308	14.851604282387
4.52264930842534	9.66717085177305	15.7700962717266	17.9824651465199	19.214850495104
4.81354177908992	8.88619247071938	11.9966446125025	14.0074233984666	15.9894534336423
4.08925456513361	7.05478254096727	10.2460746918836	15.2770343022179	16.6350935197765
3.7547125590944	10.7881930612288	13.3467491767615	14.8722704242901	16.0239347314297
7.50462080521766	11.2519315628825	16.3135432464156	19.5098391485996	19.0858906629975
4.08925456512998	6.81316278311249	8.59187301514584	10.8291558857574	12.3845982869463
6.08618037875345	10.636222126859	12.9111865275066	15.3319833870452	17.6852432472814
4.81354164833164	9.70464178985316	9.23694381794138	13.4374475602488	15.0059570233184
9.97010951409669	13.9913583351576	16.9477095767159	20.1096333535531	20.0281920397396
3.26659418791002	5.66151105383869	8.68430794966622	10.3425465531104	11.1148701956929
4.86754344434155	10.9391137099868	13.2133990238066	14.5797399608896	15.9570562240822
4.8135415916891	9.85812648768842	14.1531405712944	15.0683691107505	18.05025682415
3.86052588928061	8.23237997431607	11.6020490928601	13.9549804859168	15.0620996681675
7.50462352580155	9.09600111363181	13.2173213041917	15.8388149629657	19.4747717189024
3.17950703252495	5.42239325937192	7.8791545104034	11.4953488482508	14.8961792002168
4.0892545651335	10.639103365472	12.424026823373	14.4441983538405	16.3837532145138
3.60473679561659	5.67177795084581	7.55319020188205	11.0041349264852	13.2639646916182
4.52264930842534	6.56894292509497	10.0940049249112	10.1608407715914	11.6324816906274
6.22812160606992	9.64072419079736	12.4594047687903	13.9764726843663	16.7499619089758
4.52264930842534	7.89861996496262	10.0940049249116	10.5856160869754	10.2607368452115
4.81354204178348	8.51858170425544	13.3816225397429	16.3272268746164	19.0544632331614
9.46454584496826	13.4895029165075	15.3763263942578	17.0035386095818	18.1639447437216
9.4645458449682	11.4965650619876	13.1221131042314	15.9198465788057	17.9048550916737
4.07481147582192	8.0641025293246	10.9081184057615	11.9996255264045	12.1220301851215
4.49940548009602	8.22319929457115	9.00444760194398	11.3031724734155	13.3077257648498
3.75471255909434	9.70464178985321	13.1674337401404	16.5152277990202	18.8019163412312
8.3586593567851	13.4895029165075	16.9051846426457	21.1714823664537	24.6154854846945
6.06762429287505	12.6129192764174	17.4728022390514	20.6669391228492	22.9099891178377
3.8285818884284	7.90707590800702	12.2669608455089	15.8334996260384	16.7741383689394
4.86754344434155	7.90707590800707	12.2669608455089	15.143441776023	16.7898535828068
3.75471255909434	7.58806000017046	9.90875868492049	13.1183718201992	17.2221249662442
8.71703179612831	9.42508009713544	11.1947868291858	12.0567728301445	13.8296629586251
4.86754344434155	9.43405517214529	12.2762556917389	14.1065178436262	19.5637003123051
4.35979645821669	7.77187964643332	11.6760071350353	13.4850871365213	13.9073021924306
3.82858188842894	7.90707590800679	11.6733291932755	13.409513636808	12.9304643933276
7.99958399221566	14.9822858163248	13.5528293825891	12.7752708130197	12.0965436679911
4.35979645820953	8.23237997431607	10.9347343911044	12.6498676429039	14.3807564694548
8.0286387724754	12.2789312315901	17.5211792352935	20.5763531776875	20.3025876525391
6.7163114425598	10.2447386235374	12.0292577768245	13.8998319402109	15.7181895371635
3.36441116053766	5.05925251044926	8.24362006317881	11.8083789799861	15.3297932366254
4.81354195116148	7.53181665167415	11.1935225458837	14.0729091606357	15.4864558802157
7.50462164273665	12.6234557011509	15.1092539462925	17.0520592207905	18.6921118034131
4.35979645820964	7.25912664232806	9.60413469832611	12.1839567911705	14.037364797641
6.22812166150823	11.7991795889141	14.7620978392767	16.6199243274739	19.7128696495661
6.06762429287505	12.6129192764174	17.4728022390514	20.6385364093771	23.4205891123042
8.02863876700229	13.7205668487434	13.3193439632747	14.7244340897929	15.5922624759098
3.20404346061622	7.55607662432169	11.1745431412102	13.7217652799786	13.0941343326102
7.27571544255886	12.7221283242871	15.2459705897725	19.233363670283	21.7973984487343
5.60492119441193	10.8449596267023	11.7053443794096	13.0542898135089	14.8642385569253
6.68660703226448	10.2635572428473	12.9979619456347	15.8848164356075	18.4346392791488
6.22812165602596	7.62539662745002	9.82365854803379	11.8973581784533	13.1178275315063
6.68660703226448	10.7875931355502	12.2669608455089	16.6032978719146	18.1670925385571
6.22812165604665	7.03500474367837	8.11875257623586	10.4698790812014	11.6988318039316
3.40684201412307	6.26328714963762	11.1634246839192	13.4987403714726	14.1136352157787
5.55666777382987	11.1777572234468	16.0218449240415	18.6818292437258	19.3392773952089
6.15546375674143	9.93720483694807	11.6271323105955	13.4001944114967	13.9954307237622
9.04165400012334	16.0128772223914	16.2757529294347	16.0759334938697	15.809227247795
3.8285818884284	8.06410252932454	12.929940911622	16.7313074486427	19.2493478558325
3.20404346061619	5.66151105383869	8.52561892494361	12.8021634438526	14.269575252022
6.15546375674143	8.38449133422324	11.0643955043276	13.0485333385203	13.8844807781609
3.75471255909423	6.58389725050705	10.0940049249033	9.87848135614632	11.0745571768068
4.07481147582916	7.7355906936217	12.9004802058165	14.9629772099806	15.0228925809328
10.3451351860643	12.2059196537728	12.0292577768244	13.7239928316483	17.2494596643967
4.81354195987757	8.06649490657259	14.0679651782951	17.0678520839012	18.1251934907385
4.86754344434155	7.07831539811411	10.6976823283567	11.6866834186116	13.4917574528961
6.22812154142025	7.84591111607978	10.2443753783335	12.9183292735102	14.8274775900561
8.71703179612831	11.5915005571298	14.3493166619951	13.9312573009508	14.0575646644502
3.82858188842837	6.26328714963739	11.1555349263955	14.5687469937594	16.6207970056397
4.86754344434155	9.43405517214529	14.406826551717	17.4211329475438	18.2647500359519
5.25979861097272	8.66595619949283	10.4352090487082	11.2117664322654	12.1928153706626
7.45310330066729	14.2194569763557	16.5951741605753	18.8710492638895	20.5289779211843
4.41364344323262	11.4448611752239	14.1510155786223	15.759639920321	18.6034683619189
7.31716075820117	9.42168457142373	10.6119363087856	12.8930102032324	14.3528406729407
4.86754344434155	7.90707590800685	11.673329193275	13.4285419343543	15.7141095591674
5.55666777382987	7.90707590800707	11.6733291932761	13.5595768274546	16.1438125281916
13.0063865483617	17.0571740352971	17.3582950622974	19.4417131559288	18.079732449685
5.65923533924433	7.9096700336687	9.53485118225552	12.9920876417763	14.144679762971
6.2460887021835	11.4147336355095	14.8563485704334	16.3730961646892	17.9722830490176
7.53730659356762	10.6201754967317	13.6702439877242	16.4592869859812	19.5625102440168
6.15546375674143	8.40966273329065	10.2174354388202	11.8777225165783	12.7790680886183
7.50462353240158	11.3078323755745	15.8925362673289	18.7765448542236	16.3510778920535
6.84425287419191	12.3076602413113	15.1312089705918	16.6352390710266	17.8147393503081
8.71703179612831	11.2593771459681	12.3169971383301	12.6175716895214	13.9513861546386
3.82858188842843	8.05976686880922	11.8299308109985	15.0822064891342	14.4726662244902
4.81354208917327	11.1777572234468	14.9141004535277	15.9225024507211	14.745750607092
4.52264930842534	6.89030956633314	10.7832934804219	13.412313550334	15.2992943466278
4.35979645821681	8.23237997431613	10.852264373768	12.698359942363	15.4868217553612
4.35979645820959	7.58810556769089	11.6617642437812	14.3862244643012	16.3145328313134
4.97407992303141	7.9070759080069	11.6733291932763	13.2521802887389	14.5709910745774
4.97407992303147	7.62082939176349	9.65828510156888	9.97060001707621	12.7456386910142
4.10531276488504	12.2217738330182	12.5985088821585	14.8010570061935	16.0838881427203
3.86052588928064	5.54963091493528	9.1049753054748	10.8688941352671	12.1252738378139
4.35979645820959	10.3258313507698	15.4273220759849	16.5305840855917	18.2528307669389
4.81354184307662	7.5925596171158	9.99737765484389	15.3696363517612	19.0958059170559
4.8135411805365	8.04865100259514	10.9054336659684	15.5900181286231	18.9461168758
6.22812166264191	11.318845036389	19.6416112867126	25.4317263620505	27.9451224931171
4.52264930842534	10.2300518800286	14.7830000755351	19.3186179733392	22.7177287498012
4.07481147587745	6.21680773934531	9.88448411494136	11.5230830678898	13.4292882992228
7.31716075820117	13.2938771269621	16.1974678602162	18.044426186221	19.1256947095507
4.08925456513271	7.4668082712148	9.51873239356303	14.1859547773442	12.9128448052709
4.08925456513265	8.0430523899592	10.6206269033468	11.970763459411	12.9369205810672
10.762326358202	13.9806195768515	17.3369033077068	20.5270663934955	23.4081201964536
6.84425287419191	8.41631293872052	10.974126389976	13.1388328309931	15.2648296442735
3.48888466281733	7.15686311556794	10.619081849345	12.9330346990288	15.5188740708406
7.99958399221379	9.04712587682548	12.3835771236739	14.5844501078351	15.5560466981392
10.3451351860643	13.2713382811443	13.6292635036341	15.3592379212117	16.1776161911711
4.81354145512165	11.1777572234467	13.7870962660436	16.592038874392	19.3259020020308
6.22812166239731	7.84591111607978	10.001102741901	10.0765008570709	10.7885356917207
4.52264930842534	9.56226938605198	13.7870962660436	17.1825977827242	17.1995946142762
5.65923533924433	8.67510878503174	11.3559010507798	13.00007859107	14.1975447027046
7.45310330066729	15.6259292463702	23.0225935574845	21.7216859814835	21.0281535304368
4.86754344434155	6.70173033439102	10.2535930599715	13.3909908411003	14.2630327289157
3.77813517452807	6.28202347229143	9.77082779208155	12.2925929396808	15.4856050079124
4.81354185573082	6.37206932565903	8.52561892494748	12.122518906542	14.7502248487885
4.81354200471526	6.25302502993509	8.95932345179608	9.18514049370629	9.58951829834172
4.86754344434155	8.63603170086583	11.1287901531382	12.0285764557742	12.1060286857219
4.81354172139368	10.639103365472	10.969597176034	13.434158151493	14.3709251462385
6.15546375674143	11.5368359178595	14.2116322204625	16.1058331477719	13.7113189713738
3.26659418791002	7.65033134882651	10.0913463747793	11.8067659560323	12.4760831792265
4.08925456513396	8.99968568751643	10.2023701297344	10.729521372213	14.4402733440971
4.52264930842534	8.89024361517642	11.5706649263958	14.311618464826	14.8341175341725
4.81354117224112	9.07728405188703	13.63031177597	16.0807174656886	16.9414072544713
4.81354111179695	7.66112119233469	10.1081979746051	11.8718067943892	13.4829256544946
3.9854630512786	9.42168457142373	12.9015469933809	16.7561349261489	16.8731364617615
4.35979645821664	10.639103365472	13.7913892976721	15.8134672181746	15.924479531076
7.31716075820117	10.0401257453717	12.7195950215466	15.313768366119	18.1183368639164
8.35865935678402	12.9633288285746	16.3960755990929	18.4688553863822	18.1271690442188
3.40684201412304	5.97474576691121	8.69497837214158	12.5795888759853	13.7708670114302
6.22812159435193	7.84591111607983	8.67583918370246	10.8152300993924	11.7011497247645
3.56199160097765	5.47960773339088	8.07793164916211	8.57645666824226	9.38608096381967
5.60492119441193	8.23237997431607	12.1329527277456	16.6041885251154	17.6582858039043
9.46454584496826	13.4768479641419	18.132289518847	21.2325295922	23.4097018881731
4.97407992303215	8.93197012983211	12.3820127536677	14.2362266317869	16.0765369042836
3.75471255909446	7.90707590800707	10.0709504872642	8.93199306177002	9.96383607587524
4.81354208644007	8.12945094446445	11.122731115885	15.2507395002354	16.8805985778338
5.65923533924433	9.4821756631203	12.8621067829692	15.1820806294632	17.6903262754889
4.81354198235141	7.41444061674326	10.4416163284335	14.8360441457216	16.2733194918367
4.49940548009602	6.65481462093351	8.94806184596473	12.5302831874328	15.1820613851161
4.86754344434155	9.08759499891096	14.406826551717	17.4211329475438	18.5721065881776
4.35979645820947	6.98193597966764	9.52698767503222	9.97668409888632	11.6493847453194
4.81354165384175	8.51858170425544	11.9966446125288	13.8777280281789	14.4760540695422
4.35979645820964	7.65033134882623	11.9747847096075	13.8010672435693	14.4457287368282
3.40684201412304	6.19531086640376	7.69811066273678	10.172580461931	11.8039244166341
3.1892207812426	6.16364756990333	8.35417698990392	11.1618431109098	11.2888461380715
4.30446959248758	8.82353597255957	9.88448411494198	14.5528945846723	16.0162442283104
4.10531276488507	7.90707590800685	13.4072544722956	12.5988418641384	15.2011472948236
5.06531436941231	8.99968568751643	13.63031177597	17.7811863120432	19.5726935089923
4.02211967264964	9.13974091487461	12.4067501499877	15.0912399540694	16.6198701286875
6.84425287419191	9.90580740926049	13.8815648535208	16.8436714133782	18.9538939940103
4.81354209373347	10.639103365472	15.6469446734637	14.3200193643976	16.827612885064
3.90676822122975	7.97594831244908	10.5085839442876	12.1436283844729	13.9588120353222
7.5046237719028	13.8683105814668	15.6781684959292	12.6119805794685	13.4992317617618
6.84425287419191	13.44833492756	14.4012926984373	15.3441770212183	16.3563662541667
6.84425287419191	14.8029697588189	22.6852711856361	26.271938059726	27.5247917052202
6.2460887021835	8.56178770367416	11.8789189561405	15.8232693105941	18.0856339621394
7.95866514797677	10.5041313842599	12.3220908753511	13.6690971123616	15.5903997586888
9.46454584496826	13.4768479641436	13.7870962660436	15.3903717052719	18.0697337885341
4.86754344434155	11.1777572234468	14.9141004535277	17.8780392823596	20.966683320864
5.06531436941231	10.639103365472	13.3448367971638	14.4428802709235	14.6334021645143
9.46454584496831	8.23237997431613	9.09311851957534	10.3088589345713	11.7576539976759
3.63343397412564	7.88363759982479	10.1681820718546	11.6692709115101	14.4614726985511
4.08925456513379	7.82655014376866	10.6347796360697	14.421748796519	17.3253485038921
7.50462361127944	10.3258313507713	11.5851454486612	11.6887080624905	13.4335147116068
6.7163114425598	11.8516427996761	17.4155158906759	22.6838044290736	26.9374908274317
3.77813517449499	8.23237997431613	11.6020490928619	13.7228277386741	17.0591767968507
4.08925456513384	11.5256465738565	13.1674337401404	18.8666463829332	16.4959051507219
6.68660703226448	11.3355016738873	12.3648757365774	15.7838974200479	18.2740058231938
10.6325156491041	16.0038004965177	17.556274716026	19.6413497490332	21.8087166994782
4.02211967264964	6.45851477786209	9.54596714534614	11.7150556538758	13.5089939948383
12.8272366982113	14.3629927447022	12.7198251547788	14.5365360641148	13.9143155523039
9.09403881489186	11.7243272766951	14.64859197	19.3740812118004	24.8091686839498
6.15546375674143	7.62727713362102	8.36686265215479	9.80727017028789	11.2033089602815
4.81354202129063	7.01699722396859	10.9347343911044	14.7550162428897	16.9000357315534
9.09403881489175	8.93146613156387	10.091346374781	10.8582474508278	13.3158826525407
4.35979645820953	7.84822569612135	10.4888221179862	10.5152054167785	10.7626391819961
8.35865935678481	10.8301463376762	15.5342878273327	17.4726577613299	18.4765804851193
5.65923533924433	10.2874896646765	13.6566806813831	16.5596560651752	18.6169677873752
6.06762429287505	8.41849081017511	10.5903763367716	12.350089525192	13.2660170290533
4.86754344434155	12.3822759388521	19.2830317056056	22.6365279704023	24.9956967320938
5.06531436941231	7.16751622439358	9.47457822748675	12.0497378828615	13.7232883211729
5.25979861097272	11.9568201572619	17.291541903537	19.6063264614488	19.5722509131951
4.81354208628568	11.1777572234467	12.8992628419344	13.4183296602283	15.7054270257005
8.71703179612837	11.738669731047	15.882627150383	18.7249676542323	20.9636031234405
4.08925456513373	7.97594831244965	11.5648683435576	13.4285419343541	15.2511743104188
4.81354196295638	8.05976686880922	10.9674591296866	12.9141358819025	14.9595924249656
5.06531436941231	8.64026336730456	13.099753038664	14.2475823650293	17.217736344796
4.35979645820959	6.76736231330437	9.51873239356303	12.5314258466204	14.9490664663605
4.35979645820953	6.98193597966764	9.52698767503216	11.9892393360073	13.0072689093585
3.7547125590944	7.97594831244965	10.5085839442961	13.0045185178672	14.2867833167167
5.06531436941231	8.64026336730456	13.6303117759697	16.0807174656886	17.6041472612172
4.08925456513396	7.19565155285972	11.5648683435588	13.4285419343541	12.4815084985846
3.77813517451528	8.38424513868085	10.5738078843028	13.0189896295411	14.3086897015737
12.8361522127266	19.1423141540517	20.1054813614914	22.8629263194773	23.7252467168788
8.71703179612831	9.01838704183041	13.3569060723383	16.1606190812085	18.1490389494261
4.10531276488501	9.04686593283833	13.4182203365391	15.2977299319433	16.2773977688634
4.02211967264964	8.09630829061405	9.66889569759769	13.4398385489545	14.9408348517552
4.10531276488507	6.61529304969883	11.4908975856168	13.4435593916826	15.2006159031009
3.3644111605368	7.19242519370653	9.25707773366048	10.3222977512214	11.7006986402321
4.52264930842534	8.89625381289	11.8226115885149	13.3961611904562	16.2438345850972
4.81354103508545	7.90707590800685	11.1935225458842	12.9640928032103	13.0054667551803
4.35979645820953	7.64691978605947	12.1329527277456	14.6692776382653	17.5780203450469
4.08925456513344	7.45511211517726	12.1359335767995	14.0179404854941	15.4679557880756
6.7163114425598	11.8516427996761	13.3094629399814	14.3518736986862	15.5408440464499
4.35979645820959	7.15816748707795	9.53699978106806	12.1065527338826	16.2005732673167
4.10127484408116	6.48321584517674	9.90263103144014	11.6324533496085	13.1140537208749
4.86754344434155	8.12489704703859	10.0560140247293	13.172903088222	15.2593110417395
7.50462352646571	14.2104726905482	17.3469740363622	19.4037116819191	18.4594383439688
7.50462193464529	12.6234557011509	14.4389191283105	15.3816705833087	15.2550129259081
4.41364344323193	10.3120781833407	12.0080273971928	12.8913991905062	11.7378650157706
4.08925456513708	7.19565155286705	10.8141210440925	12.5735998270752	15.5329642521091
4.81354156471315	6.37206932565903	8.23330469541929	11.1208807919836	11.681208353846
4.10531276488501	9.7936729781145	12.9969588940209	11.7659369639513	13.1393298261576
4.52264930842534	7.65033134882646	9.70597721213812	11.8596371900337	12.8134476214567
3.56199160097771	5.70492807763969	9.30908648870212	12.5032932860146	13.9403365699568
4.81354142924499	11.6882247300202	13.1184876552422	14.7640871848282	15.7651694497144
4.08925456513367	8.47568530422251	10.9564485160387	11.839640678903	14.0165950112967
3.82858188842849	6.36598880522888	10.3426751592627	11.6424895103915	12.8584352426774
10.6325156491039	16.0038004965177	17.5562747160261	20.7006496518013	22.8856354946661
9.87502892658648	11.1880284110988	12.8991982855447	13.8214842453328	15.2926830861846
3.75471255909446	6.58389725050654	8.60619771963354	10.3457646437853	11.0147017839288
3.9854630512786	7.46680827121475	10.9054336659697	12.9680057257194	16.1569712459502
4.3597964582097	8.24460395417572	13.0054619301069	14.7808267159604	14.5724363915892
7.99958399221623	11.4201919928107	14.4745424129812	13.8010672435731	15.050556063159
6.22812165926121	9.16332159812276	10.6638503556143	11.7308473255251	13.5956436835396
4.81354105417097	7.65033134882617	9.90263103144014	13.4843682657472	14.8867155375162
4.49940548009602	7.15816748707795	9.67630191090234	11.4042730013825	13.2404667857616
4.4136434432321	11.525646355218	13.055862667486	12.7351249005546	13.6536091356477
4.81354209604086	10.3598500340779	12.4878808126437	14.0263119280407	15.3193162764117
4.35979645820964	8.12489704703859	10.7811164741447	16.246358526737	17.5187435237289
3.9854630512786	8.22253122671469	9.88036168845878	11.1876799291931	12.4621363192683
4.86754344434155	7.07831539811411	9.30974483417782	12.8137436296994	14.0377198067345
4.81354187208899	8.51858170425544	13.3816225397429	14.5853251080571	14.4742288211503
5.06531436941231	11.728089052197	14.406597033674	17.0214382198685	15.2134045418891
4.86754344434155	9.27879571796632	12.7919160746542	13.7689765965096	13.2110589719755
4.8135419278878	10.2635572428479	12.5859080802001	14.471178670597	15.6759189876269
4.35979645820947	8.05976686880922	11.9747847096076	13.8010672435712	13.0563055604974
3.7547125590944	7.90707590800707	11.6733291932757	13.2521802887389	13.4392057075246
9.0940388148918	12.831127811367	15.099976461981	16.0273398947992	16.7237025783426
4.97407992303221	10.9068487640565	14.1916830677476	15.9292318154788	16.5101748661474
3.9854630512786	6.8736708710241	10.9347343911044	12.6498676429039	14.3872057903947
7.99958399222942	14.6433392909199	16.0881773024822	18.6123299574977	18.7282846759564
4.49940548009602	8.88619247071944	12.0870182136005	14.9337468770662	15.9406629736586
4.10531276488504	6.83979569242126	10.631472235987	14.0140143792471	16.5138358717508
5.06531436941231	8.64026336730456	11.0363604346786	12.7767393851719	14.8402758141178
6.22812166041325	8.04305238995914	12.3310177302047	14.1616259007334	11.9301283045631
3.56199160097765	5.46110264801445	8.26662687060616	10.924006553402	11.8128442651602
4.97407992303221	7.52064567167207	10.90543366597	14.9619087763085	19.8043750087296
5.25979861097272	8.23237997431613	10.8522643737673	13.8275297727339	16.5903073640796
4.81354187481497	10.7320985266152	14.7210957573846	17.1343516291158	16.9866198250327
3.82858188842843	7.0169972239687	8.66142972445715	10.1339780296115	10.6119513078392
4.97407992303022	9.56226938605198	12.0630918566611	12.9468447838117	12.704559359963
6.22812142630261	10.5879636707236	13.9653931236605	15.9464539872195	18.0267330005986
4.86754344434155	9.43405517214529	12.8433245704319	14.7510361400411	15.9383242903419
4.35979645820947	6.98193597966764	8.52561892494771	12.1225189065421	13.0046229701888
4.97407992303221	8.82695445579651	11.3990804032235	15.2719444368983	21.8255277577623
4.08925456513407	7.19565155286705	11.7682505750594	14.4814330251246	15.9155137617763
4.10127484408116	10.6953307665731	13.8244011940433	16.8125277837211	18.6615970990744
3.26659418791007	7.65033134882617	9.23432430435412	13.2208782833548	16.2673384477566
6.22812163975118	7.58810556769089	10.5021804190031	12.3583561523424	16.7034143104436
4.86754344434155	9.43405517214529	12.0656974824506	14.8903123116393	16.016244228302
4.81354178856765	7.2440498477751	12.3959647010191	13.7364833770158	16.2132072265694
4.35979645821669	10.639103365472	12.8284278177689	15.5222232961424	17.7937261769005
7.31716075820117	8.95713940777256	9.93216003142828	11.6624032994536	12.0424058504028
10.6325156491039	12.4536013677355	11.1358352010631	15.3437598569598	13.9276244757253
6.7163114425598	12.2373645041613	16.8475048562829	17.9378307761396	22.1250537116578
3.9854630512786	8.23237997431613	11.6020490928619	13.722827738674	16.1296852895981
4.02211967264964	5.43450802044742	7.38261949390608	9.87957967935336	10.8489996398846
4.07481147586856	9.56226938605198	11.2177007719322	13.3909908411004	14.2568417067992
12.1541648636367	17.5530711607213	18.0383862291607	20.3352968613098	22.1836091237838
4.86754344434155	12.2217738330182	12.5985088821585	14.8010570040072	15.0064274521338
6.15546375674143	11.2377678831594	13.9776902421739	16.8970975225318	18.9764654987276
4.97407992303044	7.92729165593624	12.5403920451488	18.4154086477173	21.5863427810667
4.02211967264964	9.40664321986554	12.95675186549	15.0801154890243	16.4417782143217
4.10531276488504	8.12489704703859	10.7811164741447	13.5402198396121	15.1465488068925
4.35979645821664	11.6528015198836	15.3169360082113	21.4687719624021	26.7300778675811
4.81354148769691	8.27640784132393	11.1935225458841	13.2847362838373	15.1081333430841
4.81354195063949	8.12945094446445	11.1935225458833	13.3915955537497	14.7424586822992
4.97407992303215	7.6208293917644	10.8324616586495	12.5989189285963	13.1694708885203
6.2460887021835	12.6862341290269	14.5641621105258	15.6681694831806	17.4357160049353
4.41364344323222	9.68198651856551	13.3891911159155	17.3114637579593	19.745957833418
8.02863852287408	14.6844118313958	17.5148834500483	19.6511345045532	22.7432834135424
4.81354107195432	11.444861175224	16.7820268337306	21.6047280048658	23.5608216121643
6.84425287419191	12.6862341290269	17.7603756942705	21.1486092958421	23.6683841380221
4.08925456513379	9.56226938605187	15.9684278157333	17.9540965174118	18.9844549579514
8.35865935678447	12.9633288285746	18.314674100756	19.3011842250102	21.224606453992
3.6197219677976	7.97594831244919	9.62506387491737	11.5350916000783	13.9426112228508
4.02211967264964	9.56226938605198	13.7870962660436	14.7111306894689	14.5626502692907
4.02211967264964	7.97594831244908	9.62506387491703	11.565100253848	13.3251645046348
5.65923533924433	11.1046852028726	14.2475658538747	15.2052779469209	14.6693452542072
6.06762429287505	8.40419247771666	11.5106537443042	13.5097667391843	14.819752959762
4.10531276488504	7.66555531465343	10.8233052525464	15.0474544600153	16.5730826071604
6.22812166208894	9.45360656477158	12.7883894630524	15.3464136774945	17.8782654695967
8.71703179612831	12.2491363006	15.1757607204553	17.253528075777	12.7861266652299
6.06762429287505	8.40419247771666	10.8448278026259	12.6468512544006	12.440444797906
4.41364344323114	8.27025607370632	11.6681210075752	13.4131573433865	13.7594818261207
4.97407992303027	9.05544975562418	13.2594625518192	15.1035549974848	17.9084407583242
5.65923533924433	8.55063116864284	11.034515510656	13.2847362838373	15.3324117419706
7.99958399220799	11.4201919928124	12.2507306210866	15.7418791562433	17.3062778035054
4.86754344434155	8.23237997431607	11.6020490928601	12.5826433055661	12.0011236585745
3.7781351745179	8.22319929457115	10.0423346660722	10.6618432186511	11.9379059064187
6.22812159345165	7.84591111607978	10.0011027419008	12.6059002711528	15.372240505839
3.82858188842846	7.97594831244908	10.5085839442877	11.7114742822034	13.1787980592632
4.08925456512969	7.19242519370653	9.47317880731214	11.0953203459503	11.8749690820466
4.35979645820976	9.70464178985316	11.25001495506	12.6066989335652	15.0817946800661
3.82858188842869	5.71919354593814	9.80909927256909	16.4585990825654	18.3336214726595
5.60492119441193	11.6419869847423	16.0218449240415	21.1154317818355	26.1834163553424
4.10531276488504	10.9391137099904	11.9146956677072	11.7494515544226	11.2332057767658
5.65923533924433	11.1046852028726	11.9968820114291	13.634556669774	15.8338512376132
4.86754344434155	9.34639666235154	11.526380013948	13.402619068956	13.7353117761534
8.71703179612831	11.5368359178595	16.0502970156305	18.0248493958297	18.9193147270219
7.27571544255886	11.5956656330447	12.7479105572417	13.4626170779325	14.252187208558
4.35979645820959	8.27640784132393	13.0054619301069	12.6358519930099	12.991041039676
4.35979645820959	9.79367297811433	17.4677378974171	19.8279192048138	20.1507729503558
3.90676822122975	6.05863291842309	8.21827678162634	9.80228482762698	11.0769559804757
9.46454584496831	12.6234557011509	14.4389191283104	16.3354609647557	14.3622811070617
4.10531276488501	7.19655119622166	9.76344601586374	11.170032966491	12.5238305632536
4.97407992303124	6.70173033439113	9.79563307333274	10.5452007025366	11.8810997894936
6.68660703226448	11.6452536044734	15.8925362673294	20.4669278896765	22.6988830457853
4.1053127648851	8.67510878503174	11.229986806257	16.0599761140102	19.6717200370076
4.97407992303152	7.53181665167449	10.4678905202499	11.0238385373913	11.7375328387386
4.07481147583349	6.70173033439107	9.40058479353615	10.4698790812012	11.8942144713213
4.81354204527531	7.53181665167415	11.1935225458837	13.4135648847299	13.9333866011439
4.81354209000278	9.87018578450102	13.845067031835	14.5258404310008	15.2127839740682
3.86052588928064	7.19242519370653	10.1738715272181	11.9671677407031	14.4313343603365
4.08925456513333	8.04305238995909	11.6733291932762	11.5648216074284	12.3829096493944
4.3597964582097	8.31547585332095	10.257684658181	14.0206542331686	14.8191511104208
10.6325156491037	14.1099596863178	14.9840415952505	13.909466944219	15.3340955574664
4.81354197865585	9.78391166914002	12.4412350600813	14.1087647550571	14.9725944706353
4.52264930842534	10.7881930612288	13.3467491767614	14.0348161300404	16.0091430416034
4.35979645820959	6.98193597966764	9.88448411494136	14.5528945846723	16.0162442283108
6.2460887021835	12.349302707567	16.2104531743563	18.2559702673132	20.0040553597246
3.86052588928061	5.92697715306821	7.79349360119039	9.29782549936505	10.2316831535853
4.81354163671267	11.1777572234467	12.8992628419347	14.0283065083887	13.5286087607827
4.35979645820959	7.60236214398753	11.2812566248244	10.2749518799105	11.9436109293061
9.0940388148918	11.7243272766952	12.6589022912432	13.1283287193008	13.5695624460079
8.02863870847762	12.27893123159	17.5211792352932	20.5763531776838	20.3025876525391
6.06762429287505	9.05544975562424	14.7934571699572	16.7216323599343	17.0211687446625
3.75471255909434	7.90707590800685	11.6370051350302	13.5466218344764	14.3243549205367
8.3586593567847	11.1449522907578	13.8007277650057	16.6598353955306	17.6660608891139
3.86052588928061	8.27025607370632	9.79222371900062	11.9498216390649	13.3345229544253
4.10127484408116	7.15686311556794	11.2698705105044	13.4021231643148	15.5730681705996
6.22812166110862	9.59983136470373	12.2357963738332	13.166410972707	12.1415037095165
4.35979645820947	6.98193597966758	8.73449930951227	10.5642870801673	13.34207974681
4.08925456513356	7.97594831244913	9.6250638749176	10.1933837056897	11.0496004360789
6.06762429287505	10.9396786351463	13.3019562139282	15.1564239715551	17.0999959873313
4.52264930842534	7.38125086962856	8.96894358675951	11.3380055978045	13.6943532441921
4.41364344323171	7.3853023616569	9.10497530547474	10.8688941352667	12.7065232401645
4.07481147583098	7.59255961711568	11.0931846495033	16.1495976168841	18.3983354486564
10.6325156491039	15.354914674519	17.3556169662724	18.3916095229454	19.4419486954679
4.02211967264964	9.56226938605198	12.0630918566611	14.4167961021506	16.7432515125114
5.60492119441193	8.61456374581212	11.5778957608215	15.2104291330639	16.6737238455166
4.02211967264964	9.79367297811444	11.2034570845746	11.834499815252	12.6017053250512
4.41364344323239	7.3853023616573	8.46195314447846	9.98071926686333	10.9356538108762
4.35979645820953	8.24460395417572	11.6681210075735	12.9468283887081	12.4156407104354
4.02211967264964	8.23166287187269	11.763878494829	16.0497268013866	17.903898096085
6.68660703226448	9.10355843325971	11.6768587919806	13.532326916555	11.5955657308745
4.81354209736554	8.99518750703396	12.4594047687904	13.3850564639419	14.355710059437
3.6197219677976	7.16519463716196	10.3014377029588	14.1663640450149	15.1704991297262
4.10531276488507	7.66555531465343	11.1745431412101	14.4759557429462	16.0138014443878
6.84425287419191	13.44833492756	15.3660587365598	16.3607367254248	17.3528711947333
9.97010951409652	9.66717085177305	11.6184920176874	12.3536725469348	14.490777942674
3.82858188842843	6.36598880522882	10.3684102788375	15.2689606505939	17.6832526016372
5.65923533924433	10.1122613388638	12.7372035457968	14.6122916464002	16.5791340731455
4.35979645820953	8.82695445579657	11.8434230986964	16.2695532277736	21.4284514493722
4.97407992303147	10.182614973018	13.3910169821119	16.2370260296744	18.7165030644288
7.99958399221032	10.4930070401851	12.0656974824506	15.0334403387665	18.0145383542335
4.81354209289128	10.3258313507669	12.8494039843476	16.0759334938699	17.7744899658347
9.4645458449682	11.4965650619876	12.8972674882527	15.5979021144387	18.3822216354903
4.86754344434155	11.444861175224	13.2860649682166	12.9972324959662	12.774792621392
8.35865935678447	11.9153886107898	16.9488731289036	19.1052195683234	21.3567690500837
4.35979645820964	9.78391166914002	15.2370613387324	16.8524778179776	18.4184626547699
4.08925456513379	7.19565155285972	10.8141210440916	13.3909908411005	13.11098982494
4.35979645820947	8.11805574647082	9.52698767503222	11.4909284326033	13.4817810091103
4.3597964582097	7.60236214398873	11.9747847096093	12.4300506080389	14.3452540984172
3.72522102536396	8.12945094446457	11.1732660762453	13.2776140078676	19.5691097362227
4.08925456513367	8.14350407955374	9.92641097807598	10.878015677131	11.649548731105
3.6197219677976	6.92637414166012	9.97450595363887	13.394947552569	16.8691943895808
4.813541642328	11.1777572234468	14.1351245879518	18.4563073024816	20.673130867619
3.9854630512786	7.65033134882617	9.09549635301516	10.7653665669278	12.1023465571123
4.81354144956242	8.5185817042555	13.3816225397429	16.32722687467	18.8069624117064
4.52264930842534	7.3853023616569	10.1705866875168	12.1552345188145	13.2120399814817
10.3451351860643	17.9011336591165	20.7015560989032	23.7057548924239	26.6053310423551
4.02211967264964	8.23237997431613	12.5127987829312	15.2984887688255	18.0957441271889
4.35979645821669	9.23269242075662	13.6517296751761	17.2698082297168	17.9152990114073
5.65923533924433	9.52175637032474	10.5138084272236	11.6636844725234	12.9939658265341
4.52264930842534	8.89024361517642	11.2643660470118	14.236226631787	16.0765369042836
6.2460887021835	8.07945423502298	12.9392943301002	13.6833456181888	14.3028951519107
4.08925456513367	10.639103365472	12.424026823373	12.159486565446	11.8272880629027
3.20404346061625	6.22692962620113	9.31888318158042	10.3600993287241	11.5935641255912
4.35979645820959	8.12945094446439	11.1732660762433	15.7284437216465	19.6726080936676
3.77813517453626	8.23237997431613	11.5329380501846	13.7912872816775	15.7290534593275
6.06762429287505	7.52421370292348	9.8432154337512	11.5034021283681	12.3688314266434
4.10531276488504	7.41444061674326	11.5139334214898	13.6667824453157	15.1978629830618
4.10531276488507	9.07728405188692	16.9441222685185	17.4018855370932	16.7051284830101
3.86052588928064	9.0468659328385	11.8028207022455	13.9179066694305	15.3090455532221
4.07481147582419	8.05976686880922	12.1359335768009	14.0179404880764	13.5096887042603
5.60492119441193	9.12701954702976	10.7602209417197	14.9627991340129	16.9910288488544
7.50460959283066	10.8172573692332	13.1585872550089	13.5914761006088	12.686146382255
4.3597964582097	8.23237997431607	11.602049092862	13.2119326698511	15.0939600839154
3.36441116053726	7.72178518436067	11.4367705923815	14.1015216264775	15.9988261297772
4.86754344434155	9.6819865185654	16.8130275107101	18.4514185614987	19.7142713338919
4.35979645820964	8.24460395417572	15.3547638944262	17.6179423254334	19.5833095848803
8.02863877331259	11.6198281048053	14.4226053305008	16.518141820059	19.9837218221044
4.35979645821664	7.53301533800322	10.4542702893091	12.2077815988608	12.3172212278728
6.08618037875345	10.6362221268589	13.1516428939913	14.2232608458797	14.9371248208457
6.68660703226448	10.992394189329	13.7552353154731	15.7317055862281	16.7614242441336
8.71703179612831	11.9675045945361	11.5507827115032	11.0270553190417	12.0027653618952
4.07481147585221	7.45511211517828	12.3196676819164	14.3945021595636	15.8014434227172
4.86754344434155	10.7881930612289	13.3467491767615	16.1212268862314	15.898355924757
4.10531276488504	8.09630829061405	12.2933121587766	15.6014287019059	16.8908625185788
4.41364344323222	6.61529304969611	9.87667747796121	13.4090308343673	14.8197529597621
4.81354170969735	9.70464178985321	13.1674337401406	18.7700652221246	19.0556649216375
3.86052588928058	7.62539662745007	10.8324616585691	13.8422129339039	18.8201649858401
7.95866514797677	12.268005415239	14.1719842404895	14.2671293885829	14.5509375056823
4.81354201906981	8.5185817042555	11.9966446125288	13.0955715494447	11.4668970234619
8.71703179612831	15.5388963993582	21.4812374560195	24.1973213739417	25.5449986771713
8.35865935678538	10.8301463376761	11.3268378761761	10.6273446225903	10.7079666102784
10.6325156491039	17.0480252513007	17.6684906632617	23.9734604925908	26.3058103116491
6.7163114425598	8.82186790721505	10.4407120878724	11.2896168462368	11.9180749031379
3.82858188842843	7.97594831244965	10.8233052525464	12.6229908730702	12.5067222944895
6.7163114425598	10.9068487640566	14.5588810731559	18.1724161202178	22.4818236442205
4.08925456512623	10.7320985266152	12.0477766875605	18.1890844667923	14.9123475458196
4.41364344323227	11.6528015198836	17.2402920652278	22.3461535249405	22.1899008624539
4.02211967264964	7.15686311556794	10.6046978267391	13.3455172199937	14.7864080894154
3.82858188842889	8.06410252932449	10.5408794732809	13.9575558318973	15.5388251899468
7.50462310355653	9.84971454563708	9.88941138741029	11.2734191060343	12.4442904962489
6.15546375674143	8.38449133422324	10.8118278566141	12.5441610135548	12.8978210184389
11.1493421094453	17.8689328783619	18.1846539255219	21.438670654246	17.6265314055594
9.4645458449682	10.2886566667891	8.87616534880482	9.77250650022393	10.5476307696139
3.86052588928064	7.2440498477751	12.3834658976455	13.4208488742006	13.9426112228475
6.7163114425598	10.599100181293	13.2102705945913	15.7764649132094	18.4337741444102
4.81354191864739	7.53181665156228	10.3100164283436	11.1862535812633	13.2639646916164
4.52264930842534	10.1122613388638	13.2864896089992	16.1716132416582	18.2242855350261
3.86052588928061	9.70464178985316	12.4878808126438	12.8803853055623	13.8763848207136
4.41364344323267	8.12945094446445	12.5339231779731	15.3160155610068	17.7088496256979
11.1493421094453	17.8689328783619	18.4567709750982	19.5137020267711	19.1420469266227
4.81354198462475	11.1777572234467	13.9027647905836	15.6681694831806	16.5073497820925
6.22812162049473	11.7991795889142	14.7620978392767	16.1955690742338	17.8921064380814
8.02863876011429	14.6844118313958	16.6682346156518	16.6465603997941	18.7674991417163
4.02211967264964	9.56226938605198	12.0630918566611	12.9468447838117	12.8614995310169
3.82858188842869	10.3258313507636	12.5874097622785	15.5979021144394	16.9768079899562
6.08618037875345	10.314029718124	14.1113924204315	16.3263397660302	17.4225359554151
6.22812156014197	8.12945094446445	11.7842843827669	15.419007425226	18.0752358709296
5.25979861097272	11.5256465783656	14.584128070816	17.9336067189858	18.8999302873832
4.08925456513373	9.70464178985321	14.4533172981803	16.8740327006141	19.4488002857371
6.06762429287505	10.8981428961681	12.7224239348367	14.6320752409324	14.6926120999241
6.2460887021835	8.07945423502298	12.3491453878692	13.3473718971711	15.6665343177825
4.52264930842534	7.97594831244913	8.36610680197612	9.1915533266648	9.21985058642429
9.97010951409652	16.0579191119449	12.2592574469063	11.2575894912197	10.1366881213835
4.08925456513384	8.04305238995909	13.6303117759746	16.5851917297329	17.6656922590541
7.50462224784053	10.9068487640565	16.6238460151539	17.773431417102	18.5670161333404
4.81354191321179	7.66112119233469	11.822584702635	13.6811242533302	14.6499394098578
6.06762429287505	8.41849081017511	10.1081979746051	10.7929999261034	11.0678116167592
4.52264930842534	8.22319929457109	10.6044648727349	12.3049629137398	14.0047446560405
4.10531276488507	7.97594831244908	11.1923993453362	13.9549804859162	17.7828194993659
4.35979645820953	7.15686311556811	11.6131246633953	14.2270331513043	19.2639135255971
6.22812136211559	9.45360656478363	12.7883894630523	11.5252935733947	10.0476407897472
4.81354204887776	8.67510878503168	11.076890609308	13.947213387292	14.6805438236148
4.08925456513379	11.2486241055154	14.5841280708161	18.1627046691806	20.9753569548277
4.52264930842534	7.38530236165673	9.52572589610031	10.69707207283	11.8625524867388
3.86052588928061	7.31918116621694	9.843266167823	12.8250928426131	14.1228319413405
3.56199160097771	7.66555531465343	10.2741382744164	14.3596354605539	19.0853400375643
4.35979645820947	6.98193597966758	10.5561054937241	14.4705993783797	16.1020458264115
4.35979645820959	7.77187964643338	13.3928280979393	18.3545062932396	20.1474035313794
4.35979645820959	7.15686311556806	10.6190818493446	11.7432095188533	13.5975983850229
7.31716075820117	12.3299490846009	14.7660659968433	18.0380530262581	21.0730792030901
7.53730659356762	10.639103365472	15.1039055142236	18.9004080608024	21.2971265429067
6.22812166150322	9.45360656479266	12.7883894630523	14.7258135703703	16.5572173588242
4.86754344434155	11.2486241041839	13.8262767732663	15.7804219317613	16.7934751760289
3.82858188842837	7.10804429653007	12.4446268687467	17.1780244515884	18.8520017721893
4.41364344323216	10.3120781833407	12.0080273971928	13.5540658126141	14.1129891733633
4.07481147585321	7.73559069362176	13.5612349647635	15.6737964172985	17.3550754112007
4.86754344434155	7.38125086962856	10.1738715272181	11.874345408013	13.5849883412559
3.18922078124257	5.08453789640777	6.99080892311292	9.7815024023659	11.0678116167592
3.9854630512786	10.182614973018	11.9564679012555	13.8336061087876	15.438393030796
9.0940388148918	12.8311278113671	15.0999764619811	16.0273398948065	12.4333022056352
8.02863863844624	12.27893123159	12.7369238175762	12.5674188835475	12.5378089480359
5.06531436941231	10.1619443220765	12.7198251547787	15.4614915904349	17.5385091218857
4.81354192444877	8.05976686880922	12.8280354762747	17.533377953013	20.5560162790418
4.02211967264964	8.09630829061405	10.9886077422174	13.9673977680395	15.8858338130539
4.35979645820953	10.2635572428483	12.4625227226309	15.0295407566882	15.9267615061699
4.35979645820953	10.639103365472	12.4240268233729	12.7351249005546	13.6536091356478
7.95866514797677	11.412690951871	13.1827553407459	14.1032201707297	16.3845904921479
5.60492119441193	11.6419869847423	18.9961541632339	26.5166995548667	33.792175703559
4.41364344323165	6.43438669205665	9.88448411494198	11.0757641807685	12.3993480920398
5.25979861097272	8.12945094446445	11.1732660762451	13.3915955537498	14.742458682303
8.02863846506273	10.4552843657686	10.7858342016156	12.5485705818427	14.3947253479757
4.35979645820964	7.60236214398759	13.708113252841	15.8134672181751	16.3512368048424
4.35979645820964	8.04305238995914	11.4509300000312	13.0529311538708	13.9861500658753
6.06762429287505	11.7497091991301	14.5679544772569	16.5615819866012	17.626706360405
4.81354164938062	9.70464178985321	11.6188544786906	12.7213552877836	15.7832236380851
4.81354171317452	7.11833914963535	10.5021804190022	13.0952627072413	16.6532719379912
4.86754344434155	9.70464178985327	11.6188544786904	11.8132228295796	13.9295872897191
6.84425287419191	9.22390296091817	11.9966446125288	14.4461466699299	17.0791599607065
9.04165400012329	14.1541500405005	16.0476592439407	17.6179423254334	18.7431394488724
4.81354183002549	7.65033134882623	10.9347343911044	14.47059937838	19.5029408190015
4.52264930842534	8.88619247071944	14.507027708499	17.0656594178731	19.0357499829693
3.77813517452364	7.41444061674326	11.100953990364	13.8009357665348	16.4872019126018
4.49940548009602	8.31547585332095	10.5561054937244	11.5347595032841	13.2489752693484
4.97407992303101	11.967504594536	14.1370913138134	14.9646635104118	14.626112118892
4.02211967264964	8.47246382759033	10.8788579472791	13.8634317696884	15.839204241779
3.56199160097771	9.13974092376355	10.7832934804218	12.517693950842	13.4270144520819
6.7163114425598	13.0727538681836	16.5755725567078	17.603315643784	17.7396861394576
4.08925456513361	7.90707590800707	11.6733291932757	13.2521802887388	11.0782312202505
4.41364344323199	7.38530236165735	9.97031861902491	10.1334200248455	11.7983230824154
4.0892545651335	8.05976686880922	10.9674591296865	12.4517253171002	12.6944265546796
4.81354169084	7.65033134882623	8.01170760394899	9.8688659103903	13.7248348312772
3.36441116053732	6.2461164288739	9.3581355414733	12.0144631872504	13.4003936647771
6.15546375674143	11.1449522907578	14.2939861359293	16.0192254292674	17.0335020251679
6.06762429287505	8.61456374581206	12.0967942020002	18.5019502553499	22.193037741095
7.99958399222152	12.4552343169108	15.2854147279438	17.2855013685048	19.3226016046877
4.8135419678797	11.1777572234467	12.8992628419347	12.7213552877836	13.261022941515
4.86754344434155	10.639103365472	13.3448367971638	15.0340046924489	20.8884615055209
10.7441500874024	13.9190192041659	13.76474818294	12.6345087313216	14.851259529636
3.56199160097776	7.97594831244965	11.6841103622331	14.6274093362643	16.7782359029951
5.60492119441193	12.7321450802109	20.6598157190226	24.0919273550639	25.5291824488845
4.02211967264964	7.97594831244913	9.62506387491777	10.4086679426865	11.7429430115386
12.1541647534941	18.0392362117067	18.9802961526395	20.0235149303825	19.9539551198042
4.41364344323256	11.444861175224	11.6294382934068	11.671669829543	11.4920992973555
8.35865935678441	10.3258313507704	12.2639390390067	13.9907377296363	16.0777670364378
4.81354203799947	9.85812648768842	13.3748413358814	16.041499295401	18.0605455823506
4.41364344323182	9.70464178985316	14.7457790090868	19.6901787223885	19.0966577493649
4.52264930842534	7.97594831244913	9.62506387491754	11.2116194981459	10.9715284273901
4.86754344434155	8.03389512063291	11.5648683435597	14.5078311331358	13.9905523469171
6.22812163705947	9.6407241907973	13.8652175877796	16.4999879777339	20.2847681612213
8.71703179612831	11.2593771459682	12.3169971383317	11.7969201731993	13.2960289329806
3.4428293447624	6.81227081093988	8.3572331481808	8.05916020100631	8.61061652362469
3.36441116053697	7.19242519370709	10.1738715272179	12.6059002711526	15.5524718094915
3.86052588928055	5.85022571671931	9.68949961319663	11.9560412710031	13.6958555372291
4.86754344434155	9.43405517214529	14.0527170764721	16.0355921335202	17.0682475906981
4.97407992303221	8.93197012983211	12.3820127536677	14.7966983305893	16.6363154444966
9.0940388148918	11.7243272766951	12.5842553919731	12.6168708034638	15.0567003276708
4.49940548009602	8.43244798951673	13.1282589721205	15.8768804193304	18.805170672735
8.02863860810498	11.6198281048053	13.7984445545102	15.1615323343261	17.1992916389213
4.10531276488507	9.13974092376355	13.0385822481231	15.4771593946064	17.4824697302892
6.2460887021835	8.78064220132217	11.2825737339492	14.0127774986149	15.3606088362183
5.25979861097272	9.28800397577561	10.4889165735304	11.6440265079976	13.0604138609716
4.10127484408116	9.85812648768842	15.1836287899922	17.1898415954884	19.2871720947227
4.52264930842534	9.68198651856545	15.8495624307825	20.569187501005	22.6331571350307
4.41364344323244	11.444861175224	14.1510155786223	13.3980096906853	11.5250172194018
4.35979645820947	7.60236214398748	11.2812566248243	12.2878598031254	14.4590271761946
4.52264930842534	6.65481462093351	8.96894358675951	10.6437370711472	12.4043098210549
3.86052588928061	11.3355016738872	14.1646515832108	17.3904876651546	19.0436231431053
3.72522102536396	8.05976686880922	10.9674591296866	14.5442870048448	16.158085359239
4.08925456513379	8.04305238995903	14.9084259681478	17.9038756011526	20.0281380306235
6.2281215121584	12.2438424119389	17.051868736772	19.8293647958038	22.6065143469935
4.35979645820947	7.60236214398753	11.9747847096076	14.2702748823215	16.8734631550759
7.50460959283714	10.639103365472	13.3448367971638	13.8882403969611	13.6999172448446
4.52264930842534	10.1122613388638	11.9675720146794	12.8851336513574	13.5601734143947
4.07481147584699	6.21680773934003	9.73656937320737	10.7187906889356	11.5474014108358
4.35979645820959	6.58389725050705	6.57822705099267	6.51635771899197	8.27719646982223
4.52264930842534	10.4559336377987	13.1103714121969	14.9935793696922	15.9707431032574
6.06762429287505	7.61925051110114	11.8333780281834	14.6286469927977	16.4642687713974
7.50462340755973	10.8172573692332	13.9653931236605	16.4290531819519	19.1867884497093
6.22812153020948	9.45360656477158	12.0206805434207	13.1854487304465	17.1513311645979
4.35979645820942	10.2635572428481	15.6051995792308	16.868740558833	15.7186865784985
3.86052588928064	10.3258313507705	15.4273220759849	19.212640602373	23.6471019976711
4.08925456513276	7.19242519370653	9.25707773366173	10.6627798879426	12.3446005790954
6.68660703226448	10.7875931355501	15.4757736150534	18.1167083634372	21.056962859387
3.56199160097771	7.39226130329871	9.70389732858132	11.8091581895105	13.2903127269165
6.2460887021835	10.639103365472	14.7511738126236	17.3411396774604	18.9502958079186
9.0940388148918	9.56296257801193	11.3068655760279	13.7151027940967	16.9422409140347
4.81354121328695	11.1777572234467	13.9027647905836	15.6681694831806	16.5073497820927
3.9854630512786	8.23237997431607	12.2791900624021	15.0644029700256	18.4190875184837
3.7547125590944	9.70464178985321	13.1674337401405	16.5152277990189	18.8019163412254
5.06531436941231	8.64026336730456	11.2026361951979	13.03161873468	14.8967275770515
4.08925456513049	7.62539662745007	8.49509843576141	9.63346917726216	10.2883875538511
4.35979645820959	7.60236214398759	11.2812566248244	14.50190073025	16.6391543238627
4.02211967264964	6.32203126542674	9.11836987701753	10.6628519746452	13.2491310724715
13.7377000585758	17.0887489639697	18.2928426856431	19.7685209029497	21.6258725216521
6.2460887021835	10.1753583684211	12.8288228577553	14.2337116294782	14.7950726140353
4.3597964582097	7.0169972239687	10.2460746918836	12.2592933573898	13.4406923758401
4.81354200313746	7.53181665156251	12.83590116447	15.7110677264657	18.6821048526864
4.02211967264964	8.82353597255957	12.9474821550046	15.6930699612698	17.7442596105752
6.7163114425598	9.00701286214195	11.9747847096076	13.8010672435696	14.2867833167167
4.10127484408116	7.97594831244908	10.5085839442877	12.1436283844729	12.8518792761028
9.09403881489175	13.140333259433	16.8130275107101	19.5194339428189	22.5357695708394
4.35979645820964	10.3258313507685	11.5851454486611	12.9233220018288	13.4461098110976
6.68660703226448	14.2156299643681	16.9588748352356	19.1396369314211	20.2731768484574
7.99958399220901	13.4842658456158	15.0647439299985	16.5851917297373	19.0329407279821
5.60492119441193	9.28416629436509	11.7780069663694	13.5531098063474	14.4758086345797
3.77813517451574	8.75941759445357	10.0625389490132	13.6533754352594	16.7454522809486
10.7441500874026	14.0191009490228	16.0073273637293	16.8482488277959	17.5768710924556
4.86754344434155	8.63603170086583	11.5053211128997	12.07848100681	13.6801031623161
4.30446959248758	10.0370177065728	13.6303117759751	16.0807174656886	17.6041472612172
11.1493421094454	11.8378693531206	12.7501678462799	15.8232693105941	19.7676931788763
6.22812166055274	7.11833914963535	10.2942854263415	12.2432045099301	11.8846503169947
4.35979645820953	11.6528015198835	12.9253171789467	14.8041293825161	15.7488548752347
4.97407992303221	8.51858170425544	11.6733291932757	13.7910570209154	14.8134610452744
6.22812157872545	7.99051180597951	9.48887554299637	10.7099694215368	11.5911486219755
3.9854630512786	6.54972688663713	8.06492803448305	8.86799058099876	9.94068564778735
4.81354196042815	11.1777572234468	11.8028207022455	13.9179066694323	13.8406381499023
4.35979645820959	6.76736231310821	10.9347343911045	14.2475823650292	15.9527482298407
3.90676822122975	9.55622271301866	12.2601003463393	13.0088708368468	13.7086363612287
3.63343397412578	6.4947766032256	10.0506611091081	14.8297233836769	19.138491922278
4.02211967264964	10.3258313507719	14.2486883838804	18.5438541385466	22.7082733192198
3.86052588928058	7.58810556769089	11.6617642437812	14.3862244643012	16.3145328313134
4.81354201064846	8.04305238995909	13.6303117759729	16.0807174656886	16.9414072544713
4.30446959248758	7.97594831244913	10.5085839442877	13.3739191257704	14.874312219117
6.84425287419191	10.2447386235374	13.0910884880585	15.0292645409967	17.0721852464409
5.25979861097272	10.639103365472	12.8003307938758	13.9351361700617	15.8642767519791
3.8285818884284	9.70464178985321	13.1674337401405	16.5152277990256	18.8019163412313
3.86052588928058	7.66555531465343	9.60557230453935	14.3198640852094	15.3427836066861
3.77813517454956	7.41444061674326	10.0423346660722	10.924006553402	11.8128442651598
5.55666777382987	12.4679848304116	16.416110167214	20.913233986396	21.6745733938104
3.77813517453706	6.58389725050682	10.9347343911045	10.8589125863575	12.020025983165
4.07481147584812	6.21680773934344	9.09549635301516	9.12776772681241	12.190090189674
4.10531276488504	9.56226938605198	10.212504784003	11.8879883670737	13.9145142645127
4.02211967264964	8.09630829061405	10.4738304703456	13.2687887761385	15.0253410593817
3.56199160097765	8.61456374581206	10.1806603410949	10.6273446225903	10.3198947817642
9.97010951409646	14.4843612004804	15.8689102965911	16.8661378359016	16.8456248153686
6.84425287419191	10.878074504327	11.7684611931977	14.5761292137776	16.2201852387676
2.55435834272708	5.08387551165947	7.10346668192273	9.15783164123951	9.85215855590258
5.60492119441193	7.77120007560336	8.42395012935197	10.0676781120678	10.8133571145522
3.72522102536396	8.12945094446439	10.7021716835166	14.7348898691652	15.2003119376194
4.81354190514787	8.05976686880922	10.9674591296865	14.5442870048445	16.9169893494822
4.35979645821669	11.6528015198836	14.7770215282476	15.7974310406825	15.1412757187257
3.1892207812426	5.02734801782691	7.56240643908251	8.33835126260016	8.78414620751659
7.45310330066729	10.639103365472	13.3448367971639	15.9002666800211	17.1336611311659
4.81354138678284	8.5185817042539	14.0824378306244	12.6417400816711	12.2617453602336
5.06531436941231	11.6528015198835	17.2402920652277	20.0386742822911	23.281031572785
4.35979645820953	8.23237997431607	12.2791900624021	15.7974310406826	13.8293996995612
9.97010951409658	14.4843612004805	15.8689102965912	18.8942880373606	21.0228676597123
4.86754344434155	7.65033134882623	11.7354210853301	14.4977462063192	16.4628074566165
4.41364344323244	8.93372368825584	12.7863983787799	13.5512213449768	12.8134476214009
4.35979645820964	8.82695445579657	13.1764345142219	15.0921293329474	17.0913128313238
4.97407992303084	9.05544975562418	10.9605559702474	11.8278212158634	14.0620734528886
3.75471255909446	9.70464178985321	13.1674337401405	16.0416050459096	17.3829277653049
7.9995839922201	10.5216311631779	11.9903127522304	14.5774222260364	15.9984294045729
4.10531276488504	6.8989004440154	9.83801161855939	14.2216325159877	15.8799905960767
10.762326358202	12.8646293424672	15.1793318233231	16.3101839255155	16.8351500718942
3.82858188842866	8.40966273329065	12.4700815555379	14.3054581922295	16.2418211141784
9.46454584496826	8.09630829061399	8.65370527243596	9.06149775847109	10.4186408762951
3.77813517450295	9.7936729781145	12.9969588940212	15.1917620073975	15.1574630352426
4.08925456513384	6.71377678593257	8.34543270847513	10.5338360532298	12.2396053598841
8.02863876577362	12.2789312315896	13.3654954040887	15.4867215288772	18.8660088149164
4.35979645820959	7.60236214398861	13.7913892976721	14.801650934112	16.3515468664226
4.07481147582845	10.7320985266152	14.7210957573919	17.1343516291268	19.572816826928
3.7547125590944	6.58389725050705	7.19341957482129	9.16667998722596	8.76277298559569
4.08925456513361	10.7881930612288	12.2506753119786	12.5386609187568	14.0484772455002
4.52264930842534	6.6372868440302	9.40856594311703	12.8178948858945	14.2159579914168
4.81354204861526	9.40664321986554	13.7582862372066	15.7616018898235	17.2850764066227
5.60492119441193	10.639103365472	14.065541986456	17.3752304891721	18.4228805972281
4.97407992303215	8.2446039541752	11.6681210072924	13.8217518721001	13.5841190187336
5.06531436941231	8.51858170425544	11.2959772369832	12.0016839368107	15.1676138180629
5.06531436941231	11.6528015198836	14.7770215282476	15.7342104737623	13.6134908451475
4.02211967264964	9.56226938605198	14.6650508332617	16.5639475000303	18.5430764726673
4.81354198704094	7.90707590800673	12.366238910362	15.5896579511916	18.6300235694417
7.99958399220912	13.4842658456158	16.5265819563381	14.6521532691952	14.1333608044437
4.52264930842534	6.56840997042229	9.09721902366567	10.5586851319543	12.0965436679909
6.15546375674143	7.739577347428	9.51873239356303	11.2747086082236	11.8272880629032
4.02211967264964	7.0169972239687	10.2460746918836	15.2770343022173	16.6350935197764
3.15527295934822	5.85901806611042	8.76870623041719	10.8157052330685	13.5287145393741
3.63343397412581	6.9350116902541	11.8226115885149	14.5774222260363	20.0091137429338
4.81354107302184	8.32153045434973	12.5973846029239	15.1948631592019	19.2425113837866
3.40684201412307	8.06410252932454	10.9081184057615	14.8412482291191	17.1257729042286
6.22812166202181	9.23269242075719	16.1946078111422	23.2462085612186	25.3455034146197
5.65923533924433	9.70464178985321	11.6188544786901	13.2050903206825	16.1196420811592
4.10127484408116	6.58024677115196	9.90263103144008	13.0045185178635	14.2867833167167
4.81354209306323	8.315475853321	10.7858342016157	13.4477066667576	15.3349353958665
4.10531276488504	6.62281203207431	8.93143445201349	11.9830657738717	12.5400479646854
4.81354149096211	10.4559336377987	14.9384014161311	16.9035121234311	16.8803118998768
4.81354166990332	6.83979569242126	9.36980793217634	12.9917544317055	16.8648447982503
4.52264930842534	9.66717085177305	14.9571956856589	17.922010234603	18.907425139349
4.10531276488504	6.58389725050677	9.09721902366567	9.42689756842356	6.87334653262803
3.3644111605372	7.19242519370653	10.173871527218	11.874345408013	14.1124530251649
7.27571544255886	9.45360656477152	12.7883894630523	14.8028327828317	16.0722169246308
3.20404346061625	5.66151105383875	9.09721902366573	11.9071365833339	15.7054126619443
6.84425287419191	11.1777572234467	14.9141004535351	17.6952418918859	18.0909489740453
4.08925456513293	7.97594831244908	10.5085839442876	11.9775760096423	11.5689644167984
5.06531436941231	9.70464178985321	14.4533172981802	14.6621206391749	16.1514512009109
4.08925456513379	10.639103365472	15.6469446734637	20.5152921107904	23.4846484963699
4.41364344323262	7.99051180597945	12.970795487642	15.4589280355341	17.4684984097628
3.63343397412578	5.60065087615442	8.11875257624166	10.4698790812007	11.6988318039316
10.3451351860643	15.221069552148	14.0412738072015	15.8367947729625	17.3298777611107
9.0416540001234	11.4502581565374	12.3109042763512	15.8232693105941	17.6763006461061
4.35979645820942	6.98193597966758	9.52698767503216	9.81528283074692	12.5734252895622
4.81354183508597	8.12945094446439	11.173266076245	13.4572586897502	14.9741212585354
4.49940548009602	7.8547856437458	9.46287932937832	10.8933143839909	10.6497032001704
9.0940388148918	9.98293452782127	12.0630918566611	14.7480016450031	16.647756808993
6.06762429287505	11.9859194081357	12.8792637361519	13.4766965058113	14.3685300881637
4.10127484408116	10.639103365472	15.6469446734636	18.5813267137418	21.0014727243348
4.8135419441698	7.41444061674321	10.1876995758257	12.7293783711148	13.6301121441909
5.06531436941231	11.1777572234468	14.914100453528	17.6767729003828	18.7387972173825
6.06762429287505	10.2475449257294	12.0232937008959	13.1650197057255	14.6249143572641
5.06531436941231	10.9391137099904	14.3516164496652	17.2312916961552	19.3275230456146
8.3586593567847	12.9633288285737	18.314674100756	21.2692976026414	24.3045381874126
4.3597964582097	7.60236214398765	11.9747847096085	13.8010672435703	14.014133741188
10.3451351860643	14.8557993881792	18.6968554043403	23.3990351235268	27.1026270350142
4.52264930842534	8.12576922405123	11.2392229673228	13.8275297727339	15.5131865684237
4.08925456513259	7.19565155285989	11.5648683435604	12.3753145920537	14.2732733958253
10.3451351860643	16.8462543657115	17.4317742298627	15.4553286183366	17.378381021073
8.35865935678345	10.8301463376762	11.3268378761761	12.6168708034648	12.4417669931079
7.50462239959995	11.2519315628822	14.8742425462199	16.3019836703292	18.5286313631119
3.63343397412561	5.7823109550618	10.5021804190023	12.3583561523424	12.9010377523546
4.10531276488507	9.70464178985321	13.1674337401405	16.5152277990201	18.8019163412314
8.71703179612831	12.2404635607527	14.9255524032654	16.9153831342672	17.5859453766633
9.46454584496826	10.6015314111498	13.285222020374	14.9174677205452	15.9088666977598
14.3486976697153	14.0800978373501	15.128004627902	16.0431568389879	15.5986363658304
8.71703179612831	17.0864071959294	19.1674018643726	21.3312189976314	22.4489080004477
7.31716075820117	12.4020267707704	14.3078773187288	16.3011883839106	17.3369652066709
5.65923533924433	13.1913059050466	16.0218449240415	16.825471267585	15.5260818933255
3.86052588928058	8.06410252932454	10.5408794732828	15.0575899210742	17.4259871318966
4.49940548009602	9.13746039358534	12.2295091180234	13.1481715440397	12.7891730034941
7.99958399222646	14.6433392909203	17.3453329750673	18.9009258136967	23.0122552998147
4.97407992303221	10.9068487640565	14.8897054887101	18.1618137227366	20.9715162296795
4.97407992303152	8.82695445579657	14.0824670067412	17.035425893449	20.1747438799256
4.10531276488504	8.45924728432647	12.8359857693023	14.3472040180625	15.5218771701421
6.22812164737809	7.84591111607978	10.0011027418986	10.2108742666227	11.4094608814632
4.81354172148968	8.5185817042555	13.3816225397429	15.6600577988751	15.2962869184075
3.77813517452057	6.58389725050677	10.9347343911044	12.6498676429039	12.9656665375758
4.10531276488507	8.12945094446445	12.3196676819164	16.1694595810147	18.123998212431
3.40684201412304	7.65033134882657	10.0913463747827	11.191315369783	11.9906361753449
4.49940548009602	8.16761576092983	10.049290589277	15.2864055389143	18.5994196365226
3.82858188842843	9.1397409237635	12.4067501499877	15.0912399540599	18.5089748941144
4.81354205558961	6.10734739262023	8.06959993220778	10.8058350663475	13.7782650767407
4.02211967264964	7.16519463716196	10.9347343911045	11.2562902998845	13.4080799520551
4.10531276488504	7.44293895246295	11.551962896343	13.664652248664	16.3409204427941
4.86754344434155	8.63603170086583	12.3519297806362	14.1811060693877	16.7929060595617
4.81354209669951	6.81316278311249	11.0063247260821	12.3166150969159	14.4199056636711
4.81354180418407	8.99968568751643	13.1150071511517	17.845519270035	20.9747152145957
4.81354208875797	8.51858170425544	12.2682244843579	14.169560975222	15.9275364478719
4.86754344434155	8.63603170086583	11.5053211128997	15.1713124000216	18.1932101204548
4.0892545651335	10.6391033654722	12.424026823373	14.1138409582187	15.5404906838131
4.02211967264964	6.58389725050722	8.60619771963354	9.9165921813501	11.6363148134292
4.81354191398623	9.68158353284724	12.0949034731557	13.0995501719292	15.8220400199602
4.86754344434155	7.66112119233469	10.6793319514448	13.3909908411003	14.2630327288228
4.81354189031885	11.5256462922385	16.2290520194187	17.2482566042374	18.0299616116716
4.10531276488507	6.15373533678064	11.1923993453362	14.7230155838297	20.8987304945354
3.7547125590944	8.22319929457109	10.5085839442876	12.4517924987854	14.1142545087993
7.99958399222186	11.6882247300202	17.4121719461043	20.8254009333082	23.1332329213949
8.71703179612831	11.2593771459682	12.3169971383315	13.3539191112591	14.2912201941488
7.31716075820117	15.7043584062767	18.841773948602	21.9539424930699	24.6335155011981
3.77813517453245	7.41444061674326	10.0423346660721	13.6640987022024	17.4804776786859
4.81354207325796	7.65033134882657	10.0913463747813	11.813101041588	14.483200607216
4.10531276488504	7.62539662745007	11.1555349263752	13.8793602141647	13.2675698329984
4.0892545651335	7.65033134882623	11.8226115885151	13.1688945269885	12.625485138608
3.56199160097771	7.51800656049056	9.53043253286518	13.6191044233781	12.2669712452688
7.95866514797677	14.0800978373501	17.0608378326071	20.0157009364567	22.2892091092709
4.52264930842534	8.89024361517642	13.1658551002213	16.0088081357036	18.0159191172155
3.7781351745503	6.22429824616518	8.60773461870269	12.5693916006981	14.2159579914164
4.02211967264964	7.11833914963535	9.94822978752154	12.8235359168208	15.7227253232256
7.45310330066729	13.3318126577728	16.2238300269986	20.4669278896765	22.6988830457847
3.26659418791007	6.48321584517674	9.70597721213812	13.0542898135081	15.3843556687593
3.77813517455047	7.78574070142867	9.36980793217629	10.8321799363003	11.7183307162653
3.77813517450494	9.70464178985321	11.3559010507798	15.9549475861501	17.4699700615915
4.97407992303141	11.067488380253	16.6912891304322	18.7697470867906	16.8042640281017
4.08925456513356	7.17584010114564	8.89546596291791	10.589263895262	12.3019398211263
4.81354189411837	7.97594831244908	11.8299308109977	15.0822064891341	16.631104190484
8.71703179612831	12.2438424119389	14.7142331815307	15.0892658022975	16.316372801029
3.77813517455166	8.23237997431607	10.8522643737689	11.4713041436217	13.3614183173707
9.04165400012334	13.02319174594	14.2089315565158	17.1892849274714	19.9099484691749
4.07481147582456	8.61456374581212	13.9818847953054	17.0911188051617	19.2482116592499
6.22812147066315	7.84591111607978	10.3784334797993	13.8676518360231	16.4199137226728
4.08925456513344	7.62539662745007	9.77965519744959	13.4796256825058	17.1031726671801
4.86754344434155	10.4559336377987	12.9520957294497	14.5164557850268	16.236482364371
5.65923533924433	12.7729632623488	13.6566806813831	12.6009603521765	13.9751226763989
6.15546375674143	7.62727713362102	9.05724345810955	10.1798620744744	9.14640403597122
4.35979645820953	8.22319929457109	12.2507306210866	14.9390904598685	17.5236540591883
4.81354209499329	7.53181665167455	10.4678905202498	12.0991292953941	12.6408911834745
11.4767167388994	13.6724142356524	13.5762139805335	15.0791955815563	16.4939864564227
4.4136434432325	8.22319929457109	12.4446268687467	14.7721269111292	16.1122636610987
6.08618037875345	10.8981428961681	13.6532096602684	16.5990882528056	18.6767385067191
8.22735073380937	12.3014923246815	15.4958138177991	17.3398682183516	18.7223774568716
12.8361522044689	18.1440743118953	18.7570390052388	20.7185187420525	20.4706298898241
6.22812166229289	9.45360656477158	12.0206805434205	13.8233912130605	15.5453722695095
5.65923533924433	11.9333233717024	16.6150614598059	17.590881999225	18.4016354628837
4.07481147582524	7.56896520594864	10.5561054937237	13.8275297727339	15.3406442071058
4.08925456512964	7.39048556683053	9.5466943035691	10.3843791300822	11.2981467663515
4.86754344434155	10.0233679180708	11.155534926399	17.344224142125	18.5002058924727
4.10531276488501	7.1651946371619	9.47317880731123	10.7143163605054	12.6816609737411
4.35979645820953	7.41444061674326	10.8233052525464	12.6229908730702	12.122810415447
4.52264930842534	5.90683947760448	8.78376989411692	13.4021231643148	14.8315319239829
4.8135419351679	9.6819865185654	13.3230239603683	14.9411191837063	17.7136147880922
4.52264930842534	8.24460395417572	13.0054619301069	14.780826715961	14.7562886762465
4.10127484408116	8.27640784132393	12.1181818129442	13.8977407989986	14.1892400991735
9.0940388148918	11.7243272766952	12.6589022912433	13.8758983130869	16.2992915959295
9.0940388148918	11.7243272766951	12.6589022912433	14.4621390118052	15.4495007745741
7.50462090519125	10.8172573692332	13.1585872550091	14.0703422136115	15.9325168682303
4.35979645820976	8.61456374581206	11.2812566248244	12.287859803052	11.7613546868855
4.41364344323244	8.18330853484997	11.5834443981714	11.2044323756048	12.9832178318517
4.41364344323188	10.639103365472	15.6469446734632	16.5851917295939	14.70466383746
4.81354171743197	9.85812648768842	11.2848498524174	11.6304923528066	15.1357995955364
5.65923533924433	11.9333233717024	14.7080035285749	16.67072554014	17.6876166426035
4.02211967264964	7.38125086962856	9.69556720895906	11.3532895128718	13.0934384157634
4.35979645820947	8.61456374581206	11.3248392760763	13.4189910022922	14.2867833167167
9.0940388148918	16.097661525036	22.3491450677626	25.1220391262598	24.4563292409473
4.81354178931753	8.7594175962505	8.84363340060833	10.4370196409761	12.1226708193045
4.52264930842534	7.26772860826185	10.9347343911045	12.6498676429039	13.6897926167211
4.35979645820964	6.98193597966758	9.83801161850505	14.2216325159877	15.8799905960749
6.22812160217046	9.64072419079741	16.0565815739885	18.0752980969312	19.1243947890775
4.41364344323273	8.18330853484997	11.5834443981713	13.4131573433866	14.9979665398482
3.56199160097771	8.05976686880916	12.2691051267398	15.4953471729411	17.4741586037984
5.60492119441193	7.1651946371619	10.0344307800614	14.5231633779019	14.7416061933314
8.02863869220374	10.9523370956942	14.7022465518118	16.831692682542	18.9114496852561
5.06531436941231	6.55099119051312	9.11079906221278	10.3407293921472	11.1788380329605
4.02211967264964	5.83075240574931	7.5261135422424	11.1618431109101	15.1960350955933
4.02211967264964	5.99085998501926	7.24777055875086	8.38228287872244	9.30454885140148
9.0940388148918	9.98293452782121	11.5850204017523	13.603018446306	11.4601913046468
7.50461982029822	10.8172573692332	13.1585872550089	12.4167502217274	14.1937108767319
6.22812166146133	11.799179588914	14.7620978392767	16.6911781714487	19.8497683375692
4.41364344323154	10.3120781833407	12.6036347177442	14.4167883172609	13.1970196170156
6.22812166214385	9.45360656477152	12.7883894630523	14.7258135703703	16.5572173587923
4.81354198076832	11.6528015198835	17.2402920652278	20.0386742822913	23.1416847536766
4.81354204874145	7.66555531465343	10.517252683332	13.2687887761385	13.5410784744871
4.81354170605971	7.53181665156245	10.6046978267371	13.4644835778079	15.0001624338399
3.9854630512786	6.06206004263083	9.10497530547366	13.0189896295412	14.6086578334481
5.25979861097272	8.23237997431613	11.6020490928601	14.568746993758	16.104130043099
4.10531276488504	11.5256464662912	11.7449790773255	12.5155881599463	12.0673809320374
4.10531276488504	8.12489704703864	11.8789189561405	17.1622099485355	19.8535509563297
3.77813517453581	9.85812648768842	14.1531405712965	16.9543901079882	19.0259246034924
4.08925456513441	7.19565155285966	11.56486834356	13.0781589403904	14.0116205727125
6.2460887021835	12.6862341290269	15.520641284105	17.8170423718808	20.002837107902
4.10531276488507	9.01838704183041	11.5507827115032	13.3539191112674	14.2912201941494
6.68660703226448	9.10355843325971	10.8387926987649	12.3017269706601	13.7378203675565
4.35979645820981	7.1651946371619	10.6633770165933	15.5740727066644	17.1777251712071
5.60492119441193	8.23237997431607	9.33676502602481	9.98418706672464	11.2871422268744
4.81354201409414	6.61529304969775	10.8324616586155	12.59330964048	13.0800192224043
4.08925456513361	10.639103365472	13.3448367971639	11.16232361225	12.4631088160558
9.97010951409658	12.4678773710623	13.7253012444081	17.5864988133785	20.6317620572514
3.63343397412569	6.48321584517674	9.51709050411688	11.508687368223	13.7231738764321
4.81354196254483	10.7320985266153	14.7210957573844	19.0798428364716	21.2898096598707
4.07481147582803	8.05976686880922	11.5148431708438	11.3490542492683	10.5178972522257
4.08925456513384	6.81316278311255	8.6061977196336	11.1913153698391	11.9906361753794
4.35979645820942	7.65033134882651	10.8402681608674	10.7737722822344	11.9116953072119
6.06762429287505	13.3799983350366	15.6469446734632	18.5813267137413	21.0014727243348
4.35979645820964	7.97594831244913	11.2812566248244	13.117597977786	14.1508859705164
4.07481147581606	7.51800656049068	10.1738715272181	11.010700293449	10.4308003774514
4.3597964582097	8.47246382759033	13.7913892976721	15.811154884342	15.4420278417531
4.81354204300817	8.51858170425544	14.0580468127029	15.3378238059418	12.5641441957001
8.02863847129356	8.83344985254377	9.87673291971538	15.3773888228906	16.1743765371604
4.86754344434155	9.43405517214529	13.8819956536978	14.8545304389677	15.8988825788559
3.7547125590944	7.99051180597945	9.32694621499559	10.4601162381742	12.2322655386144
5.65923533924433	8.1248970470387	10.0560140247293	11.915588389199	12.8319097122134
4.35979645820964	8.24460395417572	13.0054619301069	14.7808267159599	14.7562886761891
12.4608711022278	14.1794970907633	14.7206393471962	17.0785427631635	17.5187492305389
4.07481147582757	10.7320985266152	16.0035296525677	17.6207367742023	24.6743498093238
3.56199160097776	7.19242519370653	10.1738715272181	11.874345408013	14.6941122664707
4.52264930842534	7.62539662745007	10.8324616567535	14.1547584824483	16.177616191171
6.68660703226448	9.10355843325971	12.2694669143435	15.5849254031291	18.7285019997304
9.46454584496831	14.4593457973188	13.3819055871793	13.0387739073111	13.7317052517917
12.8272366832107	14.8557993881792	16.6723632226747	17.7261002955646	16.9744034932121
4.02211967264964	7.65033134882611	10.0913463747795	11.3879105666636	14.6365535512266
7.53730659356762	8.40284835507515	10.9674591296865	12.4517253171003	13.2808381929437
6.2460887021835	8.89024361517636	13.1658551002213	14.9260905208828	15.7516646931542
3.63343397412578	6.90904628404076	9.11836987701759	12.7728829095368	15.0682905495206
10.3451351860642	15.347640464771	17.3810092491652	18.4879506385792	17.2701117467033
4.08925456513259	7.4913849503522	10.0858481080408	12.3262951094592	14.1661864321427
5.65923533924433	11.1046852028726	12.9013400320222	13.7755272551921	13.4292882992229
6.2460887021835	9.86932218875182	14.3808324717431	19.1564235819027	23.493649999175
4.07481147584912	6.70173033439102	8.44899526874622	10.7442352722283	14.0630203569402
4.35979645820964	8.54550568168094	11.3988288233683	12.8921395164708	15.0246423966814
6.22812166261207	9.64072419079741	12.2669608455089	15.8334996260386	20.3179480250605
6.68660703226448	8.28289281486667	11.1923993453362	12.979690113936	14.2423123459074
4.0748114758324	7.58806000017046	10.5561054937241	13.8275297727339	14.5679733642504
3.77813517451972	7.41444061674332	10.0423346660721	10.661843218649	11.5889361385588
3.9854630512786	9.70464178985321	11.6188544786905	14.236226631787	16.0765369042836
9.46454584496826	14.4593457973188	13.8427817846545	14.7299407463441	13.6804952816595
6.2460887021835	11.5256465743384	13.0558626674859	14.3768958031586	16.1233074353772
4.81354131037955	6.81316278311249	9.13864351888657	11.0635542231641	11.995288976994
3.77813517450784	7.11833914963535	9.94822978752154	12.8235359168208	14.7344728947313
4.81354111570727	6.70173033439119	9.77367109740823	12.5302831874328	15.1820613851162
4.07481147581862	7.62539662745007	11.3184612644865	14.8725779024158	15.6532601003343
3.82858188842843	10.3258313507689	14.2486883838805	18.4256216304524	19.9373498831217
4.35979645820942	8.40419247771666	10.9245827431193	13.723992831648	16.4377280308026
9.46454584496831	10.2886566667891	12.4368894149651	18.1053831634032	22.20862188381
4.08925456513356	7.19565155285966	11.5648683435588	13.4285419343538	12.248471412708
6.06762429287505	14.1981759655387	18.4209243062146	20.7019381642851	22.9451674178309
4.97407992303044	11.1777572234468	12.8992628419348	14.0708507419516	12.9589867241577
7.50462280410159	12.7053122548734	18.4486471776401	18.7817299748904	20.8405367064771
4.08925456513407	10.639103365472	10.969597176034	12.3118124086459	13.7470203472187
4.02211967264964	9.79517121361914	15.0334445274804	20.0749233278138	25.7053454112641
3.7781351745395	7.62539662745007	10.0423346660722	13.4796256825291	17.0290455716255
8.02863863763935	12.1244591705249	14.9028031376145	17.7221304832933	19.5072285046027
4.35979645820964	7.60236214398748	11.1287901531382	14.492682247623	15.6730274871295
4.08925456513384	6.81316278311249	9.90263103144008	10.8913183150664	12.2337722689813
4.07481147585941	9.70464178985321	14.4533172981802	17.6465147923855	18.0678479808797
3.77813517451665	8.23237997431607	9.14773849973159	12.1082904889255	14.2701087648305
3.7547125590944	6.58389725050716	9.1049753054748	11.5651002537384	13.5956436836192
2.92984590383833	5.66151105383875	8.26662687060605	12.3536725469352	14.490777942674
4.10531276488504	8.99968568751649	11.4509300000311	13.8532987717754	15.8257504261194
4.02211967264964	10.3258313507706	12.8494039843486	14.1958759573488	16.4504843707428
4.35979645820959	6.98193597966787	9.52698767503216	11.9892393360073	13.0072689093586
7.9995839922093	14.6433392909196	17.3453329750778	14.9390904598686	15.7160823833344
3.40684201412304	7.05478254096374	9.06191550251009	10.9725231523839	12.5752081609627
3.18922078124254	7.16519463716196	9.47317880731219	12.1445179047122	14.3068789623229
7.5046212235535	11.2519315628822	16.3135432464156	17.7624226735056	19.7833602740475
4.86754344434155	7.4913849503522	9.7452390091953	12.2872278779508	14.1258758549492
8.35865935678493	9.20457461173612	10.9347343911044	14.7550162428818	16.9000357315535
4.52264930842534	10.4559336377987	13.1103714121969	14.046148004799	14.0116205727125
4.02211967264964	9.79367297811439	14.8563485704334	16.373096291463	15.5051890832318
4.35979645820959	8.27025607370632	12.4470164168894	15.2315010773194	14.7453220068279
3.77813517451318	7.41444061674326	10.8233052525464	12.6229908730701	14.1331205271492
6.84425287419191	11.7234265976665	11.7354210853301	12.4146247893445	14.039337124261
6.7163114425598	10.599100181293	12.9822229809338	14.8310680263118	16.9818074897906
4.0892545651339	6.81316278311249	9.70597721213812	13.0542898135079	13.9370338120588
4.07481147582681	8.67510878503174	12.3196676819164	17.2850739208135	19.798990663131
6.84425287419191	10.878074504327	12.6712975142602	14.7826618030795	16.4721066393888
4.02211967264964	9.79517121361914	14.1200578916045	17.0281421055657	17.6560628242474
19.4442601614016	21.8764422657225	23.2043939063807	23.5279664512304	22.6731083355152
4.10531276488501	6.11298718822997	9.90263103144014	13.0045185178697	17.7181546103643
4.10531276488504	7.41444061674332	11.1923993453362	12.979690113936	14.5597752397962
4.08925456513379	8.09630829061405	14.9084259681472	16.9881936152175	21.5197928178128
4.97407992303152	8.93197012983205	11.5834443981713	13.4131573433866	14.9970250714879
9.46454584496826	11.4965650619877	13.1221131042315	14.9733725439937	16.8906633848949
8.35865935678464	15.1149204001715	18.9872793755759	20.0033792897311	22.2199448603888
5.65923533924433	9.35548745618985	12.0390544708864	13.7408907845543	16.7034143104428
4.81354141038361	8.51858170425544	13.3816225397429	16.3272268745016	17.6935949457244
2.90118512588859	5.04991151755297	8.78376989411629	10.9024774453833	12.8568039564157
8.02863877236325	14.6844118313958	20.5730552009705	25.8448305249366	26.7850325659825
4.07481147582146	6.21680773934293	9.68949961319674	14.2475823650292	15.267530708842
6.2460887021835	13.5455051578894	16.320791659144	18.3746913888476	19.4399732392267
4.07481147581535	9.70464178985321	13.1674337401405	16.5152277990204	18.8019163412257
8.35865935678476	11.444861175224	12.3310177302047	14.1616259007333	14.2231203320165
4.81354178950784	8.5185817042555	10.5035367346491	14.236226631787	18.9173988436153
6.06762429287505	10.0586924911375	12.7497959509699	14.6601802126293	15.6681977286904
4.10127484408116	7.38125086962856	9.69556720895906	11.1194477773706	13.3007583110036
9.09403881489175	11.7243272766951	12.6589022912432	13.1258391235218	14.7620367270613
4.86754344434155	11.7515138054948	14.5857622815476	18.2045811276016	21.5236057495124
4.10531276488504	8.01264566749205	10.2741382744164	11.8879883670762	14.4063103936942
4.35979645820976	5.94317246337738	7.30610604751985	12.5428952943535	13.4055888717343
7.45310330066729	9.81141598477757	11.5385626493924	13.0871664555553	14.2102401379294
9.0940388148918	9.98293452782121	12.2692313315154	16.6203502561068	15.7740944139961
4.08925456512628	9.70464178985316	13.1674337401405	16.0416050458919	16.9550068493629
4.81354162773061	5.67236174310386	9.51873239356297	12.1517057578637	14.0651051819606
3.86052588928064	6.61529304969827	11.3226128867885	13.6557152590558	16.0679142569112
6.15546375674143	8.02677291845265	10.4679812582266	13.4149550450463	14.4679119815052
4.0892545651339	8.04305238995897	10.1675231302288	9.60453788756035	9.55782387135935
4.813542091692	8.51858170425544	12.2530160743307	17.3706533634955	19.2908525486802
4.07481147585924	9.70464178985321	13.1674337401406	16.0416050459103	16.955006864036
6.7163114425598	11.412690951871	14.0850275474784	16.9408574538041	18.7891615927421
4.41364344323171	8.28228206149021	13.1958119307772	15.9955057845303	17.9816018480593
9.97010951409663	16.097661525036	17.999000589796	18.27246794972	18.9732171153844
4.41364344323227	5.67408860165699	9.09721902366573	10.8339578175828	12.1996863388447
6.7163114425598	7.46579878597703	12.3979152653479	14.3414744777695	15.4222966649601
4.02211967264964	9.46951696945433	11.3674663652912	12.4344711198087	12.3843134526046
9.46454584496826	10.2886566667891	10.3839319863716	11.0785857595592	10.2800514924834
6.22812165193255	7.75605035266454	10.5021804190026	11.2703039037648	11.9515866138882
6.84425287419191	13.4002762702556	18.360919973462	21.6157207457951	23.8995471091863
9.97010951409663	9.66717085177305	9.51093712452382	10.489773153844	10.3448001477828
6.06762429287505	10.8981428961681	12.7224239348367	12.7859516848576	12.6960398228082
4.35979645820964	6.76736231330602	8.8902837850415	10.5147792733959	12.2150212379991
4.49940548009602	8.06164504002186	11.3410439316487	13.2207629970197	16.6376499928725
3.75471255909446	6.98929159334324	9.62945264369779	11.2781348710381	12.6983868846733
11.4767167432565	16.7768483943131	16.1775373219715	18.5438541385378	22.4324393851227
4.07481147582612	9.79367297811433	11.9472241069308	14.4578372921943	16.8339756731263
6.7163114425598	8.22967918059459	12.295898187129	14.1387933042614	15.2749396193336
3.75471255909451	6.58389725050694	8.60773461870275	10.2145047734861	10.9904502129905
3.63343397412572	7.19242519370653	10.502180419003	13.1101312181339	16.6938496050866
3.8285818884284	8.05976686880922	10.1880630984499	11.0980486075331	12.9414936373698
6.2460887021835	12.349302707567	16.7436169357482	21.4901050483887	23.5445969124954
3.828581888429	5.94052516488819	8.11875257623649	11.3173314869969	14.0294751039533
4.35979645820976	8.24460395417566	11.6681210075803	12.9468283887184	13.6047022712216
4.10531276488501	7.63602531103123	12.2584739629421	16.2234373937791	15.1814741532489
4.52264930842534	9.70464178985316	14.4533172981803	17.6465147916372	19.7761555106387
5.25979861097272	8.27640784132387	10.7486922922182	13.4373726174916	15.3546243808802
9.46454584496826	13.476847964148	15.2655369840356	17.5842514093317	19.0804338052264
4.08925456513367	9.01838704183052	11.5507827115032	14.6823396609466	18.3510935800101
7.99958399222248	10.9391137099913	15.246305648143	17.6830038511858	19.0728180944625
8.35865935678407	14.6844118313958	17.5148834500482	19.6511345045531	19.2038998260579
6.06762429287505	8.40419247771666	9.83801161855939	11.8879883670729	13.9145142645127
4.08925456513373	6.81316278311249	8.89546596291791	10.2145047734862	11.6856420904086
4.97407992303215	8.12945094446445	11.1227311158949	16.266828605289	20.4316050370109
4.0892545651339	8.82353597255951	13.8057987087524	17.2562934608093	19.8925326290575
4.81354195269427	8.31547585332095	10.7021716835166	14.7348898691653	15.2003119376192
7.50462146377146	9.84971454563714	12.0959533112553	12.4574140888911	14.3358208529014
4.97407992303221	11.9675045945361	17.6629035062544	19.8389704782639	20.6054709941849
5.25979861097272	8.89625381289	10.6976823283824	11.077589766826	11.9927299570178
4.86754344434155	7.07831539811411	8.87649824299018	12.3949963841152	13.5790529766745
3.86052588928067	11.3355016738872	12.2791900624019	15.797431040683	16.5429730012663
3.72522102536396	5.79111592128567	8.73449930951216	9.59666646784666	10.481575641688
3.82858188842843	7.41444061674321	10.8953338914032	11.6417377331398	12.6816609737413
9.97010951409652	13.4842658456158	16.5265819563381	16.7472587922091	19.7342407695478
4.81354207532468	11.6528015198836	12.4310850284436	14.3070689541059	15.2498634107799
3.7547125590944	9.70464178985321	13.1674337401405	12.7258509257692	13.5275454611573
4.02211967264964	8.05976686880922	8.71698734771678	11.5925623699	13.7056676755363
3.36441116053692	7.66555531465343	11.2698705105044	16.2981979266063	17.1130976270807
8.71703179612831	12.349302707567	14.2168828236136	15.189741081082	15.9818321065515
4.41364344323216	10.639103365472	15.6461662995254	21.4799822270749	19.7484702618204
4.97407992303147	8.93197012983211	12.3820127536677	14.2086514321722	16.0184490075413
4.81354205044255	8.12489704703859	11.8789189561405	15.8232693105941	17.6763006461061
9.4645458449682	15.9903642207362	17.1580616527661	16.517138783198	16.7109544008372
4.08925456513384	10.639103365472	15.6469446734637	19.470842411855	19.5907089099364
6.84425287419191	14.3271886474196	17.1783498992975	19.2754707013085	21.1791007125676
4.97407992303152	7.59255961711585	11.0931846495033	16.1495976168841	17.4096419394407
7.50461769501732	10.8172573692332	13.7672183512322	15.6798366616662	15.0859422786329
4.97407992303152	8.93197012983211	11.5985166892339	12.6498676429039	13.3558284817643
3.75471255909446	9.70464178985321	14.4533172981802	17.6465147923824	19.7761555106387
7.53730659356762	11.5722325059186	14.7622484671474	17.8127833283417	18.7006610128302
8.35865935678424	13.0861966789692	15.7657985381489	16.4750295791846	16.2512292640312
4.35979645820959	9.01838704183052	12.685536115689	14.5902288578433	15.3602079260891
4.35979645820953	6.98193597966758	8.23330469541929	9.96234124772502	10.8398358550288
4.08925456513236	8.06164504002192	11.3410439316487	13.0089650572774	14.9053873128144
12.3491849797521	18.0697417078631	20.6007843820872	20.3824518837323	17.6957824760312
4.08925456512611	8.22253122671469	9.88036168845878	10.9221665527293	11.3093909051056
5.65923533924433	9.4821756631203	13.857363538168	16.755457494745	19.8409610772815
6.22812165755369	9.86932218875182	12.5297717968203	14.4314262205486	13.3197601002828
12.8361522163386	18.1440743118953	18.7570390052388	19.7983281382883	19.9489656564742
4.30446959248758	8.05976686880922	10.9518949366807	14.0611338461391	16.6328306776692
4.35979645820964	9.13746039358534	11.9747847096076	13.8010672435696	12.9285436212024
4.81354197768172	9.68158353284724	12.9715412057706	15.8922012168626	15.1600954542491
7.50462326945831	14.1541500405006	16.0476592439407	17.8433207423442	20.6746237409976
4.81354201865179	6.98193597966764	9.52698767503222	10.3457646437853	11.619459905257
4.97407992303164	7.99498605614281	11.9747847096076	14.4217691536966	16.9023366859642
4.52264930842534	9.68198651856551	10.7370279834412	14.3808781130779	15.3561365629557
4.52264930842534	8.12576922405123	9.90263103144019	12.5652279929178	15.4360906717497
12.460871102228	16.3670200097986	17.1729425959854	15.2906983380649	15.867690308273
4.0748114758288	6.70173033439096	10.5561054937235	13.827529772734	15.3406442071056
4.8135420497639	10.7881930612288	15.9190322775412	20.5739437909722	22.9297036496869
3.77813517452415	6.10734739262023	9.39592763993926	13.2173866482204	16.4479683173316
4.81354200711962	5.48746153520426	8.52561892494765	12.1225188906273	13.0046229701888
5.06531436941231	7.97594831244959	11.079924441149	14.1448429712882	15.590295091529
4.35979645820959	9.56296257801193	12.6986709041022	15.47585262249	16.4572141498962
5.65923533924433	11.1777572234468	13.9027647905836	15.6681694831805	16.5073497820927
4.08925456513379	10.7881930612288	15.9190322775412	19.8770174745911	25.1127396471705
4.81354209357505	11.6528015198835	15.8960292156911	20.6419016658672	16.6203940532542
4.52264930842534	7.5180065604909	12.3196676819163	15.419007425226	17.8349290147884
4.41364344323199	11.444861175224	13.8524882940029	14.8074729123433	15.3977804834159
4.81354152963758	11.3078323755745	15.892536267329	20.4669278896764	22.6988830457861
4.35979645821675	7.62539662745002	9.77965519744959	13.7631159730491	15.4322680660268
5.65923533924433	10.7881930612288	13.3467491767615	14.2400947687702	14.3647425571426
6.06762429287505	8.77109905870924	9.79133369176003	11.9079649161127	14.8926155654412
6.06762429287505	7.61925051110114	10.4670806468448	14.2475823650294	15.9527482298398
8.02863874713972	11.5472684142975	13.3699264091692	14.5442870048448	16.9053055263334
4.35979645820942	7.65033134882623	11.3232734726985	14.4671490344069	13.6700856339359
6.68660703226448	9.86932218875177	10.9808194548067	14.7169686031519	16.662590306186
4.10127484408116	9.79367297811444	11.9472241069338	15.5613658998449	17.2116646607093
4.81354165357146	10.639103365472	12.424026823373	12.1594865654457	11.1226234303771
10.3451351860643	13.9681997909465	15.4299171481098	17.4717941970607	18.5316068547878
4.02211967264964	9.56226938605198	11.2177007719322	12.9559020737885	13.8601055208426
6.68660703226448	10.7875931355502	15.4757736150534	18.1167083634372	19.1428282150407
3.77813517454842	7.41444061674326	10.0423346660722	11.0041349264837	13.2639646916178
5.55666777382987	8.37353921852088	12.1699297066111	15.6313776329699	14.4817147019387
4.86754344434155	7.27650377107659	10.6190818493447	12.9330346989433	16.9051755899083
6.15546375674143	9.93720483694807	12.2521547167827	12.6059002711528	15.1351126892496
4.08925456513379	8.04305238995903	11.4509300000312	12.8137436296935	16.3597374718807
5.65923533924433	11.738669731047	12.8288228577553	13.8909088411103	14.9556024202296
8.35865935678476	9.20457461173601	10.9791514697467	12.9680057257265	14.3010405248911
4.97407992302902	7.52064567167213	10.3637730212561	11.874345408013	11.5581093021549
3.7547125590944	8.35479027596119	12.4420922076222	16.3045849259641	18.4288578844136
4.08925456513396	11.3078323755745	14.2023811688892	15.064730483194	14.1968743832361
4.02211967264964	8.77109905870913	13.1842962649201	15.1248848299484	16.667489479315
2.44483492178747	4.53089421859659	7.21865706261485	10.9609756649835	12.670944356681
3.26659418791007	7.03022955157877	9.82365854803447	12.5314258466204	13.6134908451475
6.84425287419191	9.26860565370032	12.5898144611728	15.0989077970764	20.3689944093011
4.02211967264964	7.97594831244908	10.1738715272181	12.1996789874383	13.9803069663072
3.8285818884284	8.27025607370632	9.90331801062393	12.9211927272247	13.5695624460079
4.35979645820964	8.31547585332095	10.7858342016157	13.2616982652341	13.8994708895769
4.10531276488504	7.90707590800707	10.9092766153781	9.56962395804106	10.9583110419778
9.46454584496826	11.4965650619876	11.662146021363	13.8114501097383	14.8897483231028
4.81354134047814	6.70173033439119	10.5561054937241	12.5777714569306	14.0625518442753
4.81354158473937	8.18330853485003	11.5834443981715	14.8228233480183	16.3919082827416
5.60492119441193	8.28228206149021	10.3046734079737	11.9988186943978	12.3436744696146
4.97407992303215	7.62082939176355	10.0038710220689	12.5260211033606	14.4807681572037
9.97010951409669	14.4843612004803	15.7167257333458	19.3701818994745	23.179411959938
4.35979645820964	6.98193597966764	9.52698767503216	12.9141358819018	14.0130685522578
8.02863831959309	13.7498718482996	17.1409061045359	20.1310614590134	22.3019063991372
3.86052588928064	7.58810556769089	11.6617642437812	15.1249535961422	18.1731255028708
3.6197219677976	5.92697715307219	8.34524039007249	9.982396862386	10.9036083058469
6.06762429287505	14.0191009490229	16.0073273637292	18.0889489891826	19.1688092970975
3.86052588928061	9.04686593283844	12.2791900624021	15.7974310406824	18.0430839438481
3.20404346061622	7.1651946371619	9.51873239356303	13.7151027940967	14.9763830995099
8.22735073380937	10.9784121079258	17.4677378974171	19.8279192048138	21.0846482760901
3.72522102536396	8.09941539209382	11.5526013845527	15.3395567058453	18.5891905867635
6.68660703226448	9.10355843325971	10.8387926987649	12.6621753480931	14.5510386250572
4.10531276488504	7.19565155285989	11.5648683435586	13.4285419343541	16.212384111719
4.10531276488507	5.86601282445707	8.48771933304494	11.1208807919835	11.6812083538461
4.86754344434155	10.2475449257295	12.7803326596153	17.3189338133043	20.6845644230799
6.06762429287505	10.0586924911375	11.8400512045279	11.9051486123464	11.6512662088348
5.06531436941231	11.444861175224	13.2860649682168	13.4032655721516	15.2661350415665
7.95866514797677	11.318845036389	13.1665272742517	14.1304510955538	13.9268477859814
4.81354134786926	6.37206932565903	9.70597721213812	11.8596371900337	12.8134476213626
3.36441116053771	8.75941759665545	10.8604339089982	15.0847256337619	17.8067697398902
4.02211967264964	6.58389725050665	9.51873239356303	11.7071401185835	13.1091124563391
3.82858188842837	7.55607662432169	10.7188570293899	14.1138409582187	15.5404906838132
3.77813517429161	8.23237997431613	10.8522643737685	12.4328213250679	13.4863634200274
4.81354208804947	8.51858170425544	11.602049092862	13.2983910743127	13.9870448414281
6.84425287419191	8.73344349199203	11.1227311158924	13.816748631955	15.4448176094118
4.02211967264964	9.11819281158319	13.2959765280366	15.6777318227695	17.6598362835056
4.07481147583533	7.73559069362199	12.9690611500716	15.6304170449908	17.1344261382823
6.22812149372822	11.7991795889139	13.739019020087	15.6925308977239	17.6478766573252
4.81354201994134	8.78144898248706	10.482198279794	12.2706762573098	13.2015477104292
3.9854630512786	9.04686593283856	11.4219805598333	14.9641492829711	16.6074993835757
4.35979645820981	8.24460395417572	14.5070277084991	14.7065155963258	17.0922945548141
8.22735073380937	12.8646293424672	18.5538145306842	19.3676376655555	19.0248273156531
6.08618037875345	8.39470487689948	9.78265198925158	10.7875606099402	10.5826061394732
7.50462382001029	7.64752985475008	9.70597721213812	13.0542898135101	17.7476458511766
4.81354204772344	7.96356994291511	10.4678905202479	11.9808555388665	12.9124046953239
5.06531436941231	9.39530485993333	13.4374326716468	15.3173262360953	16.4026330807224
9.0940388148918	13.140333259433	15.082910408755	16.8894759099262	18.1923365169005
9.46454584496826	11.4965650619877	13.8587474538922	15.617648838867	18.2837362366727
3.7547125590944	9.70464178985321	11.6188544786902	13.3915955537497	16.1321854687682
4.86754344434155	10.639103365472	10.5770920186537	13.65871040118	17.757695253031
4.08925456513242	8.12945094446445	13.6303117759758	16.5851917297406	19.0329407279833
6.06762429287505	8.41849081017511	11.3945321774754	14.2380044298533	15.7492560967788
9.09403881489186	9.98293452782127	11.5850204017523	13.3926788276411	14.5847550441098
4.0748114758207	8.5008534682139	10.2790766602076	12.123829463957	15.1828793027819
8.02863874845531	10.4552843657686	12.682836347592	15.1379518293038	18.9419356519454
3.90676822122975	6.64619173817221	9.30908648870212	11.9972171840034	13.9346266847723
13.006386545888	13.9726182937321	15.849389549503	15.3415450077025	17.3174619694709
4.52264930842534	8.89024361517636	13.1658551002213	17.213556483085	20.7277752630815
4.08925456513379	8.05976686880922	10.9674591296866	12.5314258466204	13.6134908451475
4.35979645820953	8.23237997431613	11.613124663395	14.5131102058195	17.4964066797502
4.35979645820953	8.23237997431613	10.9347343911044	12.2011691538308	13.1118138114873
4.52264930842534	7.38125086962856	9.69556720895906	12.1996789874383	14.5966366315432
4.30446959248758	7.53462209633511	9.47317880731254	11.0953203459503	12.7692345289359
6.22812123760974	12.2438424119389	15.5978764719545	16.1824844159305	17.2221249662423
4.86754344434155	8.67510878503174	11.3559010507798	12.9166865529372	13.850653946849
4.35979645820959	7.06016365799599	9.52698767503227	10.2528437638243	10.8164154711753
4.10531276488507	8.12945094446439	12.5403920451488	18.4154086477099	23.6882702450429
4.81354165639948	7.82655014376866	13.0621998641144	17.3610659927525	17.9827901134363
4.49940548009602	10.492691792352	12.4067501499877	16.6138618754972	14.7461001057021
3.82858188842832	10.7881930612288	12.2506753119804	11.2541140295401	13.0097651991572
4.86754344434155	7.2440498477751	9.7480593184863	11.8596371900338	12.8134476214556
4.81354120956479	8.12945094446445	10.5937602724399	12.8949778602283	13.5229763207248
4.10531276488504	10.93911370999	16.5512443289298	20.4205410180217	21.7015632268468
4.9740799230301	11.6528015198835	14.7770215282475	16.5896761122751	15.6547404387279
4.08925456513373	6.81316278311249	8.89546596291791	9.42973265358688	11.9730966042296
4.10531276488501	7.63602531103294	12.5403920451488	18.4154086477176	21.5863427810667
4.81354178927967	10.2300518800286	13.8748967916919	15.8313891824564	15.3606088362183
4.81354130205546	11.1777572234468	16.0218449240415	19.3492860667274	21.7644221814332
6.22812161577065	8.24460395417572	13.0054619301068	14.7808267159609	14.7562886762925
4.9740799230301	10.4559336377987	13.1103714121969	15.7418791562433	17.3062778035088
4.86754344434155	9.56226938605198	13.7870962660436	15.6461848608978	16.5254600965025
4.02211967264964	7.38125086962856	9.90263103144014	13.6514262658269	17.989370966849
4.49940548009602	6.6029033306188	8.06959993220778	10.000251245832	11.6506449792942
6.22812165654267	8.04305238995909	13.6303117759746	17.855199485191	19.4732885882759
4.02211967264964	9.79517121361914	16.8154032241625	18.8931035756664	19.9734240396914
3.7547125590944	7.51800656049096	10.0102912007138	11.9913194289381	13.2893571189396
4.81354203544828	6.37206932565903	7.18246205177229	8.89740489711653	9.24711923439713
6.22812156133079	9.45360656477152	9.914583224963	10.0297609453953	11.1568712303601
4.86754344434155	8.18330853485003	10.9080827825495	12.4039518036126	12.9940795248644
4.08925456513379	7.19565155285966	10.8141210436056	14.5761292137785	19.1935930576335
4.3597964582097	8.82695445579657	11.3990804032258	13.2309695465389	15.0833156623345
4.10531276488504	9.70464178985321	12.4878808126443	11.8879883670774	13.9145142645127
5.25979861097272	8.175011665905	10.2643811658734	12.5314258466204	13.7779354878736
4.07481147581936	11.3355016738872	15.9392920477725	17.8353382369829	19.5567980500922
7.50462338391083	11.2519315628822	16.3135432464156	16.8524458740957	17.8379977211283
8.35865935678476	10.639103365472	15.6469446734638	18.581326713742	16.5829631345028
4.81354163653947	7.63602531102669	11.543144102635	13.2783581944552	15.5397534926929
4.86754344434155	9.43405517214529	11.560823375079	13.5585991526685	14.6653874131091
4.35979645820947	7.51800656049051	9.52698767503222	12.4408711074717	15.5122931922033
4.81354202780466	8.32153045434973	11.1935225458781	13.5747860474301	15.5254471829501
4.41364344323136	7.38530236165752	7.71667333425677	10.7442352722285	14.06302035694
3.9854630512786	7.65033134882628	10.0913463747822	12.1937069672156	14.2519030173239
4.81354169228507	6.8039454474299	11.8226115885152	14.5774222260365	15.9984294045729
4.81354139412446	8.99518750703396	12.1937773730123	15.0442985324575	18.1183368639165
5.65923533924433	8.11805574647087	11.4451258145866	13.2075035466038	14.9133707937654
6.22812155236403	12.2438424119389	17.785980644393	18.8405338688766	17.3638749615939
6.22812166031281	12.2438424119389	15.5978764719527	16.2635546680277	18.8598441724613
9.4645458449682	9.56226938605198	11.2177007719322	9.49055196041888	10.26369867285
3.82858188842846	7.31918116621688	9.24337107810499	11.3167404388155	13.0963973284089
4.86754344434155	8.63603170086583	11.9747847096076	13.8010672435699	15.7911933688649
4.35979645821681	9.70464178985321	13.0054619301069	14.7808267159601	16.2945666061215
4.974079923033	9.90580740926066	11.856328293858	13.6347404936782	15.1681393205188
7.31716075820117	9.78391166914002	12.4713543718785	13.718203078076	15.6963185870082
3.56199160097771	6.83742543834438	9.09721902366567	11.7713117786561	12.0027653618951
6.22812165524869	7.84591111607978	10.0011027419005	11.3597719684126	12.7117914620459
7.99958399220952	11.420191992812	14.4745424129788	12.5693916006981	16.7301725908713
3.77813517451909	8.75941759621361	11.1655588219271	13.7151027940967	17.4004665018649
4.81354156978404	7.53301533800322	9.93216003142828	11.3989213428351	12.7771635279166
8.22735073380937	12.2559816999044	14.9141004535352	17.6767729003827	18.7387972173825
4.52264930842534	8.12576922405123	11.9956106206678	15.9925943703702	17.6826588050261
4.97407992303215	9.05544975562418	11.8563282938611	13.2752017203567	15.1681393205202
10.7441500874026	18.4479771627808	14.5679544772569	13.3648181111124	13.9454834676803
9.0940388148918	10.7881930612288	13.0269056375783	16.9100864082505	17.8472206574448
3.86052588928064	8.61456374581212	13.1617587126678	15.8236991533378	17.2490614546411
4.52264930842534	8.22253122671469	11.3324592913899	14.1087647550571	13.4028907678031
4.52264930842534	8.89625381289	11.2260573304293	13.1924718932735	15.3301119259162
4.81354188224742	7.16519463716196	9.79563307331887	12.9211927272247	14.7502248487885
4.97407992303221	11.9675045945361	16.7758380011642	20.8127500548016	18.3845244415231
4.8135418641325	8.51858170425385	12.3196676819164	13.8777280281789	15.7979568009671
6.15546375674143	8.66595619949283	10.0707299992017	11.8071926992367	12.6933388989693
3.63343397412567	9.79367297811439	13.2173213041917	16.6075645870429	19.2043742675393
3.9854630512786	9.42168457142373	12.1840361407403	13.604634201361	15.3060957042469
10.3451351860643	15.347640464771	18.4151664712052	21.6705317896643	26.0802433184252
4.08925456513367	8.04305238995914	11.4509300000311	12.6498676429039	11.9553924137342
4.97407992303221	11.9675045945361	15.0879708900129	18.2136859300612	21.2626240311824
4.02211967264964	8.82353597255957	13.8057987087524	15.6651073915709	16.5650219205943
7.50462364836528	10.8172573692332	13.1585872550091	14.0703422136115	15.9325168682303
4.35979645821658	7.19242519370709	9.25707773366196	10.9275031115254	14.6453544357047
3.77813517452665	8.05976686880922	10.9674591296866	12.4517253171004	14.3961176363474
5.25979861097272	10.1092865200325	13.6303117759695	16.5851917296154	19.0329407279729
6.228121654787	7.84591111607978	9.6585379453482	12.7380021316267	14.7044360542889
4.52264930842534	6.81316278311249	8.15354201793991	8.97248245652503	9.66277600697748
7.99958399221038	11.1777572234468	13.7118587611047	18.6219261783863	21.8636927200362
4.97407992303221	8.93197012983211	12.3820127536678	14.2086514321723	14.5925048627199
3.63343397412564	7.05478254097017	10.5021804190024	13.6117224816698	15.5421540868628
3.6197219677976	6.22508823039652	8.94518403254085	13.505495807092	17.318821697411
5.06531436941231	9.23269242075185	13.6517296751761	17.2698082297168	18.90053046064
4.10531276488504	8.1248970470387	11.2606675119603	12.7728829095367	15.3324117419707
4.81354144996243	7.01699722396876	10.1091518755589	12.8438121577938	15.057432135408
3.77813517428865	7.1651946371619	9.70597721213812	11.8596371900337	12.7340738820126
4.10531276488507	10.7320985266152	14.7210957573845	19.0798428364741	21.2898096598707
10.762326358202	13.489022478284	15.6924052538336	16.4896101836313	17.2354804537021
13.0063865380209	17.057174035297	18.3283275833274	21.5314272369926	23.7795307619007
4.08925456513396	11.5256465741228	14.5841280708162	18.1627046691806	18.0779315272911
2.90118512765045	5.01775408705129	7.79853450936349	11.8047702077144	13.7206988136504
4.52264930842534	7.5925596171158	9.61072038677162	10.6458387436431	11.5139159597232
4.81354208973005	7.19525032744457	9.19495721101657	9.23864444635143	10.5164450478549
4.52264930842534	8.89024361517642	12.0843093256732	13.9180484349431	12.7685063289626
7.53730659356762	12.4917614616594	14.6366596879375	15.5266073221229	16.3345480367661
4.35979645820959	8.82186790721505	12.4069502512685	15.8110509201717	17.8597052097915
4.08925456513361	8.04305238995897	13.6303117759689	14.5656905503969	15.5251786403512
6.7163114425598	10.599100181293	13.8314560466113	17.236930444128	20.3639741666457
4.08925456513356	6.81316278311249	8.89546596291791	10.8913183150703	11.0785214329598
9.0940388148918	13.806595934451	18.6773163372698	21.9357326629017	24.2216126562625
4.02211967264964	10.7881930612288	13.586818645952	16.6402697854835	16.9796461716701
7.99958399221094	12.0915498744416	17.1330907887287	19.1011777969877	20.3425798539901
4.35979645820964	7.65033134882623	9.23432430435412	8.93799328112618	10.0809599730287
3.40684201412304	6.4832158451768	11.1634246839192	13.4987403714727	14.9802135668186
4.81354188729193	9.7936729781145	14.4288024678607	22.0478685790448	26.6644805095549
